distance_km,traffic_factor,time_of_day,eta_minutes
31.003450732527337,0.3643811027533902,0.41445255631975453,42.93048508208431
17.66736190213168,0.09508639165618399,0.2829071372028646,19.442886140383283
34.372197212473026,0.4553387413910211,0.060044664310416176,49.27680924721979
27.955247556562682,0.12514306242669218,0.7927775888287191,41.60947406117843
3.948258445928451,0.04876666711828479,0.13981898138003876,5.687895908767324
39.02976959514289,0.39893426674308874,0.20424677998083507,52.855987322065744
30.493360139216044,0.5242987600373024,0.18873260999569422,46.40919855093885
31.485359350022758,0.6833178451251145,0.7263531253485626,64.1151169282844
5.2989225804867255,0.6262684431634429,0.6109507141788244,11.773706693429645
18.12536032824357,0.6857924102052386,0.3658638395514693,34.574460040105485
14.957761364456731,0.6080550166567125,0.7643384271614874,30.861175186684825
37.085246556174354,0.5625915175249115,0.04222670462915339,61.910126787638156
25.825831779210446,0.008110055312559705,0.7149363049773217,29.782174671976108
32.94591220817903,0.5008818494473685,0.048341868550527335,45.12091649222614
17.847885113327777,0.09638544331129416,0.312904556747651,22.710160139164344
9.244101127034119,0.04693370586603285,0.04320390270119177,12.464444825788371
22.272474523230223,0.12512972168452433,0.7991751934061483,34.54681488431371
2.7399267929461777,0.6586337291534002,0.7315116020004814,5.2929763368479446
33.13972064530477,0.5950795144800172,0.46783916419698496,58.629316812929865
25.34024308505818,0.7590179241641699,0.17427565919859644,45.57839442399145
30.371892055397876,0.7831810069203284,0.2214221801579754,49.4919873838502
14.31013353156876,0.7146271890991858,0.35963469284569627,28.279865898913187
38.83378137091715,0.10634084078159933,0.2582241459938766,45.21704952923797
35.74622062862347,0.7027061927399844,0.017051124347952574,57.311353794562905
31.17966318353572,0.6709097078309163,0.5250048064937077,51.465991432902044
7.946620572508309,0.6968686878877579,0.49074232327464107,13.328478353409695
18.77549594833596,0.12134849369319314,0.7234485625750726,27.68318284195101
1.9433898783317052,0.09343346221865403,0.38148323208436036,3.157194298348484
6.340721784288403,0.7390471036672653,0.27576716943871027,13.49128963769558
27.385348339049692,0.13906131930760363,0.4092137463342136,32.87226742008853
29.841533805131117,0.29489738483408096,0.15575599271667173,37.01207650722576
38.70688735088156,0.3647878795952482,0.5004322814598291,58.04795662481605
13.167849253898446,0.09955402226365156,0.6160263062321293,17.710284621394045
14.94429630018778,0.016507430426037927,0.12276937070055371,17.38104470217823
18.888321288777153,0.7952723758136929,0.25470657410826336,35.998607556518884
7.74096009155457,0.701325795867969,0.694240783493119,18.208446044730696
5.370875912351771,0.7298703434805098,0.40442539890705753,13.183184632766299
19.13305606379216,0.2276504554176948,0.4254693173420374,29.418300458073436
9.230992092225186,0.17608125819635126,0.5779265576426813,14.385790694466282
26.85859698836391,0.34069324654034133,0.46231425217706124,37.09726519860466
17.59864637111876,0.3626554951824055,0.05566381445905533,23.527258707229873
33.34059220310193,0.004479551091392509,0.6431693694904287,43.848726091589455
28.070551059689514,0.6234024900478663,0.7382688297987743,53.97418781432091
12.632192327005233,0.7973336305136138,0.042621786392649776,21.222240656560693
33.323940095529004,0.4229526960816715,0.09699980516604079,49.933324911752024
32.22962142837272,0.310606956009961,0.5615801617659844,49.979789344848854
15.62163948540094,0.31420151457696266,0.48357914601162044,22.889828216547343
11.675458536423713,0.07686170573768054,0.3060135991773967,17.137313059668895
27.363321058204022,0.2129294546912094,0.4313989191522971,36.25644103169181
5.76214884765053,0.40170623090770496,0.5626708544008471,9.503768005464124
8.15634645850931,0.3454784009077579,0.4035811695047435,13.163469454256063
0.4930183360900194,0.43602779659448815,0.1121506597085194,1.87556257008605
31.519590224585105,0.6792525189099253,0.07154882330663215,52.50959201124819
26.661064092362878,0.1801938421596896,0.3510869881507054,37.75509602536509
28.265582069328133,0.022131344725049563,0.738307806279067,44.85309102543091
31.27301543467432,0.030580356226192595,0.44622333976679507,37.02695824911157
18.464847866425927,0.1073350442454867,0.28657605521427926,23.52364304583439
22.83589959892517,0.45638638784352203,0.7269649356168284,42.52032019661684
5.763920525480766,0.6465478480303398,0.3109057249431505,11.243252409756913
4.7582969267317425,0.7094447514245052,0.40731718474750017,9.718267309048407
26.80243787926077,0.508090561579977,0.09319946450297696,39.38498466041727
18.94962900449667,0.3225146019607148,0.589920756415505,31.040054711756696
22.696397037951314,0.12361176652491795,0.5602423657149725,29.86270918643091
30.646954525157817,0.32113467155478326,0.6353951942874633,46.66809460516842
25.461789136023512,0.26593210712622684,0.26015305074221073,33.22874151728935
22.23246014618823,0.6960207046857102,0.34884257525295354,36.70593035627226
22.456444997667457,0.3893755019284858,0.13467336922175868,30.714596871052414
12.297213902891963,0.18095671996362306,0.7716039008771995,17.027403977223244
1.4265498158039882,0.23104085345262393,0.06886187792630612,7.646367415451823
17.58135209144802,0.10917613163415121,0.5192106429398459,23.262485341694983
8.740469978217261,0.734868359255305,0.564205915652149,18.331754465113303
16.459440020240518,0.04027667698917484,0.1261891789207837,18.85152508745805
34.16544231607301,0.01027699884471538,0.2922585646643919,41.89885110404501
9.51079153744056,0.14639114682149498,0.034501253409986624,12.917054623780778
2.5204491192248275,0.6486992143285006,0.4452866060693128,4.516617456555068
11.39907890247546,0.41877342930486505,0.7959505142588994,20.193106852472976
11.885031559114006,0.5006746299015891,0.3439079654577271,15.754350668795402
26.54427728613042,0.28618534033258786,0.7920065762983493,44.398140047713575
22.369879663182875,0.054942388439336035,0.10098033904717002,22.977284598908987
31.399148722435253,0.6849265299937346,0.31396347461423657,52.62860466621259
26.63967890503002,0.15351541770032595,0.7215719760387775,39.45398694440615
16.374197085314805,0.02644736043609175,0.7013563853259778,24.121566598850094
32.59801130970818,0.458163308746555,0.25887326229582736,46.1643084363767
6.845522212326616,0.06663137630768086,0.5428884670146653,8.38253039434933
1.103940510727647,0.07660948148786738,0.7089281372462326,3.55275962296985
3.7839048588705415,0.6403016251860202,0.6135019729225822,7.285585377189634
28.94990215373872,0.3932876714543964,0.502780957546334,44.803583847908925
18.582713764005216,0.19320676179771443,0.12206049164801805,23.1977956750251
6.618616805537351,0.278901138687615,0.05840215405645077,9.527030911616716
20.141582049113868,0.5833927830745372,0.4916977438532488,34.54848138374818
6.262021687984102,0.05308331580528147,0.4002205325512865,10.733272174707086
27.91355092809389,0.09318449274656793,0.1904293277851875,31.68739838336034
17.95701976784642,0.49300962799245573,0.23421583596721973,26.31024691247137
15.36464479864,0.48557738757368585,0.31366974176112805,28.574881003497723
12.200181148085484,0.7779697476282975,0.39641668169800454,19.46778277078785
25.285247206131757,0.2996395850043597,0.31220717527073005,39.9860334164542
14.600141900024937,0.052062101742012694,0.3098333376687733,17.156381349683453
3.68846678878082,0.43002994787970233,0.09258624904908236,8.280311019675986
4.896634904396509,0.5106774494094323,0.6924723346042746,9.161197833631682
38.48352704907068,0.11168222862899926,0.48732326542247545,45.17983815340304
36.36151149016276,0.4422895788281574,0.11688174768160949,45.6899913481904
28.04834392566783,0.1582136973266117,0.33909952230234863,41.337382397988904
10.781624466088878,0.6757840463048548,0.3333727296236364,28.737761276539953
38.77321981843941,0.6681291966270638,0.4804967027912982,68.42261991347719
31.19428597783862,0.34370327679875345,0.4870956942794653,49.28136816568918
28.732229528528023,0.7733945524102432,0.5161777095838099,54.12336261064007
18.084587785322785,0.7838190995597933,0.558322445875046,36.912408458452994
11.035214161437327,0.1034008711580956,0.08268323690321316,12.895249850837512
4.036360293709271,0.2941710438659741,0.24393776045824966,5.6594148849580845
36.1235753824449,0.4802571760373157,0.013878255338137892,52.49943160888049
18.33989633537772,0.06787024766515551,0.36371320966430637,25.807953670169397
8.254061918850166,0.30612440305130967,0.34354406226422984,12.510930265330606
12.377073641195969,0.20893766721327262,0.587461544143583,19.10941083035039
23.252938843887456,0.7616401767733634,0.13369355728628893,38.11419767223327
7.235556760981422,0.32926865826517643,0.5051955657004087,15.624349200151894
34.293248506876544,0.61013668683801,0.24535535834412175,47.638132523426876
30.38907728744136,0.30936429080973904,0.30553317984775935,45.92391247641508
28.834625646847282,0.10544965633506838,0.5754294898971634,38.79008070424762
17.397302983049126,0.690521224128678,0.05723843885886026,28.835602043008233
25.166891859957236,0.00033353352248308713,0.27422631114493,32.56553281162485
23.447099162726875,0.04475269917956002,0.3130585841117215,29.210877487156232
26.063894741881832,0.2915075247176346,0.572599449481335,36.480918007702755
3.560883981367586,0.5495186044149892,0.15937953205656052,6.289048157780913
16.74913460639026,0.2733634362326206,0.7579303949523705,24.64034923735013
1.8562441197033204,0.05305025409677997,0.7982095622353266,2.778166547415254
19.860834605931853,0.25427202698731904,0.6551281126560443,27.505952356023187
13.328476250844854,0.19598468719212986,0.2397700011708225,19.685463357356966
5.952062716868666,0.004335839854558365,0.5310933232582837,10.961780353506047
4.315438115357555,0.4278415305443215,0.06651842535834644,5.88157116654329
23.588253972672938,0.09331673179534886,0.6970234525652086,36.76191291039874
6.9896001477680665,0.2299970310373329,0.412794297008219,14.130444889592466
37.01978071139653,0.5129518641779316,0.14115133305582858,59.29586568528033
23.32623336007572,0.5800925510583818,0.26193324764936204,43.124249842374184
14.005418220486513,0.21076450148481804,0.6405941955903799,22.229568040528914
23.718436560960384,0.2633549368521872,0.6961814139416371,42.72145529435735
1.1075940669819604,0.1975273905019722,0.4157707095475388,2.2054277555187123
38.350656687009526,0.7655108802529536,0.38424920024853854,73.10888895066361
19.39567679032743,0.15241578158992228,0.6005877972426075,27.663149203162867
31.352862044561387,0.14654448290694103,0.660951698014844,46.42108192700576
3.492653996913055,0.35602823666522565,0.6118774499166565,4.13690870442651
19.56900156735878,0.15144508736045534,0.30754244018736615,26.663675873459518
19.73013837530993,0.1253667650284865,0.5135406092874555,24.9506691316296
37.52549290800432,0.0767036301608684,0.6858879266167421,54.42973530722692
22.954776484567798,0.5121369984865995,0.12140850723793567,35.47730846315424
19.04487816206676,0.4896658039215169,0.3105093480919705,30.045606656086107
10.825631391057362,0.520130313502373,0.045295107100211764,15.818731661680907
13.396446094233575,0.618640006407517,0.3271018285499199,22.169585993325622
20.9227616183672,0.26108641023406065,0.6178256671349192,31.714710448059893
17.668676120140855,0.7347389868895373,0.15762275474046997,28.01763770979066
1.0601607792371508,0.5865636888550049,0.43350972089950696,2.4763253050413185
33.086418582935444,0.6437668708649495,0.029268586737461712,48.93288701236812
35.86719871922271,0.576769731061369,0.7181199925853265,68.05991349884836
5.781913742144709,0.28676451634604944,0.6560037559203611,11.364579671065211
22.250638512854163,0.22642599045010794,0.41952735342965275,32.716702804806324
4.521314497190653,0.33801365566321134,0.5646295967775599,6.498466843162725
26.955155702984502,0.07762428842668677,0.08313293189508714,31.836730136520387
11.39310459679253,0.3610244012527577,0.6761675971178964,16.489239738399025
26.44502086073769,0.034512786476191874,0.5722092248574171,35.27007724960496
29.134385648617926,0.0031567680217555964,0.0959739173800644,32.90019659293162
30.792170178322745,0.7451991515797542,0.7845514280950221,68.84774231937358
4.488089649044683,0.5514694884703143,0.01802435536515734,6.716478686854545
36.6572714364768,0.4494775576527752,0.5028086900742189,52.37996633326983
9.362516837616255,0.2728816315384463,0.13740399739265338,13.070223255671833
1.689019735811955,0.4564304117480593,0.5754061193756294,3.8787644527127885
22.283128281781035,0.7132606210706655,0.05632500317502318,36.28082164051911
14.962706897725061,0.5219041071550917,0.0648807062744929,21.397144781390594
33.22563177667004,0.4819855983628034,0.3730333924505058,46.814704130968295
32.36840858815921,0.36816360237734247,0.7952075723215304,54.59602935015304
12.822127934344069,0.2765576245206864,0.221212991816521,18.034840528288605
38.12539592377585,0.5588376911373695,0.4900225286052181,63.66428379704329
11.778529957976719,0.7847847528126515,0.4148792594993884,23.331966775098234
20.699273743422236,0.33980615481647214,0.67369568772035,35.484770533330654
10.387410604590588,0.31376416321136064,0.23087168616412815,14.53034365769127
37.454534087948744,0.342490777892034,0.443955504569189,56.481555027592414
6.751391139764322,0.3404351744397772,0.7604988120841447,13.104543844181935
1.9874426518146935,0.7924998186947961,0.26606864666884605,5.5474804664319
17.51686298812091,0.5654226060074725,0.35152446504814483,29.922987117545077
39.69654744942231,0.28734755936847334,0.7110506516029371,62.687429927816765
35.68875519694558,0.29720189906137806,0.26599908578756626,45.964074238925896
29.994599174386575,0.3446375397952446,0.30453901170705244,42.999630321260454
35.65354113696529,0.029369750064359757,0.24329504710215863,42.341407158963136
35.75917625997496,0.422253121617,0.6476251002600584,68.8954631750718
20.85056274338067,0.6491047612182118,0.7443095763502239,41.1485728685462
12.77397626286556,0.5284542345660085,0.5048791045335246,20.65221945080875
30.92609479801732,0.15873667740923328,0.49890410500772203,41.546828185386424
26.53411827407689,0.582427393102696,0.3120028957705401,42.442143530364724
15.071577609173659,0.5755668850656243,0.009986999657197338,24.29163127872237
3.9597733888483075,0.21003137251919768,0.13915007905885865,6.3712530313091
29.922226531691233,0.49829972548554813,0.11795068367218758,44.370342431305524
10.645928533730013,0.48875922649754894,0.0927056022504294,16.298757077035347
37.48516339124441,0.6718300990849453,0.5232378528427163,65.62870279595862
9.790628885226251,0.10885784946675302,0.1090791618990381,9.11455473102811
5.085765709977144,0.1558708036092182,0.06850716202937539,7.9619148200703425
33.27828435057126,0.3887756030142442,0.30606520524948655,45.759654377183445
6.300715801654863,0.03531611911384563,0.19921813037431885,8.01975629106066
7.3348786646780155,0.3324753580813653,0.1166884365087058,10.694989087868839
24.055435102529568,0.6305752335997786,0.1169023004468544,35.725954799623075
35.00756922533109,0.11897151518719858,0.20496456542621264,45.12220509021219
8.018099695440014,0.3679589895492199,0.42947981070083313,13.906161024073276
12.55088218142377,0.7918153867059557,0.6064764800730011,23.551964578477744
31.140712561998864,0.4047360107398915,0.6822213146017115,52.613396806714526
38.8786917572265,0.3986590592976724,0.6011342797910801,57.148524613051144
20.129499210853222,0.4470348669793345,0.5025706077633366,32.01124894999979
5.927120601539781,0.14880349626619296,0.7260996620155866,7.107557973688731
0.7546642507864214,0.11773110614875543,0.4157894421874005,8.32776012786805
9.340309993954438,0.5418837032920868,0.5066854726829532,16.468045782678836
5.446524267903537,0.31661344792461615,0.32929644026549476,8.0609247830848
27.170815209791726,0.23192530257238061,0.26190736070459686,37.49209910935806
5.048933684215538,0.02511329593591807,0.2653694235690027,6.379184449175659
20.35193127850119,0.676840397742786,0.11865382536983421,32.41029345352045
27.83164493858688,0.025863092675866197,0.6372781205390812,38.816497434442844
23.328441046991912,0.5999864992666555,0.04429446746683503,34.7150060780295
8.151070936070292,0.3055908471988648,0.539748195011616,14.606795923921485
32.20415614205405,0.47895024840372014,0.6915681542696287,52.947705443179345
28.673203758708905,0.19814240055212987,0.39794267758829377,37.32661936373622
29.61156335583856,0.12431973298565852,0.05616062547324017,36.311930659561284
5.416098511981067,0.42671040066795796,0.3427339693095127,9.770544283656875
5.125401385283715,0.5564941559633149,0.2745812823058799,9.167137544141347
37.116989530059,0.15639463595611725,0.7884314554395446,55.015764361853286
16.023612114232638,0.3490871579460514,0.5530121612951555,23.71871890357508
12.1777579328814,0.3557239762331166,0.5770878438631359,24.131849219197107
19.645645004991025,0.17278331926357027,0.4126615351697848,23.446595522808753
26.58199566799058,0.45203955700170484,0.5675314035536773,46.832798343285255
38.233805630469405,0.11674854942536053,0.5780567813777345,49.97209983877834
11.600559829905787,0.40779933865486406,0.053087104596883886,17.594408381572855
37.00737548661868,0.0907452090927996,0.1780852195818163,38.92334873804084
1.1894077571730013,0.38843392708410995,0.010374044343108846,2.697749332374695
22.29688208460762,0.24927924390044548,0.4078459247428575,33.982196686639924
25.432209444907183,0.36179703366522803,0.7006398838688213,42.812126746516
4.414716669279981,0.34699948755453935,0.48764362775626274,9.73584122183209
5.785515963143722,0.7263464982548743,0.40016602224616754,10.383984906209465
16.88074990878889,0.39194847996517024,0.740772678088512,28.34595445159319
38.65603010329863,0.6547991231014996,0.13777480881740312,62.72542921956558
23.922493618728037,0.1805219143293722,0.05968344652614857,31.12795072662111
37.334324219688405,0.28166623570740706,0.7338445891277742,54.392936538538294
32.21356444139624,0.06007150450655274,0.7222254039350506,43.349344365526896
18.8017877419006,0.3365982358571949,0.5463779889703596,29.40647328451875
31.433585280237057,0.5349599096599448,0.1967833296768416,50.919589635125895
0.9099040022841118,0.670533627287517,0.7758112197634967,3.5228971569408776
4.54393107127625,0.45273192943932417,0.6122770814430614,9.74817345918572
33.211258872332905,0.5120581356744628,0.5391156668677354,52.755111288887214
31.913320115341435,0.14181366209355853,0.17832905921235823,35.81642059746116
9.459101530264059,0.0297648305867515,0.41047133730649255,14.202608910622487
21.324629705842327,0.6333505161418529,0.6580609930375999,36.3069809031302
24.319429663860433,0.1336305659530291,0.6882081797858288,35.42020223512999
34.73601036028524,0.07293562842620194,0.4491440926410144,49.7857973656562
24.20366486208128,0.7500498567252762,0.41823507497541135,46.79375705086882
16.620348457092476,0.7708170912473413,0.5581470626461125,33.104503034744916
15.09252492760587,0.49300583328199576,0.4225990754499783,23.264832871753264
17.15010703766569,0.30290981814983475,0.33414483045252874,23.13332421899415
26.14685481808297,0.6665916327712416,0.06833520913951095,40.36078086027449
34.72612714374253,0.16377596746832995,0.1008397405724641,44.929883950596206
18.265095906636727,0.34351386194374556,0.6082203745605339,29.391517506838785
10.064014605464052,0.2856138392004814,0.019731251699414455,14.073462928474475
9.619162047303728,0.7301599925933453,0.041844020638086926,14.704148566679192
29.891368353689163,0.735821932289819,0.7237148624691341,59.20873373930391
32.69943678427163,0.5207087410589332,0.5631976907637479,55.27456732105729
4.390067578194174,0.0885921122181535,0.0033701775313168983,5.152607123855611
2.8490425068160907,0.385754231726642,0.2496346994838982,5.796991441885027
23.85845981750678,0.1962626929792454,0.6106547684764358,35.62170305701149
6.0176951188693915,0.7079325305475855,0.33408063998180454,19.214635294808073
33.02163478016239,0.11072223921296152,0.37503825828648935,41.80432995625256
12.55132002217816,0.04344822068856589,0.36703924883684436,18.335651390898846
5.926102932251477,0.5635432268400626,0.16170752260723253,6.792731914718489
36.85462480500052,0.3626288599745223,0.5771131503186088,53.73441986143006
6.788162564864071,0.6706919100824676,0.08240506441709572,14.097859284411548
11.531859277049833,0.05970370493544941,0.40580088443733686,17.264755400274346
6.313813128643933,0.640860906086274,0.13596466196748944,9.28961730108175
4.796504533881127,0.029867802275326663,0.0372262476617248,5.75615921126443
1.0416910501903134,0.02245600953116558,0.11459510755773464,1.4853413579294958
2.4047372847375525,0.36905260138482376,0.6954679490493935,4.232848472233707
7.150730543246937,0.17703303174452145,0.14091813182436894,10.606481342205228
2.3246009185615804,0.4749749656052245,0.22269536720988042,2.8106873080114405
23.72752388121665,0.02065359536917635,0.11047583057632498,30.15672893085959
27.29243816662035,0.028311633890382826,0.588436081326207,40.378270673802845
15.866492181914722,0.5817187969375524,0.35635933380520124,26.428695955393827
12.856045658691565,0.16813212999384933,0.7549080309160567,16.49599172538947
20.280144233484755,0.5251336989285869,0.5314596657983219,29.947453998831524
35.02519670093742,0.5999377292006068,0.42511137638941743,58.58043451585865
34.0750387475238,0.04746493257997395,0.5253047453025343,45.26188289594151
1.9303074681091192,0.6158031635713914,0.032340306567731326,4.511587024558673
7.423636701941658,0.21473697436902883,0.7605282081029524,19.402671411496787
9.62244586995496,0.3116367665597986,0.7651436883337985,14.474499277506903
10.12562551812203,0.06931135383625335,0.22091189484442372,11.738187112269394
22.935059539362353,0.6709039866918822,0.5026363861945069,42.10493834833883
16.76724454298705,0.4485830290606112,0.1615321953118997,23.39162338186886
2.1603139731182406,0.40373222227773775,0.4379774356803672,3.564380270069769
15.069842710690947,0.7748438487222046,0.6166313912995147,31.70833560408205
21.045367358961958,0.26760460795253666,0.7518573798443138,32.445169025334636
4.246541735567895,0.7126234291813569,0.2713735386125375,9.310464763162624
33.37165044078468,0.5757503048516834,0.5548042104342092,54.93220828827482
2.2680822853111495,0.7428225086817912,0.5731416914777435,6.827564455904935
37.008706386918874,0.7262416422099678,0.176919040931793,58.52842580017139
4.144703034879044,0.7928238440208557,0.5032257051947138,8.756517713675743
33.77428307359056,0.10534140162972605,0.5243370313502214,38.50698210249378
36.12559512831916,0.6368131136732761,0.6112608850768275,65.00124025751332
39.18691308734639,0.6435954839580026,0.799957805963627,77.34983866859308
32.120630034889025,0.5154988225427894,0.03218589554118445,42.5207871769286
31.223206122698887,0.22308876659056162,0.16184403494204647,43.39098645330889
25.770834384622795,0.7721186173026521,0.11606274553579254,39.652551950155974
31.204054912209532,0.16353771031216768,0.12354724193656202,41.6051515997358
5.555177894843253,0.39966030268675123,0.36339892849757205,8.726082889594354
21.53550783071596,0.417189690255349,0.70282924529035,32.64058032081364
20.666070233578495,0.12946347586883108,0.35897861525420405,21.98490555686587
34.331371336077794,0.5780230578665927,0.5347843182675306,62.2273789853012
18.619414750621928,0.07109373134419182,0.3011993140241753,24.94584738358565
15.526561944794066,0.5544782230773688,0.25573065224889213,25.499978767865503
25.654618195236978,0.6788923970325096,0.6673881478632339,48.95730122201308
10.805240036533672,0.27951714006591966,0.5244380080947357,16.639488519112682
5.762782755967483,0.5675366468793602,0.28071623046602884,9.878664866994077
19.21951550614508,0.12541920651827984,0.731328208997732,29.212707432209623
16.79219687007642,0.6767592011623029,0.3988092520941158,28.390869204586167
9.456283633049171,0.7616253588425798,0.1506197978394308,16.458538716723975
14.826970042582094,0.12215495479982152,0.386577489974145,21.500950546684955
14.782419503084645,0.5534875791778657,0.5397595503467806,28.311794297856014
13.234323463619308,0.40466487724522066,0.29369007140492986,17.890372928438627
15.302670373131772,0.4251994654659029,0.6750277890203148,26.54385117346664
27.492585149146624,0.5651917748805506,0.42651518448488074,50.41701864424401
12.015683687937154,0.3909923994691498,0.3742118239475731,20.50130575373911
37.96454548327055,0.48026111361417345,0.686969138610975,64.62793192634211
36.67065117761948,0.18472081552910177,0.3703342451729224,42.27705993951666
19.340235046343125,0.3028052771909042,0.3315281134806532,26.95270452580287
13.268775959186613,0.6921922800572017,0.08297311626679678,21.680421572056623
21.510304635234125,0.08792200931870849,0.2899935030855722,23.94583850257704
33.97270745319026,0.4780602087469119,0.3176386404504654,49.810129793062295
26.17297615429206,0.14742964978791218,0.14449785537959184,36.09622254407125
32.214794752293685,0.6772316783386976,0.4702585613705342,58.91400583353983
21.402346587416456,0.46323516308283985,0.11507365644027817,29.021985181090002
25.390121644851302,0.3224390261362169,0.1789518308831128,36.87202503047545
11.668593444461974,0.19985973892145437,0.4488735885801125,19.508245756360722
29.44874785994957,0.34947575935170755,0.21518685177978966,40.074080435016356
8.255702806403589,0.7660898607373938,0.5117346481026827,17.644141710891486
27.852965526976227,0.4073674317948965,0.5524105063365636,46.5190120843413
34.456618919370584,0.37559162535988816,0.24103232848532025,46.503463052977686
5.4576929246014485,0.5970190508002473,0.06991014519737596,9.019955748371663
24.652313673568404,0.3032376566655254,0.39156146706313466,34.25103933241403
3.984810779551397,0.34193915990463525,0.07431873607345373,6.359916179441661
29.083482005202786,0.26955818525729525,0.41218854521909454,38.521596774376626
3.5628301091761054,0.12073580426351312,0.5809742737031681,4.275464029554385
37.45040494348492,0.5710473713621206,0.4962638331766427,65.47112254753722
5.668835615504526,0.6984247311068991,0.3586141129696141,11.027032947925616
38.3634337871814,0.7244741193942126,0.7566868383180381,81.86234668222454
32.07519020818685,0.7046423504302237,0.0813977864657364,52.74612163416469
23.828543777760892,0.3614270419503943,0.704001205529545,38.73234448909309
31.348439364255963,0.22725295376255705,0.6401030981129625,46.32625382954648
31.845570591526815,0.5103389996806588,0.33579086429166766,47.273502181552594
37.85187710012975,0.7637639295248254,0.12229373752057154,58.12665254283951
10.284657482799648,0.581640518534884,0.124693428622113,17.496393049867166
23.685020635260702,0.39587884927212524,0.7374446085942379,42.78341790290571
3.9829580630631685,0.5510468596107586,0.18696373142260808,7.624621479279577
24.723394860960024,0.6180303299635176,0.6992925663902629,47.84246011156513
7.017393902892994,0.7354154090624566,0.4026361759442312,14.484133396089845
22.685034336603184,0.6105726031777233,0.3693877093818933,40.366293616862286
22.982734458547217,0.34655244450872447,0.4956090140670566,35.22127497088431
18.746209088652847,0.21888521477238732,0.17203126631458635,26.223990235293627
21.000744665422285,0.39990533178367305,0.3426965392477552,29.15787995032388
30.604150922262196,0.26254235568437745,0.7507875510439439,45.348431238522906
32.00993971718025,0.7542116741502513,0.19060554318299988,55.236830860235344
19.787697979902077,0.4063726747599698,0.7372668471038014,28.845288280983766
24.063818972599968,0.3776450687712067,0.795367757287343,33.85432825383943
37.26320218046605,0.27855697452389033,0.041525750460397415,45.19144080066361
4.965396822344688,0.5115255922332803,0.42510329807309727,7.625057126971213
4.860721922824398,0.41604102289675826,0.13745543975495086,13.256651404611397
3.6908186740485824,0.10323913831860523,0.49737140476534186,5.569432571344684
26.382958744613006,0.6953662486643957,0.7916341145719006,54.44322213605544
16.860610371457103,0.28721026571503877,0.7175047163345647,28.223070874349574
31.01799236244536,0.34606274396652337,0.7398787692850828,51.2722718090888
26.915010249681984,0.1645336453308633,0.1706798506496795,34.93832710356777
13.478782781463877,0.44271856609431137,0.4338556791114412,22.002595012471556
35.954988584989124,0.5616440499428664,0.1878648131159605,56.70752429159815
30.54877945341196,0.7049322565007516,0.719539766062121,58.47081701720191
10.967290648224992,0.04128613197781013,0.15292319445939723,15.847093518985256
14.694842307327749,0.7786655277595027,0.12316712992735984,25.107159598555004
12.71471121212966,0.5630541936162854,0.009730105371215015,20.25986271759875
6.472943615274986,0.22743894752921393,0.14555828806929735,6.879998580673629
6.081778227179227,0.16357980401117286,0.15181027748362627,9.374131973979893
37.45787304235461,0.23687033492367837,0.06199215002048933,49.855728962340265
17.628580680510378,0.7005806013331539,0.6941928827305271,35.84743347897637
15.45612894654091,0.23311213855676033,0.6239982469568992,23.687829552073616
29.241491205359637,0.3702569076457886,0.20358519787780543,40.025532495077584
22.209123997065415,0.5645904433937861,0.6266061626489621,40.15733903217687
37.4583714761708,0.6975918909791085,0.3377316374374386,68.69811187747398
31.255999457593806,0.5268569298768834,0.6204162474785476,47.81635749543249
19.278908652156705,0.6024873572275382,0.25840612146813885,32.422942214491314
15.179107044536881,0.13866143703676448,0.4517233811903017,21.770670591587365
39.467935487988015,0.7019262621529111,0.30528843356333485,67.51907345627347
28.766857392945006,0.22057534689448854,0.15014065361877532,39.84707226517558
38.057547468152876,0.10270253124521256,0.46850630720160064,45.205541667880254
4.915447373238246,0.7809954322725354,0.6006646399822809,12.26448775256502
34.05124043179315,0.1613119403633288,0.6024856996753192,46.81955819166333
25.55554058285006,0.10932157606238119,0.2850315346553948,33.628112461402324
5.052482797737481,0.5008167200814293,0.4149694147246624,9.892819854402392
23.612668398774982,0.25509051959687623,0.6110228788680692,32.88295040274085
27.50663533119686,0.10667936414439466,0.043598075618072676,33.958978321189605
0.6896468983663929,0.48089689377270084,0.05751066664068825,5.047523473107951
18.28185488130151,0.6071881817777884,0.3009781919776619,31.46027359083693
33.05090054561358,0.6345586993657253,0.17877728082317346,46.663108705711124
11.955289208694776,0.12441008080981791,0.2997168156401763,18.16460941000765
18.45021365558233,0.4454936543519538,0.07500246388769885,26.071013954993813
17.804102257302148,0.6509426965451686,0.47360642454023005,30.082571442105074
12.216710179411164,0.1288696091393482,0.5373924047954836,20.20331020104165
36.75398744151906,0.16614580141653992,0.633472406315125,49.50445673118942
31.295502610174328,0.001929117945342096,0.5204183504602615,40.31320529831901
4.601418757645198,0.4197073251162305,0.3171051160048607,5.365117434023736
39.88197938193541,0.15574535748956075,0.7479425798542861,60.415941011080434
35.19216096744826,0.5793940605815193,0.5810656128223924,61.50245666984719
11.499555826988749,0.7697710844940846,0.42214499666142047,23.1306536540991
33.508483870505344,0.16700439119925622,0.1654803266684738,39.40301245919875
4.435497368481038,0.5192776094108261,0.5191799893889726,10.023408728433576
39.9643682728747,0.1694675691668091,0.4733764200687649,55.794863614233265
26.694252497040164,0.0144054871837632,0.5466639991500373,37.23063468444364
26.074975619240117,0.6068433553716679,0.624899812246641,46.422801976954574
3.7995409339684834,0.3472037413207143,0.7320396951825793,7.388932099111624
35.90192927608569,0.7574294892117225,0.7592452730865167,74.27827503723387
1.354180227537883,0.42742870571472447,0.504148401700477,4.011257916527113
9.784956710037651,0.1259862951805472,0.7727648286026747,17.049885500067116
5.892270631632073,0.35981955343782235,0.7291379192004541,11.763545877469074
31.115364039550297,0.1623134358448132,0.0020914856121768467,43.25000009186691
8.088528243073334,0.7024234181492597,0.5100939729968063,15.432458078317268
36.443401439809236,0.5527225447100198,0.14277552786725087,53.675690390799915
26.319507765234103,0.27299104372376287,0.23615412356679874,32.35894167490323
1.6392758776889091,0.42225625824571233,0.23800015978847108,3.1950616466904824
0.4161073983222784,0.5355841505704227,0.38650371170968595,3.2428891319794904
2.255985097173077,0.6262861733163403,0.008692942394693138,5.774172900270745
24.31582207037956,0.06411776789643335,0.18863712641972522,28.684863246012448
32.09897607220473,0.018015073596197428,0.023296765567869304,39.06449273862818
9.69440226097006,0.09156215773591186,0.5204468525753904,15.769984150664467
34.0064719483383,0.3159970481380504,0.7114300629542666,48.880937371629884
2.4778312180997633,0.37336528806567365,0.7982309278655457,14.698489569323147
32.07836137493871,0.10916930417107872,0.358845513425678,37.94737903175481
37.12625812085676,0.3289225103196842,0.20811288823532223,51.972635149370355
30.929914284354343,0.3532982290894644,0.6824828773845539,46.885364821733965
27.98520720234976,0.08727197094198935,0.09052681403237824,32.80005988283195
33.55161270248425,0.7333279681565873,0.7793911848449127,70.89680971965122
1.7980217219732435,0.47931674207016606,0.5718699637745618,2.1983476266463806
8.230928006618402,0.31082842436502567,0.40314773229393136,13.471376147428042
5.171962436364594,0.4055257467777653,0.07732042985938668,9.622799709265113
20.28033340968086,0.2513579891750454,0.014556748567817124,28.25400857403724
29.858487507488007,0.6834648253156744,0.43562575798555137,51.6293868271891
25.274471414140667,0.460012033254803,0.33108040595201715,36.57327255096844
34.075017770525015,0.3959166515148348,0.6741315954896294,58.367178541062415
6.377477099155417,0.7287083224764781,0.5138443837547495,10.613564802622516
29.437919459019426,0.6703837585872542,0.3455170771965561,51.078658329351285
7.883051336582382,0.6502415131406796,0.18080564808095512,10.75861471632193
10.976198302448449,0.18048736338547533,0.38433776704960493,14.234623000260136
28.454206951795893,0.12249848917468542,0.13039542302892526,35.26069073542414
39.212150438967534,0.5520772157701982,0.5336101299785483,74.8493191204127
24.539435517887366,0.3749138050731167,0.48458325797260804,41.947037243158135
2.3691125366535646,0.5469701703654749,0.6480570945009623,5.721770571999109
24.729097003115804,0.6085017856888931,0.359623417793821,41.9460264079767
1.8855519528906501,0.23625080587580075,0.2229188264220232,3.591325299039929
35.38899931239933,0.22772034649824696,0.6691162873886044,52.18614872982387
28.4412157470047,0.392665253006547,0.5527976651679077,45.85861455348838
7.090488287615628,0.2188394508211979,0.5653673312474801,10.965757466380863
3.850496031803083,0.5338362208129597,0.4224676571250765,8.32572931526904
7.504622509436695,0.5973843567045735,0.7007828919094985,15.012999834081091
39.20508174625686,0.3776311568425955,0.1822268059772287,54.00853555537361
18.450713569847892,0.5790398124789146,0.3213536202823365,28.185154389036956
31.406421743988034,0.408350055256621,0.636986057331859,47.85281946642075
25.529052015889516,0.5702973775736074,0.10636872157494492,39.64113418766684
22.982043368353764,0.17997459823658027,0.6464875944129718,32.96879542893033
5.976184135668977,0.5910744367464336,0.2820761765846722,10.401057794113829
37.85177325161219,0.5720992187656142,0.10040295922429357,55.8966232942438
12.193436774085772,0.21328456563934212,0.06331958842818323,16.62626276801861
23.205085189140178,0.44477679283214,0.6744229750029874,30.828664915251505
28.05108259464483,0.6842493342995213,0.6228924365005085,52.17333210844058
26.03947957876329,0.1996181175779512,0.23043307631161314,34.09552795288912
37.63565750588163,0.588783827211741,0.09308975138998257,56.51484053289329
6.107871798818308,0.7631733737175097,0.19778754083017447,10.047571649849797
20.43243899018829,0.6929935358060519,0.1703901085549406,32.707112664850214
16.280568751482484,0.32121606614422094,0.5864445213537586,24.66656755065486
19.0719154334082,0.4857661863905108,0.17245046748553403,26.195007714116798
4.944857542670236,0.7934161074021632,0.1728788174141001,7.712222988632384
5.5369654729360605,0.45474992910057477,0.025814505999084327,11.040076773901562
11.267406722094043,0.09202208194429327,0.4774877506476145,18.395919448951627
12.327243229681084,0.03634460382300873,0.5511836386048858,17.087207057504546
17.230547904517728,0.6322516077952227,0.5227923751584672,32.46912196528612
24.517304372057804,0.3389026603214769,0.4548793249248628,40.049972244418385
25.458238873246867,0.19745031250335554,0.7728599590726682,42.425833205119304
16.590073684105693,0.2781376245287576,0.3781908097416706,20.449935094324882
16.469567755262144,0.6058982932371619,0.6881092064969878,32.91261879463749
8.861615362539085,0.3721978685070633,0.5168079283018711,13.85135480196891
23.614588686678527,0.6947995940207012,0.0673295525502688,36.021087827150616
12.818228270426067,0.5879404710221595,0.6480707687808714,22.357220030153936
1.635181404239075,0.7792113203563401,0.4675108333518546,3.0503152020480506
16.85232175744304,0.7108030134318747,0.5228205274603477,32.53301878803198
19.070480468588777,0.20363776942880732,0.14418194849908153,29.22107832689207
9.178596154527595,0.5272473862420427,0.34999207531388593,14.244609583889197
22.9838257382602,0.016434427622515103,0.7044659794994274,32.161070825993
22.71772163719045,0.7928853795436787,0.17234495446905226,40.80825386296449
28.139686808192778,0.20880488704207725,9.99252297549269e-05,37.96008757375451
25.988349591608156,0.5318360748988672,0.20600696969398005,41.33238840810059
26.166835649537052,0.6793228969596523,0.3900339593411296,46.32747493005808
12.785323242596915,0.12837173018237716,0.6570224346415371,18.24615579745075
31.53980243504096,0.6783034742483833,0.5146327204586808,51.141503079517776
22.05594646726724,0.00979653263265794,0.7352507751657407,27.665922932183047
17.370444168159626,0.3535817104683259,0.3644515453023148,27.769841256027934
25.11529674145407,0.37763009802491077,0.31265217836562986,37.032220504956896
14.554161911120119,0.2992725706069887,0.18513457327657062,19.19593691863966
20.607021935348975,0.46910779704039984,0.17444998763128333,29.212705496644762
29.520886401592364,0.7318738789621057,0.5888879176064483,54.34458228928526
35.47883489160357,0.2615912914402313,0.0642872984362473,47.835851041467954
36.85807645234863,0.4634079097331394,0.19417086786640692,51.25608891400628
20.244590422287345,0.7019700205946583,0.7087162076321039,46.02058210680844
20.906949566674648,0.6183963160811026,0.46153665447972236,36.66519080525291
32.03484234840069,0.0325866118443968,0.03727008725466581,36.423024911147024
12.71513753141921,0.7542326113021298,0.5634040386638284,25.9870359595158
33.52781802133373,0.037317523406890186,0.4053458942024931,40.13192025781803
19.86683753139345,0.4710067794994637,0.6836173819984125,33.69572756297991
4.811097628543682,0.46028289625213187,0.5459470980330104,8.307042537652348
3.067954053503159,0.6291121845618529,0.003557270382230904,5.988288832248724
33.71132979937063,0.11875444147918213,0.1645912697399365,38.15929969115782
2.4116030928937406,0.14349631365016302,0.20637096045195602,4.016601461923738
11.368335158119503,0.6016855461906885,0.56178583132932,20.2119025512311
13.498375611961523,0.11960380192930008,0.4074513421360754,25.39192168814889
7.085178918625433,0.3755561016525117,0.5979579976729305,11.226075492956673
12.69295611811917,0.5853184721687456,0.41029375902677007,23.003330366228646
29.759164155658407,0.520993543026145,0.2619076885572808,37.20967896299471
0.7843771736908165,0.16848334889047614,0.08292851736695149,2.7947182891219153
33.12150229592332,0.24316820694886845,0.16209767893498903,39.8174394645132
34.29061133826742,0.7751799225928329,0.3206240642765454,66.3337775115265
15.016010613023616,0.35893649612390716,0.44116344654542294,22.146039851861016
6.313793382613265,0.035565981149104434,0.7509099225524981,11.72168384972702
24.113448236214214,0.17566791957306613,0.19177614165320095,32.12089199650442
4.9629677234227945,0.27394807172947017,0.532867951557347,8.772805290609798
14.723790570914447,0.7995915234356687,0.12203672919464133,26.856631473998974
38.3454813998587,0.2421532379815349,0.5710024975378672,55.44907502779571
39.81948600882876,0.021116679026035978,0.009072701715183219,47.26280228058047
30.929774675912505,0.4103372620442688,0.5247359599436926,46.6767828946286
12.576268094846494,0.06688430797918166,0.1305741253716195,18.249512915955137
27.56906895681048,0.21925407895657748,0.14425955710465868,32.20018113661482
28.275173346263703,0.7939065408751513,0.44712610665166186,44.600937077894535
15.636099467513258,0.5637108151441236,0.30032923672696993,24.321586237246056
25.707367656529144,0.04053330342629629,0.377044120440669,33.108490059609935
0.6269602700319145,0.3589493748734368,0.24711110604500633,2.660498201344017
8.52049481236921,0.13731001010307944,0.7627736396226602,12.38388104741765
21.098514458096993,0.09835572512169702,0.23252488006551106,27.390021528640396
6.717301909480176,0.46965233067904166,0.4336379397884,12.731422636012244
6.803093341486038,0.4045247117121726,0.6834844444326762,13.296950621661821
33.48491076389947,0.5942932674524066,0.5313446498086569,58.68344302566524
39.5674935068075,0.7138449825854878,0.2582215575853765,66.93880511432094
22.327583235532245,0.19734548594532955,0.44194934669345554,29.385638947320118
33.5949752890922,0.7383935893243176,0.06639290098618193,57.32279734817395
39.61480224018565,0.4143934180432764,0.43654912216615377,60.21193060408613
5.835516365037233,0.20706793454809375,0.3451112706828336,7.615164079605398
18.040175407523172,0.6766286704820875,0.6063469656587553,32.5388670435518
15.82439409050841,0.028423934423218,0.6783222745072938,21.29682798239556
3.3859614891181637,0.4476075019783685,0.15969321731795125,6.4389435086197455
30.262140877230827,0.5772972280239733,0.06522872436861045,45.80443879894783
17.4644052874392,0.2239821497249146,0.3124455849958685,22.25976538977052
18.87921198077797,0.6907935340505743,0.42732032656043767,36.049061366780705
6.196784357766959,0.19222765068638792,0.30144155865201805,7.575414995125019
7.400880758788551,0.6718994261853913,0.5028489367984641,13.11640909088019
36.30272416181736,0.06283597106596579,0.4045210237752601,50.77813679381232
1.9770337411762995,0.12794207349474504,0.7493008277320719,3.754106196147544
9.467520940759508,0.30478766712152655,0.32751289865567446,15.940401251511396
11.823961346518226,0.6832444102385434,0.06599533835886594,18.84743382330966
19.709862187583138,0.11566829210142596,0.24154801691318167,26.246306935549132
23.540517885988876,0.7003505918353933,0.48471508989059564,39.47401626673982
19.83294103885653,0.183785221290235,0.2048200788856689,25.98128523511066
3.5477903153639048,0.362006718875623,0.21519076144450705,5.094353736542031
9.897964671417398,0.2821875234082702,0.2716579872178807,15.072712036489733
33.77481771354914,0.09450098129161884,0.5969134239272441,43.95037113071792
25.57603027904267,0.7554477916153122,0.7521065874351692,49.43553451584352
26.036132195344116,0.3505426326017708,0.280301307078224,39.18808968608277
26.874089562983926,0.5522650090849556,0.15639043180839352,41.73784057200874
30.563540157773254,0.4602141413312249,0.33650956173368246,47.58743800210554
2.512717572513604,0.40137273348176594,0.2814717543837009,1.8548693135954353
14.791013720317972,0.4932620988454792,0.7920199312985408,28.301307483386502
21.67319192341481,0.7186738449619432,0.37109460681439405,41.19488437216053
13.670568035233574,0.5594499005552876,0.5434266822494912,23.523377434655853
33.81025915683002,0.42598406356417695,0.7310304533158827,61.880074653689235
19.4063858417743,0.5161487685327811,0.5032492618911067,32.04213644069214
30.791378060483286,0.4851154244072173,0.1995027799358831,46.377550934920805
34.11021757187053,0.3464969659890505,0.48592807626662426,48.736106894049236
20.290701019559222,0.4998112081043603,0.3215010688520929,29.874834056128037
36.40017930607973,0.35485584013133087,0.33787989555104564,47.220138135115405
23.567532833371825,0.60609150229753,0.783459665096324,46.009563116613535
34.040917093582124,0.7751299868178285,0.2228728108758821,60.24762464611078
13.755513664542665,0.7678922859977835,0.3751481171826487,25.329851090179204
20.05291494955311,0.6565886291399844,0.12789363655936023,34.88206043470987
21.350159431982192,0.48140711764758815,0.14283535894839103,33.04588910441256
4.3781926926636086,0.5994655904565924,0.48278753926866713,8.897201498009817
16.062389766721317,0.14243863620604352,0.6008125665221717,25.563072607475178
36.71003936755671,0.38321476585113806,0.5091678988934761,62.69677543293551
25.307123166516746,0.20584381199309149,0.26342719832237665,39.93530617956692
7.264761980991306,0.002795984887477676,0.047694538052015824,8.174037882822274
13.686454297262276,0.7733900597376608,0.3762110897189537,25.683945653881693
7.8257997845754526,0.6910788494814731,0.4034157224751712,14.984102522009874
1.187960645583187,0.4109588947759415,0.6165212863678549,4.2824083963568516
37.11292624846026,0.20332183049520547,0.5122316498335638,55.39763518686462
18.038651664623483,0.5543801681593894,0.6970069020807895,35.480271010907146
12.439895882347287,0.34784086763994204,0.6263863029560733,18.06612113175425
24.019392223997915,0.6426796267381596,0.2927022270487575,43.15429918542031
0.4911153604620223,0.7996144881447595,0.5057771388197586,2.4059779422204843
11.265279842712388,0.27926608599189606,0.5978292235641013,16.10204744614891
28.18073193481592,0.19552243478243822,0.765504295338196,43.79308861304211
25.424036968156663,0.2139059910358066,0.3378817300977967,31.921121685555487
39.27587671219291,0.07467699654453756,0.5186255938489088,51.57026136785322
24.89023684439015,0.31523695720012435,0.31413106822530734,38.16043218008309
19.20473377038376,0.013940042173527446,0.5902625430958296,24.44610792034008
30.505016014723502,0.09151644592102048,0.7295945370484458,42.01868437763462
36.15244930416931,0.21735659781813627,0.7353808125756601,55.94436208214972
28.88369867939039,0.12789022072758457,0.12567001391000804,31.55798020483644
38.53580669726531,0.5857272796005802,0.1632772780967031,59.05734318125812
31.32380579537945,0.08448383269432025,0.603943560631839,38.98016030552301
34.69869724282467,0.6927952840196198,0.5048079087539216,62.814517037030924
4.74134203310876,0.1768916029687623,0.7240858294839638,7.558085435822055
29.350057419152748,0.08687249357725416,0.2510404475324283,37.07426675453445
17.71553024118927,0.008085315545006822,0.6784166489170104,22.05014303506573
22.213531335968753,0.5721640034577171,0.5470206855870879,37.25097466892859
26.233275897397796,0.2052933967508336,0.1563650481252796,33.91967202946127
38.79864164488166,0.40759888411021983,0.10119549519651141,58.65465287810615
39.38620764097866,0.0892928373377246,0.5621788816068861,53.57229274476712
11.671484170418628,0.7882367385889995,0.12676921017941442,22.146587955670597
29.40338919802906,0.10030779125596423,0.6354632317945186,37.08013215448069
30.049344809823687,0.3295407413135026,0.4456760321018538,47.587759407553634
13.99041588025934,0.6813196018675728,0.38149364997023183,33.703596459184496
5.130017039595996,0.19590955878432548,0.2204232287371357,6.0249844673295465
1.8296890193716462,0.2135774282769387,0.7870764759398878,3.3267403822612995
31.138256475661304,0.6467996127125863,0.5777336887284211,59.85198799876716
19.690049724312853,0.21867172575361016,0.6224509177319016,31.265777326209935
39.42449874589806,0.0022970488758503826,0.6149687421322706,55.89462816890164
18.70594355650739,0.34233097639195986,0.4672124617412773,28.251185519505245
39.12109576713884,0.010028167742779993,0.7517590735671024,50.77156652617165
16.58072488732358,0.7278338270634935,0.4670572027061415,33.27158183201388
31.788549592286905,0.5134505793433768,0.41603646808331957,52.21998538986267
3.575807038010916,0.4664114129769938,0.2189683539382938,7.089834921073694
22.307376063483,0.1612716086898905,0.22538873587333877,34.16777832478374
32.12197952203182,0.5599569483429091,0.5895071247856348,52.682164823479496
37.00312635535157,0.5418037149426767,0.2678139373116844,52.789440484677044
32.93880700657378,0.04837085914029196,0.5829685961173423,39.42676113910884
1.671434942606734,0.7046772246484581,0.7621654070518601,3.9337807711509174
15.033553184008019,0.4635306903438444,0.3514459494230071,25.09254780869708
2.1381991980912805,0.6339735048308882,0.07786051430371357,7.037482336300966
4.549435186359409,0.21033125770307537,0.533237185063549,8.269469653299009
27.077164020965864,0.09763823980276332,0.007618425356388504,33.00760751659978
28.587676213205583,0.5619596585494276,0.6296028170178375,46.317072644119136
30.994083173514724,0.6351061490041298,0.42052249363097477,51.25252347706921
34.64517061261538,0.3088268268954331,0.39178576320692393,46.678983394685226
29.62937244536509,0.018953820253048995,0.4555537284621498,35.79186082707604
32.07468936584395,0.6546032197230917,0.41312683514777276,54.370622033483215
2.148755650966514,0.16487512506435253,0.2590218174368181,4.447049136067704
9.534498987563682,0.27122555351799055,0.22520712774339355,13.689552819576866
24.951531380334778,0.5025848062217042,0.33223796849911613,37.32664825758073
34.353387124067964,0.07996377536904219,0.7159274255324535,45.666194311042794
0.37910497259843307,0.05759661291077052,0.10829636783027441,1.0
20.68224781623072,0.020563017260219408,0.25981167734926663,23.795528826762858
27.156038494703004,0.7333118881915643,0.1538403423595235,46.52940258711455
1.3783701073188057,0.24910619541492451,0.3417095813899056,3.7598791551015665
16.173951190624837,0.5285270520937055,0.10679873529853695,26.000082593581066
35.84626827907113,0.7913881992141938,0.6086364911217857,71.85787358570292
26.930189792463175,0.5355606348495549,0.08277391406765977,40.18715054842053
9.658802861751772,0.420075836684944,0.5322096748938167,16.0986200961373
34.14068895935012,0.41673594681379084,0.2141682598952188,47.88586634012274
14.051650651698669,0.30153371876444135,0.3777519974861302,17.489845759055264
34.16311791153357,0.47982372476406826,0.15999036937403313,48.11132301138372
12.097957314532438,0.7670331116365635,0.5841789435805753,24.501858284366186
23.69474598514933,0.6304352269586482,0.7586207914146595,41.35485209246742
15.998214696363794,0.33938129362659003,0.17739622991439674,21.586385124143835
11.138037020051666,0.2659558632260266,0.7625225661702627,15.81933249276296
35.48499097444039,0.7068252236984972,0.2602190408091472,64.7446855954293
7.666228541191755,0.10862866050127505,0.44627773364152135,10.733310536286254
3.575501331183371,0.6796682055714415,0.5612719608684609,6.978318325410397
13.808692154117281,0.2040614090738659,0.15941489285215493,16.057026730529127
28.762038076134385,0.5725033886207342,0.35581114994610213,46.11098825467994
32.335777917856014,0.6449764646198641,0.05426198453124007,55.79789031240951
39.949986128657244,0.3815972138107781,0.557643020822416,66.96267258572803
11.995209869044363,0.15382718091381947,0.33329289577958277,15.248681003046332
16.43608965502503,0.6758141947699003,0.7133156261116728,28.951905347179363
5.645486865579127,0.2940066760426518,0.21919351085851035,8.21900847772405
23.079902798996734,0.25654420838601544,0.7388810594591416,30.827331392572233
39.9036854830641,0.4080129458827517,0.11283187574627603,56.60566547938032
28.095064202802206,0.3480689928831342,0.4855731728111066,40.94087011762325
23.889471048452194,0.5464417736309793,0.24624654389774314,38.41212851491264
15.8162898982874,0.1097582466981323,0.14542528876262992,20.95150973666965
36.628890659365084,0.3485517232382984,0.0751497373753324,52.43587039288481
19.977280525987904,0.7133614489801632,0.524514047062952,36.518820719452464
5.547803149859847,0.02885016755178036,0.18653434660739637,6.768915806191295
14.74206283532551,0.36587066652266115,0.45825152965683813,24.942149274152516
2.8732334201411227,0.5284255731081682,0.7835349782682224,7.559599585959985
8.238765700013504,0.7101688696335883,0.2527694562236253,16.006005277402675
0.9032174837965057,0.4750289815465406,0.02795542217338305,2.419039827977491
18.2405406767065,0.6595874169914628,0.11425809151713642,26.18983980966398
25.454702545081524,0.17815281516742917,0.09545760752893662,32.16885622733914
13.863040002680528,0.28224754898228765,0.37062682176418865,18.12693994692841
16.931194505910028,0.7537058191424342,0.5957204557285019,36.17159944613649
38.37652905921412,0.708780090474149,0.23715550862548673,64.76928844319782
30.128132238681633,0.44636238615096363,0.11667421667507459,44.37135572560813
21.726094150409057,0.3803906702358762,0.5126134130631416,34.479204181241656
11.524726829450643,0.36085391316356685,0.24094416707939398,13.885433014899638
35.90047259116521,0.04703172925361283,0.46013627944978613,42.92143069324561
9.556865251850246,0.7139016831652536,0.7470292477382016,26.461107021890044
13.148640674563746,0.6545196067322685,0.23307756394122095,20.479727180325483
36.38077961403335,0.3650009157822937,0.4099932915890149,58.31453803183751
21.275773800345878,0.22355197817557873,0.645449530904973,31.087596348768933
29.74425438683547,0.27433648514122444,0.5533744899981026,45.60450673120893
23.71164280771789,0.09852846869831158,0.6011825398233487,32.63476463503619
26.206880518577904,0.5774317930445781,0.6180554998848802,44.07656458392045
12.115455002290055,0.4453358852438862,0.43193281626723445,19.67461408731901
9.806608052741183,0.18728273825991595,0.4288496863218121,14.628716760370205
13.035195417312876,0.4984044576621518,0.5751116643587579,22.15880805944032
6.386574250520214,0.7833841714039798,0.5581186160908446,13.68959347493982
34.99771173857413,0.09791610838094336,0.5360461312237481,48.00365448560269
11.473227943354539,0.3667880085002622,0.3057077537141309,15.548792253063638
22.547277897692506,0.3953270567377014,0.6628341164839014,36.09831615415859
31.720582120626684,0.13343777105904195,0.18896231149671144,36.43714650000686
31.396199553153398,0.42526416879785184,0.1245855730821698,48.07291287344926
17.647773091650876,0.48478180683847205,0.2761297752925613,26.790183653691358
19.155040881751678,0.12587563105479624,0.2030649923239648,20.777855211814277
39.78912960761399,0.12377911920710112,0.5305460097625251,52.05744770333036
27.048979583765156,0.6850789725070049,0.1848142809199687,43.969961609504125
32.62261003609173,0.24910994933603592,0.5251918706806952,43.9297998842578
36.12164797492543,0.5042667096629048,0.4105782358726308,53.69106241061912
31.546075481927698,0.5014184605401714,0.1219600544602077,47.897294599229724
7.570137929151989,0.671336700466108,0.20671701129681833,12.510774315344031
22.574395202755372,0.5919157049852187,0.4173814274425783,36.02280067846044
4.255387461118886,0.6724611467506223,0.5864842431389585,15.472439317322946
26.186300637247133,0.5001718317205326,0.3186013153397408,43.550369339178374
38.22290724187488,0.3595657284111952,0.18626611374243202,51.401441064719016
20.60673615914443,0.31485321705045977,0.23606256727503105,27.247518165494107
17.43230521613713,0.3032238133291487,0.07609375141871749,22.897306294300847
1.6265415064428943,0.33471447832732626,0.02011960087218645,4.111817914402333
38.39902598870297,0.10344740172301625,0.7785034495974834,58.15631032536116
4.299506828380319,0.33916669680253364,0.07712794749273232,6.490438990607948
1.8349479135329079,0.31155592576209695,0.09990987608852003,5.013913563734647
9.99345113789655,0.02765733065458518,0.6967712680637141,14.196265515293916
2.8081112699516204,0.22010460426107203,0.5308041885754065,5.531093829870591
18.31369012798814,0.6015255797921735,0.34885802499626106,35.20443957557261
20.740294490033072,0.4623564571277003,0.5192187245806796,35.36253789749424
12.640283971337638,0.6449339974048242,0.7479878588243283,23.729764576970506
2.228227206480465,0.43415043550461196,0.07950184914856476,4.87420491727559
4.641694656319222,0.683267012380214,0.19496882174026578,10.020208554977522
15.503274243999137,0.6368536796813734,0.6882403227765928,31.262142808472863
2.6090323428961377,0.0786276561137977,0.6245114762408857,4.042442907658315
27.987951079274552,0.7816050944127939,0.7954053772457527,60.467374799424334
8.439417552687516,0.01179795752106303,0.251127052057754,9.736031372997783
12.222448437588811,0.47747043034369485,0.7559091177108361,20.720544934122145
15.886205931688279,0.6340092074534098,0.27495106503600336,27.042935173372726
16.781063396152085,0.26551531188072275,0.5720745529483946,27.00675195854477
0.26609616545706116,0.47885583383772634,0.7061943580972692,2.4125380908806613
4.660400765748162,0.28969802467795863,0.1366256762066894,5.879606830908548
34.53802963688695,0.04849198000600152,0.16451092402816025,45.02316158820107
0.24907588797394375,0.006769215271464724,0.46476691842587736,2.5151321136637366
20.425060761352427,0.07588962408895067,0.6750598160284114,26.361856307842917
19.68217985898688,0.07872767529603744,0.06315962817768934,26.09014691504552
13.457147608223384,0.48871182191499996,0.6807046478047228,22.17320704613282
17.366815401828692,0.42069218477001064,0.27449642363607724,25.011357191231486
31.26712927355805,0.36437064013851367,0.32498129117800145,44.37226355789585
33.67990750735527,0.5535371804819341,0.27188887655004484,53.335082936913174
10.56187202792695,0.013460909609958716,0.72918392368615,14.028121214621109
13.035119550515645,0.21678678513258476,0.10463546126627127,16.92588651763247
9.85081755052764,0.6219141850301023,0.45941958494107465,18.59139670138678
19.29856334193239,0.7279816852136949,0.11848646450063338,28.60695015616919
27.393682634820752,0.3506692769900653,0.7428757040758731,47.329431895442596
9.284464443444136,0.0651871841107731,0.6383450508284956,13.927803864881868
13.363282533783691,0.6389829913827905,0.18705541940886228,21.49813432305915
37.22930778004819,0.7081363466181869,0.23822261447052284,67.75288390587261
2.133057735908931,0.3309282165549756,0.30521226237014204,5.94533304238184
18.538630288534733,0.19468420313622162,0.3243341402363492,25.063635871552698
28.520010055551754,0.035177334578356236,0.6538742869056442,34.6419637662534
6.188069659987468,0.4728662575158848,0.4516266842473523,9.819730089744118
2.0854859962181775,0.7278955924499995,0.34235945191338246,4.938802329529801
5.7005737912135235,0.5423104204162605,0.5755557255490823,12.445073173586035
36.769163102521176,0.2537988783157875,0.3662919010750453,51.59562407897771
0.5685393164807119,0.5143106594319735,0.10259201350783238,1.2254666187638725
7.695214597491802,0.6656547259584205,0.0859913474156227,13.844735611740859
1.445083813485453,0.38066404747956634,0.2607653438361374,4.473792638642954
4.60305280897569,0.6557987919982708,0.4822961900921377,9.169459133465427
24.88194160780619,0.3135277413330833,0.10787306211858755,35.21464735907534
9.817228567815613,0.27880454287661655,0.4401073365579259,15.346120112885034
22.854639607140935,0.4663909007028433,0.21568771584698682,32.73646816178305
23.68977623409182,0.371749134155585,0.5563307324866335,36.602332766484274
34.00752625697321,0.7816895363688666,0.022610160941096514,56.51548683119469
0.38870743789258205,0.4131115388225398,0.3752187451844584,3.9259180773752345
34.1641044818262,0.30813762313281723,0.04181131921138608,45.80010507163155
24.84093963979356,0.315946834502829,0.2644062202202564,38.68500071457061
6.6771907469773115,0.4383519604904933,0.012460115429503295,7.44525852542909
30.9629080477843,0.28392963040655633,0.3752790084623451,40.9857501535447
34.24856336326531,0.5783252815719487,0.6136126947824093,62.37593053987715
10.31968665341546,0.30453034216131275,0.08017603019675566,14.378189496385332
36.7679884999267,0.30731550922019446,0.5881781535952217,56.818955655826386
18.28740572588658,0.4935785995014437,0.46735621367386493,28.9181037158076
24.216293282466193,0.048677498156807976,0.4036842185088161,30.217761664360577
39.38905143798222,0.524283934492117,0.4795866098241933,64.56915912604148
14.589135929840133,0.4039777737269497,0.26871770538335643,31.099304671456732
32.56374196364049,0.36242089142931333,0.5682716430146315,48.87945259082188
12.872284889572692,0.575402392566361,0.6237326735366179,20.842081149204674
32.008698185211344,0.6066046256038888,0.6225790924695019,58.17724691201273
24.10920997073317,0.6770086907299675,0.21556783151495074,41.54065046729942
8.810956669970976,0.29984249665395785,0.523125607751882,15.020546046748379
16.678238532811605,0.2616301538027049,0.11847658059622113,18.739651078600893
12.841898247669754,0.5714736811956156,0.3963356908770137,25.35030496656843
3.3087140445984824,0.46544388731235675,0.002103408047614064,5.61704981939734
1.3874238499679596,0.5054412370814533,0.1548694072066729,3.515018109648186
13.9898504852058,0.44441832568466827,0.5053872926660845,22.522991797747512
0.9575590831359659,0.6181544185630836,0.6994892041625036,1.9910032124835197
6.7864127517546455,0.15203271079372255,0.03922263886881945,11.26186476227757
29.062296169864574,0.4445697061931174,0.4468422337394641,46.11085415059349
28.382031180206795,0.12648143115490385,0.5094200160840244,36.60744855966499
29.595499381003826,0.32580155143279355,0.7459127849461971,44.80068451660068
12.822696210973152,0.5311950587328599,0.5241150357159653,23.54657092373955
35.62277439328428,0.39445728665133634,0.0824261619765907,48.82678705527585
23.834455811532212,0.30367322933774504,0.1173953940355844,29.275869438378287
5.215848401515736,0.7079760011324849,0.5086113031095982,11.075661841262717
5.920002725930258,0.6182605715979828,0.17249574141058616,8.552628216414373
27.785197991802118,0.4210326280003,0.7426443799018306,45.01397107724812
7.0831686703947065,0.7600425245403903,0.7365497606287089,17.04050039107671
20.390249522965323,0.3394922315479951,0.7589246881257707,30.426220976668656
39.672624141962686,0.6304583420704848,0.2343620862497547,62.4581981189194
0.359502668386912,0.13434899184113433,0.5735599263682531,2.6170372340144885
0.8598761155227654,0.2286339816884776,0.5304111255478796,8.835006060356143
39.72476636083416,0.2704684650671639,0.028483025070217674,60.811681940312745
23.468625598539784,0.08465660216361864,0.21245206107702375,27.464571036436585
5.2510170256368225,0.4014438520608543,0.16541338374357473,7.459684682235817
35.912627550212925,0.15380810730119654,0.29664688139067197,50.405658861064396
35.23913594508215,0.5073487115597269,0.76244297323618,72.25946705224133
21.540776441832733,0.15207388765841465,0.6764813111666707,28.777964155358582
24.94732278845811,0.09880500587142027,0.23473967309462154,33.97363934701241
11.072850221734877,0.7752693820791396,0.4240252248794585,21.68789767518284
2.210683915605805,0.526592244648885,0.15381289726932953,5.122696224521298
23.8637908338564,0.7491607317667909,0.2219471938367506,41.948237129873036
11.931256689469965,0.3919102335945856,0.05200259921190762,19.754136317246946
26.612117657082003,0.026721970450699396,0.5140852007334693,36.96966185809238
33.48255803833553,0.45949693634515515,0.5255366195970631,52.178998557739725
0.9227896477916895,0.4466631094685668,0.6708012966427548,2.499545753254975
23.90940823249195,0.011980484749275178,0.6972414507418033,36.40990839797497
9.404965479536719,0.6889936355214653,0.12804751935497824,14.241886034974847
34.9807622165713,0.49597654449313977,0.5944327569303898,63.27723812389834
10.295847361160773,0.5957529355009169,0.10776610626186588,14.601883518511153
24.508651302769646,0.39513688492601173,0.29897200939664875,34.603778925000256
22.230925435566533,0.4947219503266104,0.41242925724737695,30.742065049408062
15.967426702358106,0.20597591458281939,0.039575931269660816,21.668021309004295
27.1693063912718,0.7790062142149178,0.12541096923636347,48.10691617388068
29.085631461674264,0.32057600603813213,0.21689287999203055,38.03026883931206
22.764124253711593,0.12986129707010327,0.10203386370735146,31.10398352440543
30.38520503995321,0.044732334699701864,0.7472770177650665,42.27555397399249
39.33999962451892,0.5089375464682969,0.23065535046969307,67.80625211328373
16.887041038452043,0.7867038809411646,0.40093733160713096,34.088607137031595
20.680405465044128,0.7166355974770253,0.797227390340549,47.51684811790606
0.6963011420602868,0.5616836539891309,0.45331414154499516,1.8859648167643905
31.881936541153056,0.7924783431942887,0.3291966199936678,59.00023431783082
20.905156668430553,0.5782626096336853,0.7438339247394281,39.67522537132488
16.43686492835049,0.2714008987211168,0.17799820429328683,23.984735795045964
3.944064130957953,0.48097450644813855,0.14360059267096634,6.064851890925169
35.60832558268081,0.06381331398844924,0.4282914952326269,39.99379619038983
15.921288153614144,0.17734599217803268,0.3418413902651121,21.747143494081662
27.366747608726968,0.3340321887427938,0.6375888618523721,46.848959297997354
6.1450914234524,0.16145479485043623,0.0336080330434938,12.123138648554585
38.469675255733094,0.7628008118625366,0.49418065952897594,74.09142157222526
7.30198212050887,0.7964780213957195,0.5685433143183012,15.311231489943694
8.141771317399716,0.2967487360973324,0.7775334086591736,12.958175186483981
34.38751785019701,0.567383188861759,0.11661056019186838,50.41974974356651
36.52079321684886,0.32621658453059243,0.1969945749675741,45.42617542963648
8.643466819427395,0.11160736350896512,0.7459545852553938,13.36888189749262
18.898075349358148,0.2695414781616869,0.5045030763866405,28.427739288564837
29.393097201600625,0.1866973589725306,0.03043922618840931,38.07664851911467
35.1589562056699,0.2624625763259358,0.061875201804623185,44.052474823965
15.286297262484746,0.17201735071817323,0.6283524485021347,22.606381543776504
20.77737557660728,0.08987609524659712,0.4539795987651326,29.49570480251208
29.720313138685448,0.17394274348993033,0.4523323852950991,41.52082066197329
29.299211870781253,0.7246056254638743,0.7038925146490284,61.88576467655368
31.361813175038176,0.06817734062122298,0.19287833549698263,35.470918810172655
22.883365981932748,0.25980531500418763,0.128344785457616,29.972153854708925
4.363680852830053,0.4227599156021083,0.49104475809766446,8.157820649058998
36.17813697694599,0.28361012494268545,0.7059384781231067,55.73807500991447
34.64978706497692,0.4140856760151098,0.21220051573409454,45.61877832659745
31.964277945569652,0.03473604818748317,0.5450354918330816,40.289935868593616
4.174526590997034,0.5188557066915023,0.12190322548661935,8.788028246620986
8.335015209840881,0.4507830412448482,0.13752695666331913,12.068361083143591
29.795294531284544,0.5447730126837532,0.72120804629019,54.78129206975536
1.1209757643614682,0.45380625266178964,0.09437199592510029,4.2507962416039575
39.17314042154973,0.3503228659405306,0.019476429324155744,53.63681360851726
15.210358278156091,0.280113233835266,0.6199523584886274,23.7025559633593
28.828638840894776,0.18114815207982096,0.2900076388201443,37.85963113742607
35.525329321824124,0.4000541814452901,0.3173268417617047,47.3513711945031
15.906269548373272,0.02084196190200558,0.6398860359265565,23.549339294780456
12.901473046266707,0.2625926624794606,0.14394863326187854,17.667500973730874
24.42789693015022,0.5422978348516235,0.5202615532168285,39.06807864898671
23.323377075172417,0.08697363174908741,0.2508226630701076,29.614688122218485
16.483771109466925,0.05031299385562287,0.08341476851747531,23.376232088136526
24.150635283534793,0.5217428842330922,0.5499968391760703,41.630090595606006
37.42817850874649,0.3182197769138802,0.2549313076407489,48.00874369877551
18.812082213738538,0.641460029239505,0.6932832834240567,38.98973832926568
8.030338793875126,0.7498490431770591,0.7352285201855207,17.711261063599814
15.212798118743553,0.7656323629860616,0.6792414095367623,31.382513589773005
15.885457907206119,0.3404742831153434,0.25788139794836956,26.392628755161798
5.41812598244355,0.21146177942002586,0.18926609948772494,7.421682329879484
6.682285722071285,0.4868909909939825,0.7142405139262399,12.463915927023239
27.44557052106835,0.5025543407425891,0.36235758710116905,45.68239714758821
13.711214617514326,0.4978759488607174,0.5661917788464126,24.72060398207611
38.20495599586114,0.25742289097510496,0.6617313611285075,51.32400676480795
9.895150465272573,0.051001389133842424,0.222149323894258,11.3271237092505
4.137195303171928,0.16800387106047918,0.09527794234783214,8.59041970963069
30.18948160741026,0.123535542417787,0.4998620506746287,38.42711083174618
35.26523486633123,0.09912027662664818,0.4721538046105801,43.717539236651746
11.268911603485215,0.7410266568572585,0.21616005812686068,19.37479643997582
8.243106445490023,0.011078116779174342,0.46776537710827376,9.836222198423222
7.593492167869269,0.48148619138905735,0.6322858035826744,14.362305238618891
20.97608959438719,0.7579790365921095,0.2800087858753019,34.46423297815901
18.84298232162148,0.2880425019953023,0.19385417514045777,24.564000318239408
10.525705626210462,0.42167847133797,0.5800009708876449,14.933340609244794
1.9978900561791701,0.5566269307801277,0.6286976133454358,4.891854204381459
19.36335534498597,0.2537357557265911,0.7634315502951363,28.561354961502673
38.381427435897216,0.38212159016579933,0.11806865833397691,50.49501504964851
26.170264189955994,0.6536822802662017,0.7114112815105558,48.27964323066042
19.92116095381901,0.5962845322242109,0.612079048951922,33.61699839026582
4.605544546378721,0.6467595291942726,0.5615199263447103,10.162929113466731
10.246964363873571,0.7898721309021248,0.2504429033523025,17.77180878572324
11.9320031930668,0.2962619799489432,0.017754360950523296,14.981179829753614
30.639181393767924,0.5976730103486185,0.40604039529555386,48.61089525406269
35.09308973113185,0.4822276536815864,0.228615501188573,52.08895093609367
36.08534577194425,0.5332838137769571,0.23185681514135298,53.13568467503606
39.38583060838001,0.5918991238663476,0.7417108617541228,71.03522009529371
39.29819398756039,0.5997850535570518,0.12237511364256735,62.9074227867108
38.12936548416566,0.7085961194358558,0.7473859036724431,77.72970341535773
3.058521192014798,0.2794573401888443,0.403045368008592,6.028195445660742
5.684182729926646,0.5227850848895285,0.6706234208487495,10.743306649893215
12.317767753746107,0.2242323452774847,0.22687005715352832,16.438086346440354
22.205350511765563,0.4756549640935801,0.5071365312677881,34.93956241544875
4.059719970478076,0.6009401121375424,0.44527071657873346,9.740589858828349
33.86271892052527,0.6328008689293123,0.7393328715342671,63.90696771245045
24.7468959272769,0.3360996023912982,0.14343874147393684,33.88881215817433
21.786103211627754,0.40697617856108786,0.16365591179398367,31.819608032482126
6.779390670018188,0.26707988093613827,0.7591715195628357,9.378476163487619
10.279567881127853,0.1352290772317044,0.07837169662888402,15.951176617551596
6.58041859429387,0.20841392415402576,0.5077459752351972,16.187682150534375
34.10693968023298,0.7297096039198596,0.0484512905722025,50.465807680569796
23.45226883043648,0.2471756339274528,0.06159264649648266,32.98573652680187
29.458151215281408,0.7798074668364882,0.4777189943213775,57.37907762232835
11.982107943819022,0.1931824681723054,0.441094369723247,18.707088800135324
14.975854956113428,0.5784568699848358,0.4584209590028742,25.15679295505959
16.313227584176044,0.45912263485746857,0.37892167723995435,24.12840672459045
30.448595875412586,0.5574960396198388,0.5938874724652838,55.43329147476969
30.939648909447804,0.5151663572873448,0.7937508290919189,59.423548588026726
8.43117839505846,0.5653988668780714,0.2206249971122845,15.712636754013491
37.67324649817634,0.7244376387483672,0.25875173385195877,64.92508294100682
5.002082430258718,0.45077559684998514,0.25843963387457175,10.29290941661966
35.86565888046049,0.05427902632319617,0.6106151570446819,48.70322922429016
4.195746696862409,0.21666034755751964,0.2784124008989825,4.079678789632164
10.72868448382218,0.5665751843270111,0.5413896540661205,17.767903412756375
33.889845735504686,0.3952597023805387,0.3567100456095431,49.29166289266109
7.34378447937428,0.4388415860957495,0.48624373361841,11.640340785768835
16.6600036661368,0.4772643643042332,0.6632122982439195,32.120279092588895
18.10440013777622,0.306103418387656,0.4112469500433646,26.41558781119456
9.961307126323742,0.6191164200702842,0.38013856067736446,15.694993986792609
28.467759013172262,0.5788279071172389,0.21357966688424243,45.81445034061828
34.08311904620771,0.5714395297544911,0.41272366545582706,56.804802415118026
35.00809056625176,0.5722481392279558,0.20992981832768312,52.42074609024381
13.705021400315124,0.7122864013233983,0.674856164574367,28.220295670797423
21.327845692655014,0.47631422355461955,0.3110912214892671,30.216882867868918
10.086574873852928,0.7736577595975667,0.10328610546796312,18.585725880438602
9.942900761695787,0.09535414751251033,0.191974022341088,12.26022709212513
6.617911701506579,0.5055671812750915,0.427665173973805,10.302167893065675
37.61275663013909,0.5735412367486364,0.733030012663802,68.89598671613281
35.54195537850208,0.38177632876348766,0.24044919885982374,52.97782702500753
31.138876790442147,0.2305667091655492,0.21150896327944926,41.23774747265083
20.802928547251614,0.44002996216887924,0.32524786784810833,29.151954689221746
19.7261950373725,0.2917981442325622,0.7742035826337172,29.398550095808613
21.283877514063416,0.7272992568542532,0.6761757395690832,42.01786135731707
21.55540694036815,0.28543393002660394,0.11973436085975325,31.57692093672327
17.495610770968074,0.14056559416170328,0.4910026296802113,26.11076838748066
5.443842349104285,0.4611113121323623,0.6334913626752278,12.200074218825419
5.201421344167732,0.3167940731042955,0.6144082730961902,7.636303652294824
38.09953869065819,0.07671851584067282,0.39107639340369266,52.20641526996429
19.38482423153675,0.4518738807983267,0.5854651085392337,35.06637554490407
38.13757989122652,0.43027712893256115,0.46686928847438697,63.404047722428466
6.7103597328623765,0.13855766930655608,0.16115598628176217,9.351620395888093
22.265778771189353,0.47811053516787433,0.04484291250920691,33.236162546616264
8.46714668339126,0.45388717908599124,0.29559974404026973,13.527303041246187
10.27674732383874,0.6188900984332728,0.0495512015580319,16.42484645716685
1.3961722346949155,0.2892559438741075,0.31601072313671374,4.658244127761404
4.93434176746041,0.19900761893091146,0.6631032012566079,7.007059405894052
36.69056662364199,0.7609759095766204,0.6754353187228652,72.80658309743204
12.997013060996801,0.4489740182262305,0.027259137072014286,18.808297731826876
24.403542634200743,0.021711967107344243,0.05562837400759531,22.17682621443855
18.707562453173065,0.6565693472893946,0.5358936700729958,32.47890337534836
16.137959560762077,0.15740644873515264,0.3999989559537599,23.803549241499518
21.369066435573508,0.6288290541166748,0.1194867141843127,34.22163263799758
7.6521099956905925,0.5641299417247718,0.6444236941856746,13.353448313949505
39.546435161079145,0.7750509794105258,0.17319693016513754,67.97305967217609
32.76865317441375,0.772463441275621,0.06251940375656861,53.358436718815064
29.716262382714305,0.21952849972460797,0.5996057104800069,41.839593110385216
18.856620021155305,0.6131596649787348,0.48650077970557126,34.2305850257111
6.284509460628171,0.2534840686239392,0.31555419098505894,7.796491495533215
36.842501159288,0.5033583510636754,0.5541809630268276,57.7205581359819
13.787205281792758,0.47819686796367455,0.7291045509529623,23.74408380585932
2.194246249937964,0.043634812496931734,0.02734595421331818,1.4826385887864728
13.82766633706302,0.0041453998682860595,0.5021435501402683,16.540805658713534
31.819389813736194,0.04621121167584761,0.17453383761244787,36.03680405654141
24.983808050530683,0.10235363802539288,0.3793102079531071,28.342484552607477
30.08337567284541,0.20612199307821896,0.3391849031066957,39.50385347668768
31.786688277722618,0.72556417859405,0.3119837342676238,55.171340309749255
8.635793521005594,0.41490614027734907,0.1522848801979696,11.294040930944233
36.96657598050857,0.6375133910726309,0.6421199491559858,62.85232476910788
17.631986196230827,0.6706494016857665,0.30361646794216024,29.959221522820215
25.632743240713747,0.587954478872433,0.7097570087491839,45.390226667083965
0.2918891489523317,0.3131080995364576,0.28373461835719266,2.9035665960383463
39.736066236764884,0.6910875150727862,0.6717706757433227,75.90676360563116
11.379676161373371,0.5936398026567365,0.43557306521975026,19.780658270835897
2.6701116402981784,0.594521154724042,0.30850018788783373,7.008085012521818
18.438829253153255,0.7212594617324555,0.5632257716783968,35.320300374831554
5.3353962758452615,0.47893077796614697,0.6293236996827378,8.781372004907357
6.262603064271513,0.42285954396974135,0.38615263221958546,19.84499423340193
25.364855958602362,0.7121300460776603,0.34033634270682944,44.15895193847591
15.838510184495282,0.3635693825313575,0.46193517629785774,22.84062887514604
36.889727516168804,0.6492565568230744,0.4681307028045746,67.08157869988977
12.902428485401186,0.043077088355846185,0.34038337268374996,15.779436633502076
29.10196910967926,0.0010319555650577072,0.6061303027541102,37.20293698297135
18.551757320165322,0.4226339916834855,0.31977715820304636,26.508931024766753
26.466061784945293,0.058889515053104184,0.3623986743059942,33.09130507964569
24.067875197296416,0.7812344107624509,0.48425457942360994,44.748814467560784
19.016802115808126,0.004400939231839019,0.7894791215445318,21.63255031746135
38.0124315660526,0.5745197091989172,0.20854888881128242,56.610907509444516
13.840002981647242,0.19470775662897655,0.18556223992921989,19.89889363151712
7.253972949721048,0.774041604217645,0.14150981321038617,12.333469292416519
27.18814362301716,0.30523332050231694,0.5515553714465068,39.06826396041044
33.87110094005477,0.021826741011092124,0.3592757099347262,50.673256892718086
1.8020988496089656,0.021548612327026186,0.31088507205941984,4.3850233083838575
18.095380999222684,0.44269869737975087,0.16327229931909493,25.266947980876072
35.72101004955559,0.7893695832250249,0.7129107019226707,70.22597004323636
30.034821033130125,0.7838188280365755,0.3545384281779087,55.1046947007234
39.6739471166056,0.26981837783141266,0.4861546491890632,56.06242202092566
21.3502697015703,0.3861629193511176,0.09002366263402273,30.805198708828875
26.467829608285818,0.08036464463825288,0.08637777334792088,28.99029536017438
12.238715189289538,0.41774148479338535,0.05388363333119664,25.127441090986213
37.91191686670649,0.47976127923861855,0.29387686467063484,61.14204438077102
14.780152444550144,0.20084933248905684,0.3783092817535293,20.41556832740423
29.592726364927817,0.48969154873213905,0.1956625195593895,42.5659041142405
16.24498012393946,0.7197542013570031,0.2797420047018477,25.990378292846334
22.56039341650737,0.0007642667387844249,0.005008027219015787,24.5921824749616
28.847344893857535,0.18314701944635559,0.2808707722091159,35.32310204170615
20.455579239703898,0.1679356506591505,0.09533706786467802,29.979923368992274
36.30203581099844,0.09910896242706163,0.10270758269911165,43.29243878012358
16.888179319526845,0.1328809701896815,0.0036048780480026467,20.444442773133748
25.95345756610434,0.5007300362923102,0.5571044528520855,43.00794278241766
13.826024845342152,0.08215551212051411,0.7450270192395072,16.844084384617407
16.444635395594318,0.5908252872165773,0.4972364486817258,30.071425603631194
17.713994307695383,0.7096180724467067,0.07696164154232772,28.838106432854897
5.207119328828953,0.7412701793426952,0.7917195595140033,10.702278848593059
3.850602426548466,0.5281406514557607,0.7804681367012107,6.867764256139576
26.766098941240962,0.15791712850689282,0.37458762852599103,37.03784428945961
26.289605986053477,0.06823726043192631,0.08629537472503675,30.92940404122972
26.583806625561788,0.1856199630455997,0.5765914477177636,41.47197338355631
0.9867045246391286,0.7695657486280341,0.7691745635867497,2.503003746096756
13.196564338336838,0.7698761614005698,0.6229596833109542,26.483250782464083
8.072831920916038,0.3055351071346737,0.4993622836567848,11.89678152083582
31.17042661725169,0.26063323287804047,0.4886655218968617,41.44994677511257
34.45308997556598,0.4080084658072523,0.7823344913645031,59.238196678917205
10.017879013600663,0.23335047317392058,0.05849546945581557,15.24304610194333
26.780396522149854,0.7837299613244507,0.11964481567250092,48.47493548447807
5.3486395776393225,0.17697711201966193,0.664649155791745,9.047279896755928
11.151070518948188,0.2953141457462149,0.11609046425580721,17.03131420182399
5.718448950090097,0.34349670056014264,0.3066371895432237,8.033954286646514
11.48412651064932,0.10005121846492973,0.2251994048438003,13.92872166780821
27.05451458450126,0.3062598614161039,0.1947557731523146,34.5887226735972
36.431011025373046,0.6853845760815788,0.020577560886741342,58.49827985581585
8.2603918353826,0.11228880116540677,0.45300101082784894,10.464588446900633
21.77474559103862,0.4672175606609498,0.3209916166667688,31.416739382554297
28.115365829488603,0.32530971044801343,0.441272170109609,40.08594346268628
38.12631424572552,0.1364293808939638,0.24360656519800294,46.29274246935075
24.480407218909516,0.009868931559364658,0.7531686840434101,32.74469570719579
10.35325585488975,0.21867464279192017,0.473077753793222,15.794350658601882
25.094030645174662,0.04946316855840154,0.7689656372258136,34.83228365013974
12.955548234785041,0.30141477703738817,0.2800047634069269,19.510756758335003
39.04990994952997,0.6481678845594766,0.0018316298770576723,58.00821591088713
16.107110179512745,0.57574820870209,0.6250124519699525,27.764818094790975
27.480023286288365,0.7579069693614136,0.6619030836485138,54.18701407146637
1.1244577774009874,0.34161233386965534,0.046962717760268814,1.1214026499938807
16.122445556163264,0.5662411188734823,0.5002953827698552,25.772865248980658
35.029283010235964,0.5322733776816162,0.5288142936320962,58.12621711349191
24.48705228844318,0.17363704252660767,0.11658709363805225,35.4970750532685
17.868926878559858,0.2428660041861268,0.442019642282065,22.64287897106118
37.45031247754189,0.42386362671820826,0.19455910454395495,54.35022821926454
34.18857817065972,0.6373258552047375,0.013161362563612933,49.21826050975372
13.024183818152942,0.3694501875703461,0.6935288723008943,22.90845478019939
21.873026401245312,0.18219322894042184,0.39335613698117133,29.719503851485065
19.695005392480013,0.7947725522242959,0.625359280728569,42.702607026932355
25.36165950457152,0.09246304508293478,0.578314425783287,34.1598957360392
13.49762842495847,0.7647111259930623,0.7949642088116233,27.839969049107722
9.919359030482351,0.6472370307443911,0.35036272312095457,18.413095621685763
36.524339043170336,0.6711148154462815,0.3420404854057421,63.981229813913295
36.97020508004055,0.6359340664731996,0.2254044536409362,60.084027502997465
33.764250853326764,0.1665367530436976,0.5001177707225718,49.840537823198645
39.13253634442954,0.5060659019161935,0.3888900004442274,66.99561913258711
29.8506627260316,0.6053998499607455,0.5830088977133351,55.196899744446014
30.633755696767583,0.5965486336813212,0.28520935875314185,47.56855081966502
30.5510856601131,0.2172522964352621,0.10467579328746074,37.72061164436069
19.328183711503797,0.14489551021094513,0.6899483616955634,22.637074749315225
18.36679734166801,0.26249838713163937,0.6624375535717477,28.935595609498296
9.761005790730325,0.3838755843019135,0.28080014969259537,14.07334073776868
25.863803935499757,0.4590245976509413,0.5522813740095994,41.40958545975668
11.714941416872913,0.6695602898553283,0.39392232502048946,23.16453052121631
10.460774706153705,0.6152273821636929,0.6087776777048801,23.099809911529384
23.521262689022976,0.5409204205332129,0.31210589493160995,35.23544695756053
16.517299051356716,0.21079143435420847,0.4285113883129837,22.66452047234441
8.91049303002636,0.3831043991479547,0.0462528832517978,13.495251103177425
32.67902946676268,0.2683486993023689,0.1399279852704651,42.39233403268631
34.450682787916165,0.1879425436404273,0.6254124862200824,47.80719274665071
6.874440883175682,0.008196288306783562,0.305252385738302,9.339527991142628
0.4987799054399948,0.2715695764565525,0.028084339383672142,5.085760692751462
13.577972747469072,0.2048930141716972,0.13410902856955734,16.64207245081617
31.940931260093947,0.4575218615734533,0.32927842566849164,49.13005136864346
33.59911987612611,0.04984141622696976,0.5743304856134176,44.008854300053926
5.705496990618759,0.2164156773681609,0.2907880334457848,8.413393198388713
31.018568867085435,0.035815591990732275,0.5961486035030953,42.544118345073905
4.805025858915292,0.5131343236107488,0.6864484698360668,11.585432995033914
15.724491088229861,0.4545516468548999,0.2729092913645701,27.207965568400603
39.94465869747425,0.2699840184595786,0.6403004566835403,54.399085874414496
7.86511476459021,0.11786768034843505,0.10150453274415164,7.335749348083228
6.327750586589532,0.7663358662149882,0.3322268200573277,11.97924525147955
17.02745323536238,0.46751395791089073,0.07804991702527407,23.783313833347552
24.862807333600482,0.5432906932576543,0.042022391035820575,33.91583426337052
37.32945114004748,0.42507900261556153,0.051621901988357526,49.85358446481725
39.236681592214765,0.645226598116964,0.08380162166530916,60.282354651726024
2.9716973363375065,0.7171040396384971,0.6685807387331191,7.043995494054126
5.692301190446632,0.30616843487810386,0.43494169890695206,12.22017183886399
31.671371361060555,0.5520202497844885,0.7579105502216086,61.2657526014055
10.971159660380245,0.18390998763711758,0.43040024105001085,16.86887905527327
35.41699256835315,0.5214840377296308,0.5029690658483095,59.5679296744382
26.60543963771765,0.3193245039812421,0.14758716891239443,40.56360100626025
4.651423134750951,0.005425279521043969,0.4324648165069667,3.9158208391699176
33.33466553997548,0.7644222947380966,0.30824203904266145,59.65123102862653
7.218983924321418,0.6947532364309752,0.7451482737122962,12.23206197899022
17.05511670825022,0.23266924027682273,0.7471369726254337,23.277268044461387
22.17696015666133,0.7982058513862884,0.15879889000179281,38.45575261358254
20.130492733395073,0.2537021396452273,0.4961046911506928,27.58541536487478
27.509284041482985,0.3670753491672598,0.5105406423767824,44.40880260511596
26.176932047796356,0.6810072209395337,0.4500280635664143,47.76944847612159
39.683271820016586,0.2436770810624327,0.09946376639611945,48.678427229882686
39.97699198712267,0.36043222751000004,0.5232122550726895,55.11913628489707
20.755084224898507,0.5324697336986044,0.6392682279393602,37.03770751132701
3.988923661042387,0.10437404381794257,0.2761808270825041,5.433716328186191
29.168163298954987,0.3378802949533742,0.4116413615553258,37.3845742694823
39.07123031302025,0.24752794988930119,0.09306235707942233,50.22461253310257
12.869390227635007,0.5414194446918544,0.7445509691896222,22.97242327536732
18.556113656335434,0.10877551204829744,0.08763028253785601,21.2667965826244
17.106121607655144,0.18618518328074993,0.16670168533459764,22.99191167646948
2.2464823513657883,0.5691009630019862,0.23878278064002798,4.346457413005258
26.9561243626931,0.12497949577929185,0.6606321913456176,32.91405907979599
14.262840263725016,0.3376154097919118,0.5605247364018839,20.05366428437624
31.541062210333788,0.570304577674095,0.005611550402482024,42.53418334313494
33.318378996223046,0.6123747075440042,0.14684923772752842,50.5968548098477
32.884985306594245,0.07590494293733477,0.6001209433535215,42.38685326316159
16.783306721987227,0.6815964875355826,0.3230675928006499,38.17467033101918
12.9975181531878,0.5791778409039731,0.020970825973807995,19.443355421775642
30.00306703074878,0.271435670954651,0.7711335026560198,44.19429973743183
32.095299466940375,0.6110422818641921,0.12098633035244966,48.59383480903731
19.75204636637637,0.5826390922725272,0.40837331203746213,31.049936417358794
35.74263457754486,0.48071298120670847,0.19865287811587473,50.77463498313928
5.927566103926619,0.4467849387246755,0.5899754561802877,10.660062638335136
35.18693743042661,0.5877627911196684,0.6213808792378305,63.733684274029066
4.024590272280874,0.7994079213643637,0.31777632281991447,10.80912360427387
6.310315777773633,0.4628417994527083,0.5267596971672255,10.213680049422074
21.44683252830362,0.6469742974097984,0.7272588676371884,39.6052133803825
2.8872355114591177,0.5954189738524663,0.6518472947940851,6.5599929181064045
2.301722635724392,0.6846467216270606,0.3319181741159318,6.387746110474541
0.22064601779507972,0.7636198891073107,0.35318084311731035,1.0
17.56540305583167,0.15446656596865216,0.7095026192216165,28.592112832019275
31.030030475430742,0.13236770911609305,0.027498240341074356,39.51586907566586
1.5865663411406432,0.4690814627319207,0.018249257851061084,3.2566413908062346
26.159852737341044,0.35943605030920356,0.16463627325201768,37.27777226147942
32.96046723316422,0.4565781543353354,0.6620973157482749,56.49243828038076
6.88643377339927,0.6384341875884069,0.12257055009376067,12.521322433623387
6.045176645891889,0.7453715840393972,0.2282234279586821,12.043198640326843
34.45987875009734,0.33393266015884654,0.5032549521121407,51.3855128754678
32.96035947601377,0.5743461164348996,0.14739424804910461,52.63921493469701
21.649882297314637,0.1574393502731275,0.24249307299485878,28.601153788355365
32.804155195900414,0.42764155948361887,0.3735301816985538,46.58357897121342
3.8916918814948915,0.01744382222441594,0.18248742701435053,5.306856281410059
15.900364413962423,0.4030004537064776,0.7939309471823465,25.466513662382006
29.564342733033637,0.43626916730039994,0.1307568138570143,39.25029225804631
10.44658798109374,0.588356268622665,0.6799496839362025,20.62078518914896
30.142690794455397,0.5195878321655933,0.37607986519897535,47.64437137942758
20.26630845475439,0.28671738744464126,0.10329894377615077,26.49838284419306
30.060586320339674,0.004584720570497059,0.09478892573006448,31.450127379827556
18.694249586721714,0.09238869889835916,0.40023684484068434,23.298238022918476
14.842592740828339,0.7784485228139619,0.2828161371753682,26.691085326022314
8.923730815849565,0.7378665266522447,0.18768183929039495,14.37686191269806
8.493497789113597,0.2600745304649163,0.7671513097325992,15.719976586807054
30.10933426074156,0.20708235193911018,0.3707037925065527,37.369389400462886
4.932631851751628,0.34913303495202996,0.7430487850978622,9.482694370933192
3.622097534415616,0.5519520236896582,0.13119978085185507,7.03630563424216
7.21639632788078,0.28546213812637894,0.1467728537840098,10.55844938882757
7.17879115586609,0.05383507818492444,0.4768221527539613,10.817475336105062
32.95968338771461,0.3222360739555171,0.21590051409345812,45.2488128435602
16.06056361427365,0.20847119558514554,0.14795028448900835,23.33109513689434
39.6174606029472,0.25994400896896946,0.07574830833064886,49.04072036521221
5.661008060066373,0.13036579662984354,0.06101653624573107,7.13165183034128
26.210885062607,0.5270720555565179,0.6025347083307411,46.66818836017869
18.059434386609773,0.42130474659617995,0.22573051709585323,28.35752704451489
15.838143432543541,0.21669049383628344,0.7827353226461079,22.89760803366664
35.028351122352475,0.44308998504499314,0.14649690198329984,47.68687086218596
39.02870670397031,0.3941662777337904,0.28355732001907835,58.24508814564737
34.939786559212315,0.6367798852528224,0.29992689558586677,54.45872450624478
7.853567025598294,0.7647874154721613,0.4001222341894639,13.080792054905343
8.987757264115574,0.10453640718292477,0.6965086951835628,13.865917825889898
26.311740387983516,0.7071307831263863,0.6678161679713499,52.89389686099939
11.705526549200028,0.5638375506279217,0.007965064691036262,17.768841573821863
29.442060205067076,0.5540428362383238,0.3274040535666101,44.19112460265969
22.743541902223853,0.29944071771397784,0.6623493848324656,33.72330136271356
22.126168985918035,0.27512655637193684,0.00015824626136815568,29.790577448996896
33.176167608583675,0.004511587858013577,0.4269116577745951,43.06697636860559
28.479204315358576,0.7857638997098463,0.20758049706656154,52.209306155034525
1.2577950468922094,0.485204665898439,0.3302148393936805,3.4480880664803997
2.168473658411424,0.32186289913914035,0.33624375990304645,9.87174054818255
24.142026407749423,0.43501505751374286,0.31340355257401153,37.79102309977783
19.550444609766565,0.03242162727700997,0.7135600977690104,27.74330673772454
10.555349282651056,0.13892076423333508,0.4291708871756277,18.013569822028387
16.862512275129102,0.498687939970722,0.7229973790623878,41.019228849553755
30.364830685567846,0.41140938374689606,0.5813939258570808,52.87250448260388
33.099137089385614,0.6296598583421065,0.28089605677920454,52.01273344349254
22.536678102023757,0.5269941523562697,0.394850945239164,36.371893459762106
15.537705338112698,0.48114854078350977,0.3118868305642334,22.005877009099766
10.973731107505257,0.6522125634442508,0.6628594225602573,21.899564136879594
20.972355136616287,0.0546104844415205,0.15007824957677096,28.402528187436346
12.727034818862363,0.5527094371450282,0.7491298258092413,22.014799100872025
22.65098645447947,0.5724725706312124,0.4643395954015329,38.68844613234492
27.130764823883577,0.22013083974400882,0.4894063631744672,37.24174792502483
2.8299525945919144,0.15651970918991553,0.4134411202015771,5.027674862323034
0.24248510790534009,0.17108198036479935,0.4435971816359341,1.0
8.648630125861569,0.15851269074559537,0.5341403331382617,19.856590069339322
35.801557609207485,0.4190257527228757,0.5240282040806877,53.21769011440049
25.922372376496654,0.10850104909266278,0.1713176710959714,31.74614888276997
7.04402200709351,0.5274286891354804,0.46595212869845926,10.694051205781689
35.632505680580024,0.08406260715901565,0.283701152550754,42.66197457045826
18.90424642343613,0.021511712248204962,0.509624244642303,20.527352132396132
19.148451915810693,0.2554321939566969,0.43826766421433505,27.785519481579374
37.43456936493767,0.15348777898643284,0.14374394696999407,43.11968650449627
2.5675703488969326,0.7909296443280659,0.5877871340312288,6.5629224865187
8.764095330222997,0.24239704049377392,0.3656107579835922,11.635367332091992
23.51369874115795,0.17765126882041102,0.44115324182890964,36.68792922527763
7.9803630813637625,0.15741585879937167,0.5381142919398504,10.215061164914783
27.24517496651652,0.29908232384279226,0.5222974191337096,41.05948011915674
8.720873115601462,0.4846791162652623,0.5991430560720357,16.80005526616396
4.1464474298328104,0.6255562200370259,0.16540138291449394,6.214473144456035
8.43800935370542,0.29166099819445473,0.08831298698988554,10.160158143054398
17.024814564028077,0.5007767840342315,0.5353436597394755,27.84169589436862
7.210304307088579,0.38564791862351,0.18878795733254572,10.976762936660586
5.560742591949222,0.6771962770027188,0.09168389483986134,9.518438979062115
34.43921907151385,0.4552334217267482,0.1049899942475264,49.325439931640176
12.95180870317285,0.23191333750328014,0.25024009911961126,20.200524655589376
14.558195723426492,0.5628698057426047,0.7934296384393962,31.78538776863767
2.3997622981488598,0.6560515904183967,0.12580826134966802,4.789366269633468
14.423311015381753,0.3723525254111721,0.23882924983877427,21.791846528055565
10.739325657398869,0.7897577911058552,0.7365873215057144,22.388442409721865
24.49730568020318,0.7032775033530507,0.7706464505126421,49.6996110593725
8.374533847361786,0.15756373573239318,0.18307468892121445,14.261454563117907
35.55694503190105,0.6294046977249899,0.7043621576405261,67.11153538143387
37.200731512598296,0.4807609954798129,0.11113435561841092,57.290534749393224
4.17327607563625,0.42784903824626774,0.6092291290404126,8.498095433655777
4.474637660285373,0.41115086926365474,0.01040652851789723,6.077911986969051
4.789992236817321,0.6827289142259433,0.3252957033927681,10.302766154432428
24.858856401150415,0.48869823112275884,0.19786816537391055,37.32298629045739
5.05436477554299,0.43016478804298697,0.5632064113272982,9.690407458190547
34.1248162536246,0.03908792540643927,0.012844905084147751,42.239677012617406
30.220006294528115,0.3586422958068459,0.37192136484122645,48.25913991526801
32.82839255787336,0.7264332496364062,0.5573832197959482,57.472207692265364
21.13720897006363,0.5693893834756952,0.03736389860014633,30.269652678123197
39.86775301846231,0.040763182444922746,0.7179201457039779,57.122526084653195
1.9581690971776184,0.7071938257208339,0.28895792591715913,3.033024669868431
16.17034557460731,0.6613337771016433,0.13221266579379407,26.087813535362773
13.092679423717918,0.4373473692556224,0.18037159682436865,19.078770531916113
37.95609084876311,0.017924372145825186,0.27112474302437056,45.214860361067565
23.159066148204193,0.4499436944270405,0.1587000814578337,33.23973082247963
32.28640042470006,0.04367123994114089,0.40846300313216233,41.325268769762566
6.97957950760905,0.25630316770998435,0.5063453891994848,12.818709873911036
39.14963892723747,0.5031276951221911,0.34674408710665977,57.92171789433684
20.045853965677342,0.7303304671057396,0.34162571991609786,36.351946183883356
19.8481486355717,0.286236509807583,0.6253596154949621,29.801776678379714
38.84121219612037,0.6880190263067627,0.24081337036630812,69.88197102761104
15.35314797644237,0.7346888083204131,0.49821506712579366,28.660787572847404
16.02149597728872,0.01683510436585145,0.714337268034778,21.7270591138812
23.473157571636474,0.19154227020202522,0.17721149207680975,31.755498815921964
5.29649389980192,0.567889839381999,0.4959205840195658,15.725852121101934
12.979207931191823,0.6054744344636388,0.7583774240438275,25.048587666821113
7.889691233316195,0.3139334801736433,0.42383620396436356,13.536321150746835
4.310682468460574,0.525403690218284,0.7815181789577043,7.237117573612815
34.6725553319746,0.48972689388962815,0.24803683534783716,49.71265159104613
23.655380411873544,0.591819969280848,0.4514351141329585,38.385346455347246
14.475177102810864,0.5749267421960974,0.2488286009607623,25.16542474726935
16.465041219195168,0.06869663839228908,0.0029755400539205113,15.787621066661117
17.374456346756713,0.12660014475204875,0.7978464803565267,37.54885771747672
25.399337449359432,0.10618171780745281,0.19204805442982123,31.40624773191849
37.085421781261935,0.7459840558742552,0.7784815881893854,75.69330220947442
37.32462886234791,0.7308341186823915,0.5224262613177016,67.19047115357223
15.781380785320401,0.637929815677576,0.7231468871588582,28.572765885713313
13.304645891991226,0.09337484854076745,0.7737621976429064,19.357646594131396
18.15165070737315,0.4594171759356687,0.4542633650735864,30.017816583395174
22.803782371054,0.14978450087188114,0.7997530754410066,31.85211327470039
18.58035287569998,0.294707150047042,0.6138639274202959,28.002552845375874
26.418385710704694,0.21367302130993038,0.41905164487485874,38.88374117407663
22.26508113051459,0.6631447851899728,0.5239546273527087,40.455777317076276
12.964478758424226,0.11556111961541858,0.15541708586127945,19.16330887624487
13.960086069352776,0.5169433348880607,0.00882609715227991,19.406265787218693
15.267992944877289,0.7871157310209336,0.20543147808571371,34.886033925434845
3.96666277632567,0.5496436666029068,0.3479766893759256,6.479983342045857
6.80929277007613,0.06338679120556777,0.18244206948940322,9.75004347450876
28.979929325386365,0.7262796015700199,0.4112287183889584,51.445874945072546
15.686049118578783,0.514463742151677,0.5263553137797332,26.98649095688338
8.738651107893716,0.3650487836841628,0.5246350792800302,15.129408395416627
22.594361940879317,0.5277539828328949,0.7150115444265028,42.38493979293815
30.270473790442402,0.7032354643781096,0.7730552771865679,60.973141614830176
10.445410021345781,0.3817017823321995,0.7125560106879107,20.07529295136832
33.10623730056503,0.4250571862497834,0.4961399674775409,51.430764217406406
37.11469341307697,0.36195791937436284,0.16461132367290326,53.43470478362736
23.976302257138858,0.05807314105893218,0.7547609273359415,37.42196734668365
26.824116827864867,0.6296561015418868,0.13988831581384523,40.82609862158879
2.292524414857604,0.10112939491347116,0.12114190600837214,10.16154408242225
37.83169166267188,0.31565600823064827,0.254055462324348,54.8208156509442
15.82089242374476,0.30945827648618335,0.4588844490706306,21.906397524224314
36.97123594170811,0.22403263366939036,0.5451781055886434,56.052747458233384
23.24330548505965,0.32200570071553475,0.010634141876508796,31.849983384775236
0.38382819396443885,0.4944072883059429,0.6224178173758002,3.5883379422603694
1.7339715730727414,0.24910984976616943,0.14001563926979374,4.286018828764764
27.28066846566289,0.13800955015862115,0.23718788121041695,39.53487725536218
22.594186950510935,0.6954940084058133,0.2576693806365213,38.12633988527153
1.2559910008017587,0.7766661198857084,0.265956799118994,4.035819220073849
29.789706456650933,0.3668670591010565,0.608294081767577,50.139951858868784
34.11538441535343,0.26161576987566865,0.03275548976174365,40.82044588841157
19.957415801084466,0.03798566222258346,0.15721425471385564,21.844701881616366
18.737146126218747,0.02948123248804251,0.01785538492195853,22.792037312125114
0.4178297316181738,0.3143055965163217,0.622639565369413,2.3403273647910487
31.508658557245248,0.7441936146407726,0.7869778706920989,63.704095562850526
13.362499456494994,0.5845668347212516,0.5276377274132514,25.815310412424026
35.174792067345074,0.27941553509662004,0.472111344735049,52.54431729515447
15.04781138481051,0.7744371401456488,0.7264529707108023,33.40628267340117
22.69010084310208,0.3430063226045846,0.20396318909078623,30.22105352102674
10.959603170333233,0.22143419517971658,0.05316984411040418,14.447889713331847
6.5914148408797635,0.3410825957794858,0.4079759239777726,11.104491610060675
31.04133455457685,0.16923458158706622,0.208278962539063,43.16162888466317
19.964301058082004,0.7085110161606366,0.36086529174472165,33.05439839331474
21.552219365339578,0.2889386483341522,0.3650398804654475,33.256311521117276
38.62355494857307,0.5263751715954571,0.25506545925445556,60.182796018798236
38.550480506441716,0.31123775906173085,0.3890596652664428,60.2579200776278
34.25455644375566,0.72138513437117,0.30412150443992136,56.633887781593394
7.666849852048336,0.5139046013725042,0.0904474694255014,14.733204225902476
23.852053233202877,0.3906015122250396,0.6933805659246239,37.537574521468166
35.15026750129039,0.1057143753450708,0.5610189715441808,50.616381899606424
15.103664670667719,0.7215333302817635,0.033047091999872436,24.067278442764557
4.224025404236282,0.4374534946174167,0.09262914021704508,7.143910153456704
32.47632350914889,0.22804237836913402,0.07721157656961922,44.81228599320367
19.37418934421443,0.7023415134533634,0.04939483760706214,35.223726098882324
22.662828678295305,0.04355234191552624,0.04724542067243816,29.81398378880666
39.289342993450205,0.25126153386365735,0.12568986634896026,45.996033544471985
24.367014933664066,0.4294627209617181,0.6782955268239426,40.82385446367215
17.114179549510833,0.27185146883463446,0.6625866369585407,27.94562726111707
14.92537784031847,0.38138740430308626,0.6265171802227082,23.669636844468485
16.821247847631014,0.2114530018647871,0.4917652052308582,22.856948454389748
4.912283510511017,0.10406647274631774,0.5787948425709076,9.466728129338831
31.831072225019355,0.029483310893481374,0.590784968672245,38.372305426646285
33.54113095584424,0.12611725192971354,0.7114502962461339,45.94756998129336
11.519005956021672,0.7623572112198495,0.5858744237086125,23.205400966556574
12.291105412715773,0.4603225066693908,0.5891674464167724,22.666257561237998
34.998503402125564,0.39116810022236126,0.6432649381707871,55.976835722981306
1.154020150012627,0.30745907144456686,0.44508388474210553,3.6449239730579266
20.91420626193566,0.5667361167867083,0.17042303203408737,30.404964193431496
18.654293444323738,0.11300758072487467,0.06763398205524665,22.7224032849565
27.667045429222696,0.22090389412213077,0.3352348483055191,38.08004106613687
6.702989665948288,0.5247216957310022,0.07334853734885005,9.653932506135302
26.799563483647116,0.3832514916681824,0.13544322524346494,38.71481013823424
15.19401351342008,0.616074031167271,0.019072009409948,21.944125158872115
24.82484817115175,0.7176878751653226,0.2401650328292079,48.30240139584258
1.7957813929364814,0.658698073096525,0.7759982579216147,2.6695502971006038
18.57674244794347,0.14736617140858563,0.3031450181315285,24.071294657798887
20.98558558049841,0.07317618842158283,0.19271408484086505,25.785799489793764
8.730190833628466,0.13555248043603882,0.3227595817105853,12.664804721272889
5.757021436329004,0.6268245532801845,0.24107081616534193,8.984752092768199
7.701277259889595,0.7310648715941684,0.5391014583426886,16.394710260412534
13.89681490692125,0.740359094163086,0.5075734089272645,28.244688337949494
4.0530439423378635,0.23857263149635646,0.021874326216396955,3.5886808118986986
37.903327870038254,0.6722731024108467,0.40905852464542813,64.33333045252789
16.318763647533526,0.42898842801767734,0.028959750140349707,23.436013883468213
32.39699017976861,0.6582334786785659,0.54189061313142,63.36058049437683
38.9818014997321,0.4386918739040009,0.7486466645018068,63.23095476802084
3.4132641441090166,0.11671457582329454,0.7259903029819352,3.648280584267537
26.13644482381276,0.06337564085847794,0.16456968967274124,34.937973689782346
34.882081652300315,0.7657753193674717,0.5941161181771147,66.03383161039272
25.442530471875784,0.3406420451452632,0.6344527768324522,35.39403001244901
17.275239630025023,0.28041651591785427,0.6914940264875075,30.63771569673823
17.356839033989942,0.2850424678146483,0.2076789366404168,22.952489029579297
1.6287756630928845,0.30314752918037763,0.36066787677772805,3.596170871172835
21.477109901313156,0.7559974623154706,0.17720354322927234,38.16008272308732
39.743011272116526,0.05016366992254069,0.019447565768953103,48.87630092337723
38.356559533682976,0.09524902990583933,0.5272101022919657,54.42052408085553
1.8078893079180944,0.6317212123854794,0.3451708943145165,5.204074167907664
28.290720744453626,0.439527593072111,0.19849350445085384,39.96789170259784
12.210241694537844,0.10282940636876159,0.6776831578396896,19.547207952367373
36.13896830556424,0.027568109422669098,0.3965445119833623,46.28204663150388
1.9955668792292856,0.17938747862338192,0.7957261417700725,4.700021658470711
37.447789260041006,0.20864859016821688,0.6346862615511737,55.032838510523334
33.531534602753524,0.011370423659713592,0.6953689597887359,45.232016572319786
4.87667441365354,0.17287243066975472,0.6186657990381375,8.188918462822578
2.581008625228508,0.5906551495619198,0.0847399191604973,4.123136527212829
33.42136504021205,0.684346951709603,0.05202320052293655,54.27075755191013
6.399155304788259,0.7185886638157744,0.7320630180915708,14.684665547791639
21.488946488439645,0.31193122611483476,0.11055775043184167,28.794685131542376
36.64664534357264,0.25553098072284613,0.31298092053940824,52.74459479317801
22.784434919263067,0.7998886785663101,0.4879288092447447,43.96282832454676
16.009885398618398,0.6154723607372711,0.16951867992159653,26.219254538997543
17.911638983188887,0.4298816647260435,0.18022803496622145,21.075661018542952
2.7120633940140664,0.2038171461515173,0.3729930738331012,3.4790698958565
38.756342390191634,0.25704436230808375,0.28871607316794173,48.72882849722842
12.564036566227093,0.41229147906350977,0.5412605336158435,20.009588945524815
7.7366669685795815,0.4336663358326005,0.060060956416502,9.047825402940433
11.58468261324773,0.010942915418942257,0.39100693558225574,14.953584132009636
38.58205315668086,0.7675200682171797,0.13940793417241357,65.27246808077294
3.9525849288226786,0.46048499788125086,0.4853800072005985,8.742536972201979
34.71866101194702,0.4713265955273067,0.0929706334082745,50.540960658456704
28.372186997177618,0.16917690700305538,0.15810549322353096,32.71224065353283
33.23476333052932,0.6119897430409984,0.6431111862746508,64.32506420429075
39.04072210664227,0.5898116160734742,0.18813359203041102,60.60450029610786
33.7177552895715,0.07612637872381126,0.5896522710350606,42.11941069380299
37.74661758085854,0.4759954978079362,0.2184501597505528,58.20207813449966
5.252023220278606,0.5265549962639039,0.18802200418706488,9.420397730822243
31.872384893645407,0.668454539659102,0.23932382630501392,50.402027666359096
21.9178926244257,0.16487294313416856,0.7047455875381989,31.49292820633079
21.83112468417845,0.7021078374451247,0.3177325274693824,39.568816520332206
35.97707873755644,0.36918485736607654,0.19500842390717896,49.53542332716823
38.87779198213911,0.07721889544451584,0.4293115789575305,50.249309857186304
28.252565257118597,0.08449697720870075,0.30851312942810855,33.859800116212796
19.420947900976998,0.15824356293853567,0.6321580158173306,28.31769933123979
18.36487354449344,0.2262005647882468,0.7923564946504222,26.694235257306627
15.576389997482634,0.3971246435678397,0.4212595541326669,23.054982384045612
14.591641376991973,0.5990009581956479,0.3613991181222795,23.882362995254205
15.781972299040367,0.14938072161554583,0.2744283186511085,20.9158007122145
3.7721787629975716,0.7941214355996293,0.7786709858161103,8.940739539794306
3.281956193365441,0.12921754541625008,0.38662662080374566,4.290626658663198
31.238819786118004,0.479502374177718,0.14239748794883952,48.363664702767224
17.953701138224996,0.7431523486970719,0.7753727243077408,41.52249384687719
37.241242644075896,0.6660059383014617,0.7687057007994856,71.07129035445931
24.566396142039306,0.5183113613305279,0.34858004186806124,37.27673792471773
1.600004090939906,0.5723943974327188,0.27854881042636576,3.5233909419589726
6.469428984435683,0.10736450136429143,0.5443499573509083,8.25841015890457
8.3916277619177,0.007730443008198584,0.6631393046284879,12.839116479002273
39.03429377070849,0.34731902748829824,0.398825705826822,61.77102022704789
8.904428200835067,0.07161514107064244,0.26465039284242675,19.754042772023638
20.72707591626444,0.28620204953025946,0.24111520869041075,26.822849426677596
37.45984187927981,0.17899423485579008,0.26127898177153447,46.710426497373014
39.09227065059142,0.7330773779045942,0.09442635209792805,60.03309668747772
9.607145328265073,0.704044799206446,0.622896349084167,18.54136957250068
2.1548822212515972,0.6551542788248068,0.08396789081530916,5.947146833021139
6.313352935002788,0.57115543873119,0.3186515959470822,10.836000355182927
2.7204734523618117,0.12325754328322161,0.667954669712692,5.023032442483794
7.9659447954749885,0.038693940959321264,0.32328471655352,12.087127308068945
22.829074645208667,0.523110286283754,0.2358094383407619,36.509666332841725
36.515462092566544,0.5138065097400795,0.7586029790426139,63.51104042691645
21.581311571034732,0.2955394278035848,0.1012350028264085,29.816687983696184
25.11438435662341,0.3781493331484777,0.7078831222275794,44.22078554776758
8.234316614059734,0.3913195105903915,0.04966143898944369,12.9567424567623
32.06322810281923,0.1919425061972051,0.33082353028205597,41.53618174277511
24.787998558522208,0.2513332895260687,0.5053768443982937,40.72670220950752
34.59264580187045,0.3347116437308013,0.29603070731334474,48.000049911181044
37.96395565883021,0.48254322392927185,0.42768513676916675,59.99011852335334
14.046450875112372,0.764655364813914,0.16320133326974579,24.88270734183668
3.805046529710486,0.430787687615232,0.45522761397346945,5.393382007316921
9.191972525087941,0.5849311276345612,0.10764697351939052,13.848063589749655
17.626094313898317,0.6456008819164426,0.6368770528716611,32.26113150376431
37.83860734261404,0.09080649704684288,0.46703193075370386,46.309263744192634
15.256730930461925,0.5224997340431528,0.3855456918550821,25.74179157426904
30.876773903881723,0.3856885762035396,0.04373343666646506,43.31255449464392
21.710972348396048,0.45794475379831373,0.3998194687333778,34.076526234750936
7.475789063152866,0.030733548615235674,0.45085554428899227,10.464646612836852
12.965217934347372,0.7249725892379082,0.21253401072573164,21.385168994551528
26.19703702390818,0.7622273196603602,0.5420722727265775,49.995621061208546
26.979565108458758,0.0027855389476894032,0.06141211897081647,33.53435235111376
17.503437923000035,0.17023327363320873,0.1669512651587966,22.37161425572481
9.300094985952162,0.14415533896715998,0.5900388138593882,12.871699063213779
28.931889824604514,0.6250436138238812,0.11777777514081933,43.84375049647982
6.921147056186047,0.47846404728945624,0.1964390556980929,10.295109305247344
37.47945373623204,0.1418669306373854,0.5206842783235074,48.72911291627503
7.678562445651772,0.6511767642550884,0.5830733630488899,22.013917848584626
4.471032040734313,0.28277989744459875,0.04119140369874561,6.446512009537129
20.006378554142074,0.3686855010344819,0.10127153060177206,32.88036952738109
20.87807400476582,0.30984528425651636,0.35689440467461014,25.974017990971472
20.42607800817414,0.41710416515298365,0.47423595586575706,31.49127481410476
17.579366075685808,0.3841139750629803,0.36302498747648865,26.47375228660285
39.79363273461841,0.21966720212995414,0.5176559942494063,57.17731280301917
19.553968384289156,0.3396448299950723,0.6047943252175672,27.80271735271005
19.22227391344527,0.7266697198834402,0.7596350780063219,39.95163677755387
16.986289296039537,0.4023153091833961,0.2799045705035577,28.275843429803732
2.8596650371182237,0.7331091283379005,0.13048381480357288,6.258396384926068
23.799673919754717,0.4401016382543717,0.21126720343056313,31.856368193625027
9.27311733448266,0.6150538346113271,0.11853155604143284,15.818766775418537
25.576837413116184,0.23487304772777035,0.3153965135783329,35.02044082836056
2.2231717855493907,0.6323307920355263,0.6980538127212524,5.824292014165582
39.25920662986947,0.21145729038798847,0.2776479175554853,50.266544110686105
18.866402144704352,0.015639977314378408,0.1190581617780774,23.07898787613798
35.8908637893098,0.12858315454215444,0.4181063056183755,46.040506099951784
19.127334694670804,0.017322300025629466,0.7935550533281122,26.390929288755892
2.601166579254025,0.7576501135131429,0.1505449749350076,4.5765771580881385
32.92409913453351,0.7999816163341554,0.6222999614053775,67.34503804262835
25.997712440751943,0.6097842108956165,0.6586871548594422,44.898525921890396
31.313930493443014,0.0865025310012701,0.3210706748008015,40.96260657388415
17.241160567653157,0.7191563682661197,0.4956411509316199,40.50294898437297
25.589882421016465,0.5950209466128835,0.3458987606009509,42.29612888876841
34.277914351104975,0.2657956123216703,0.2098615492319775,50.47625155952343
25.316404626301118,0.4018223294471457,0.34089504005788823,35.27202029146351
14.037410666468949,0.5294074730095751,0.07623210930405727,23.05986490335221
26.56867785577475,0.019240380538616986,0.5655648909287142,34.352073193609996
26.939796706839875,0.40123272967991613,0.6633544253034434,41.982792393465225
38.43136110776368,0.5859163466039882,0.24591994669638623,55.75829010372079
14.962310397358433,0.15058029751706625,0.45318145950398603,18.330332874781277
17.118254347062418,0.35503245878346645,0.18571882563154915,23.684415862333157
32.52249385524495,0.4260241033479466,0.10196836013824938,42.77959177254408
20.3293401267611,0.5884522975673858,0.5308948520897279,35.98953150298696
29.515609106006174,0.771562968634486,0.1072860772063299,48.96675445157784
18.496436685252963,0.6786204384034332,0.6255832553649339,34.534117413806975
8.776706644145477,0.49721473618396017,0.21740363900073928,14.221376004388661
29.859112942684227,0.4669125398678475,0.6548107144021286,50.839935372861014
5.419975733551455,0.48254935445813657,0.29480365951234155,9.493474705156347
8.10362980854606,0.436142914127819,0.29507407411438785,11.053141581467948
25.1476343148115,0.047490304207138845,0.6004582085379875,34.577329692238656
29.941338047644376,0.5586371156705641,0.40821261970837697,51.21085539446638
35.808577897339035,0.5730694401036824,0.16078194112789915,58.4612921718385
11.048942597152488,0.40998428981362195,0.6803268384427481,22.61236866412024
4.606825492302063,0.6963100843220345,0.27212256738860763,8.859672593721115
38.25065704900064,0.5379494422053428,0.0822214086707212,54.46348555843585
6.3460389032812685,0.29013172628561357,0.3328008359383021,10.991355300771913
8.067145893734653,0.015755482878907403,0.45916941053574317,7.155998555213808
11.794912251626934,0.047329317198144066,0.487908267151278,15.611481461814114
21.269775890246237,0.28143860931342907,0.6684862762430561,31.176797488730347
35.33645752815631,0.3696842601589463,0.4331254590347797,52.41683741223995
30.4697317046487,0.13349689560674002,0.17896838645388008,38.145501766671316
28.384670642936875,0.1514626451381057,0.20933306458872647,37.11110362476812
7.172186600668946,0.18416908702346904,0.08067247063552214,11.71736399466923
14.435768734733774,0.6244106716610182,0.5887394313890094,24.761901004200784
19.24051605824978,0.6170302727614172,0.08475323719980637,29.84593946720964
6.067552948726316,0.30635118833102304,0.4846501058198365,11.167526434430401
11.082502144641564,0.13789150526751667,0.47755791523729063,12.13783931865839
12.471661517323199,0.08872670805077539,0.6284028455802863,16.710985896741203
5.265592693495762,0.06970344963773858,0.05970375974833689,4.712315810508198
22.09953973794865,0.3130234007194977,0.1623290748089371,30.50284414474595
28.260122221662876,0.036433946656895526,0.7276499016185108,41.33405140306823
2.983278932779076,0.26690802970106803,0.45778946356960976,4.732335112422018
19.34869945017336,0.7692265940329099,0.3661521704880628,35.79130236943341
31.33200557165824,0.406003692488031,0.5981410123698254,52.735462807980326
29.970007132307384,0.6581157254681512,0.7220243608713267,59.46193407772624
32.639909229506415,0.10341275671631928,0.21040770955963917,38.44898904282616
18.039977200190158,0.2144630259277639,0.7211805030490748,25.535370552325872
32.858171889066455,0.7572371556352071,0.08695570083260291,55.390567999527775
9.781972234327924,0.3068415175472189,0.7821464381839025,15.90609351925461
14.560260344417108,0.5187249027586579,0.13188146007968812,23.45036137318548
7.218951941428491,0.7809014233300715,0.21298909488183515,12.804530221779926
18.805884669257157,0.44063020506458844,0.077275152073313,32.94179576556747
15.803988892134639,0.24427675938298876,0.6429412055092804,25.197656737666218
9.788899233289625,0.4255587647616499,0.7873856496333431,16.56749733121165
30.120872227385103,0.04370975946468745,0.2375812068558145,36.124323204946805
12.691101530043532,0.08989589927415294,0.2604895683214351,19.730862531961005
11.05761233980426,0.005736884041815937,0.22318392270400206,11.72272206433628
5.409435167849703,0.7073680332520035,0.12386248017194008,11.853139350163863
17.665103731717554,0.5370243431196765,0.6299553733909541,30.91404773194007
12.25799222772462,0.2386638121061985,0.04857587200729796,17.36235310248914
14.897059085370548,0.17692913536584368,0.7742193043794262,23.03059593472818
9.592691052297994,0.5464612809262239,0.7418524196072387,20.240385552782662
30.573588494832034,0.735625651828226,0.09475126822739713,49.03532493722308
37.21413322471775,0.23931127284168854,0.42361908096838596,51.32142348672778
20.017687740997726,0.25724728750942544,0.7942810869154696,31.783961274537845
25.791337248965135,0.6833925801550184,0.6820953992387411,48.372778553276106
34.7134566089469,0.7147006527070019,0.5721069807668475,70.43921063421561
39.953419565879614,0.7312292534638228,0.01796875635272155,61.35715313107557
24.617956092247315,0.23452336640535584,0.05470195629459314,26.564670612589772
35.613222768286775,0.09625005407707912,0.635213678754154,52.48922036900204
36.36260821291455,0.3519980575988337,0.301155883352775,50.85531448328081
31.699769214743366,0.23661189211294487,0.5347455019672381,46.94503977321455
18.545069364709786,0.7070933334494687,0.5913453016345265,36.183902125629295
3.4299292168711926,0.0293079534428359,0.3377473420200713,4.345805272828709
0.829061106517327,0.5071043757090179,0.11470540056062362,3.35324346415812
19.192585204660396,0.7249450925984912,0.30935560246336946,32.57816916571913
19.873718434677784,0.7813362934448529,0.6968387538548837,38.013320367849786
16.413023036946296,0.5201044794384345,0.264868623225583,23.073189210466627
22.813060581396307,0.759938365617904,0.05011955407565845,39.25758881555011
22.176075591516195,0.06052757010005383,0.7673051337478254,32.85633078874764
33.49719903310118,0.2874226767969918,0.5445415271790948,49.00205252263542
4.524552709838044,0.006971757861386952,0.43268540155005275,8.663128713857015
9.162071111000708,0.7849470177526547,0.6632858773449903,19.701488802001236
31.761598162593287,0.7221811830133594,0.3289285424776767,53.7386469931349
33.943907315501455,0.022442044998561086,0.7880926352084763,48.47490069964129
39.79400370211054,0.014506120367812781,0.6860584555182591,47.7260672157059
34.94189825220595,0.2935755952850929,0.2244357933247926,50.31567310577357
35.617980481478774,0.20683037343272145,0.2968383897421119,43.27621796412491
12.711048116670211,0.6775458217940018,0.22059437135875656,20.545018484709956
16.186133033573178,0.12838752261748984,0.527472674278591,24.93109179617161
10.86978717185793,0.6325195701606859,0.5114655448539237,20.003811336525324
24.33071604807008,0.4435677599925306,0.41800469881017366,39.70002868729966
37.56445309744013,0.3019134171239903,0.7726722996582649,54.39382322918841
13.916707283162383,0.116575809386703,0.3778202305421518,20.464265615799683
22.368670918881715,0.7981530447677369,0.6269779153572523,44.08561778425404
11.992725292048704,0.4943888967372294,0.5264760937413359,21.84619690187191
6.958038956153758,0.3515057860543954,0.4145479521157347,11.992048462468075
7.968384086782495,0.29690204524218533,0.033676085769118645,9.10184984176591
2.5062247126175716,0.7245825845046843,0.5259960190561053,5.285722013922434
37.981882215768444,0.6569534465526088,0.5140760674209803,68.35079194018518
16.234608418603656,0.6489486306945791,0.09989919567403849,26.644520163505046
33.398011501683904,0.4929587783699143,0.6367319802885327,54.913896435111646
27.316913013049703,0.7103652661566415,0.3735952667560337,49.22046073980216
7.838462224161199,0.23942269769765634,0.259316811523847,12.000995001526634
7.183397413847695,0.5629649081306315,0.6591675086767728,15.072605443642171
32.517130420119685,0.32355819391351404,0.27469676759825895,50.690536859279575
10.735526082657586,0.47999904684775374,0.49748063302706114,18.926535716999197
36.54875031133864,0.7985224004901543,0.4943318411651938,72.79969894622675
5.774205106641727,0.7876198245402547,0.04224478605861357,10.293393288713652
27.172802855287884,0.4100952131739586,0.33826690445977275,35.366334168185254
32.61606026603117,0.4590907617318597,0.17822299994556517,43.25138554663138
9.563204258942669,0.7178574153098408,0.15965652952084472,16.49910325484124
11.193053065571327,0.788508570011084,0.5239695109017679,22.337160977877613
38.58785166834023,0.6228862421008639,0.009127996228602964,59.44393107540924
10.730984692777097,0.05214756636690457,0.7752631825715972,15.353320869564339
17.3122905860219,0.25811178747509117,0.31631280480385693,27.653973326821426
17.41412061104617,0.7172498719362463,0.2390428227559241,30.065377601183712
10.270783047201403,0.6146820046803845,0.7359795199499659,19.156807431824927
31.0764852401962,0.5937864568195418,0.389337713685476,52.32306651842179
30.919603860520375,0.5343385843745129,0.4914602011882222,51.51598255502006
15.257056966106667,0.3322110797059068,0.5566805989095692,23.803016586744
33.438006485013204,0.3225930562757614,0.6971290187875708,51.54284851936855
8.680382389080293,0.6471459900726408,0.10379359185364488,14.576195003155693
0.3713698715736101,0.23502423341205675,0.0653225432736189,8.76955491765056
22.93246100981849,0.5478654981607788,0.7949686274677914,46.228176099421404
39.764295343604665,0.5809668187391653,0.0071070413008563985,58.440305925557055
1.738043531110007,0.6756447914892231,0.5665558028920208,3.335653003166835
8.47832333359673,0.2559084725656126,0.48885228956689686,11.120994521645652
20.85280277098595,0.5935114134705617,0.4420408173673336,36.44268736186982
32.43564131050585,0.08519191806294951,0.6286623673440748,44.6695889903851
3.743871801987118,0.11044938316152378,0.793978358108367,4.921779263167116
15.930339219603992,0.33386883213872126,0.03750865719514192,21.187159252759322
29.933616865069474,0.044180621084197826,0.4916243941145442,39.34731559008929
14.98741969457319,0.7581586571722707,0.5734221348312406,28.56685206214917
7.715689534930431,0.7215166484074884,0.24475144493841486,14.361446641688966
7.980733930384175,0.03914695642067452,0.7142891079367449,12.052898820025245
16.51994171921677,0.670649377513823,0.3655942731597695,27.739266689804044
19.280799577274465,0.4070993392720203,0.13158276956155737,30.131136904709514
34.50021382907736,0.56157031069884,0.68352625281624,59.41135846626254
25.76164625900614,0.7095449354385499,0.7543404963397151,54.186213198517805
27.677997789716954,0.4615795896621589,0.07961193469499489,39.226800002902486
39.3228894271291,0.09306168022770356,0.6013446937236426,59.10533939103122
16.591368923978752,0.002062888389269002,0.17201137533217575,19.397806131424023
16.253505249315303,0.39753722580115725,0.005377774135217362,20.74313024652614
36.94920931548733,0.7593857056994882,0.2084910583083106,63.90621517487555
9.985848362801333,0.4580974972905567,0.6839278681765976,17.62856433343082
29.24664680285409,0.2983513104705834,0.11294710142698589,39.677691044713136
30.232010901081757,0.024737613664730686,0.10453510639876847,37.71772292530718
4.091962298328634,0.7319835338225603,0.591238164960125,9.436437609913037
18.83560994660464,0.2617253286864338,0.3250877108517105,26.475527291725616
8.18238635859785,0.563821921052077,0.1187888580276816,14.065482453840566
7.577935857538929,0.555389761689172,0.1840003011857374,12.797790867904636
18.66035879642247,0.20310652909499832,0.6356815399884836,26.643966666866394
11.719302358820984,0.05102200516858027,0.4986150320464157,15.101860654405256
31.88320581550966,0.3080003029374749,0.6087430180531989,45.01373886488666
36.3226746773412,0.2537048110697599,0.07821859119043016,47.339784861622746
32.14828009047695,0.5602051190978606,0.36648342627977004,50.45145211503254
10.788028730342276,0.6558259965278713,0.6376850006250657,20.79961188247118
11.110548868806612,0.17795633391333976,0.2126342006947448,15.848499646667785
10.338188334675202,0.42258485582115385,0.1353511747008229,13.988458426943977
5.574516223038195,0.03248667791052933,0.30542711505375375,7.605118016459722
37.76317505052771,0.17140465834676955,0.26670397907102456,46.11790216154648
16.201502366651358,0.6094092842576665,0.14837822310576287,25.819023928215103
9.142641086925773,0.634718656391258,0.7631559402850069,19.426473069493497
33.89750781022809,0.6211235707614426,0.38647872364435215,51.21270250704704
16.08797304578006,0.11391033999061612,0.4864610848879397,19.412831615867205
1.5976490821647298,0.4408277819747339,0.09688552699967606,3.6396326808765607
6.645274495935321,0.33816673155470633,0.4880280705052103,11.240580370809836
25.642163546175563,0.7931890374360724,0.444258154566771,49.94598465871346
31.35962991203461,0.5232558952466689,0.7455434622184262,62.04307376737258
8.595188661850774,0.7481616731165833,0.329853440857635,17.148244378838978
36.71234445279246,0.11628024400675008,0.6256496803809737,42.18496894871325
34.069685378076144,0.36069861848018325,0.24334478276969762,47.08903105383834
33.96555401163102,0.6172860800846949,0.46315228506230444,57.028602822700606
9.26091364260872,0.2942861824243221,0.7415763177953584,15.939391990141013
2.211332348272297,0.5060067969229174,0.5000570486071171,5.716294477257521
34.72345687140683,0.40936173789892855,0.5689269470132067,53.803309687353014
12.37084910379498,0.7935435273743939,0.7007876201620724,27.07825621902208
24.83287197070633,0.13909803205239318,0.7403394906470396,32.29629049388716
30.446681971289053,0.7482789562641022,0.16661990016245368,55.75874076500805
5.306071688742582,0.32125676304263745,0.15667042530334818,7.954771987874227
31.277366509858105,0.3743943731018356,0.44038090152702863,50.67155432695894
37.55275606665042,0.4228815069519832,0.796413101045089,64.36069650021794
29.189323636707076,0.21229323954686388,0.392121858648624,42.82879049151209
17.76066538952621,0.7709259540886344,0.26472397048274177,32.414251348400214
35.09178992231777,0.7291897641878315,0.4298090199464708,62.88821928779145
21.192813676887845,0.7783240801690902,0.05151661929256149,40.60391233369142
29.841882927106813,0.7975356577676185,0.14176541624793124,49.01991163770097
32.85613656557244,0.5358400761447777,0.11913633387720797,43.02222364355389
30.024243895620433,0.3613483966445958,0.0223324360568415,39.51678637754977
11.656624066716526,0.6805871211970439,0.5777698424362272,21.36646810315525
4.8901872560520765,0.019043902269070847,0.26037963668945885,7.278222780682526
9.68587346860999,0.6675232357708027,0.13482904899367185,13.462042457450096
20.214422491818056,0.3978288193688053,0.40979501642049876,32.32467865256138
20.310021507265212,0.5385760216667342,0.25875552477765185,31.46997092368002
23.389245102718593,0.2992368490740061,0.3144142166384633,26.132569160435096
15.925053134406054,0.2948985230934527,0.2524254536494489,25.709513918661887
31.5182769817111,0.025373722248710175,0.003186811487065722,37.36722546229003
36.54351926381887,0.33903154434321064,0.55066309153514,57.33019241570699
10.019657128482955,0.3266833563354641,0.08855238298724775,13.605015670226095
29.51362406453514,0.17983288149445703,0.17531391765037557,40.29527676313304
27.183279731292775,0.197858618831814,0.15225363485106522,35.25229464072628
21.019001871316732,0.4673116643540094,0.265093836398966,27.946186385902788
7.703503308191577,0.25421715403160244,0.12815814359708488,11.85217688557097
31.850243891591838,0.6642015272138319,0.2775616993503633,46.13105362411159
38.43292616802754,0.08910808548565319,0.19461147664618733,56.77374341862636
28.929086022897813,0.4621159572600349,0.048972090537928815,43.44506116364266
36.730827865704214,0.12803578171128188,0.6964503817358634,57.64873950900107
39.37057354493039,0.42259250153652705,0.24446488567896918,55.57035305685009
14.211616834721678,0.442036709560255,0.07622571710110444,19.672224467316344
25.601297406468206,0.5138381492205834,0.41722110316169836,39.02882763241734
19.0625229579955,0.341939957818315,0.0986204146950426,25.84654943005595
39.46782412515656,0.4075797481034036,0.6184745611654776,63.662661880013474
3.9335513955074517,0.14476209286503466,0.04926235459187165,6.624935772003835
16.612521589029537,0.3704122797890637,0.37170875995538505,27.192748755437478
35.046453972184004,0.29842431127543245,0.7550610640926227,55.05689563279536
11.505242158955314,0.5329048837235278,0.12717524292673082,19.874254444821993
31.554155455427132,0.34785737879718887,0.1610949415243984,39.69696443530997
15.434769878654174,0.6234733207841763,0.4803719291161726,27.922522480170578
39.203145887628295,0.34079367885895373,0.7838832572762716,62.98110019103555
35.36448748966356,0.18861693837916693,0.308668598628475,50.074769525306465
12.192550234972089,0.21895097516686768,0.5189160742217653,20.05086219783285
30.853685918806633,0.03622818007330926,0.12185365022530714,35.9536677308066
13.606890444564092,0.43193504848072806,0.5131177066114418,23.360192907790566
24.333241040578294,0.6647047071202574,0.20212965196391455,41.15544794531553
26.407534582053017,0.6152893654540561,0.4906300859930645,47.15611689176703
33.21789728161106,0.3502315730707771,0.07092896646688755,41.2630564461178
1.173143467104192,0.15689628411560977,0.4199752173642633,2.1421880850503205
8.962284067861525,0.6907875546379623,0.1899239957385923,16.44018115706308
28.53432886142543,0.045424827236054725,0.5453669626635307,37.53723553804338
22.628224831387584,0.31937818016199526,0.5981358296546524,33.15104652731525
19.92508211240549,0.6852921139071609,0.678514024447518,37.710695967990006
2.397356276977622,0.31454134992335714,0.7939162951352656,5.107228679046314
14.061380161765955,0.09430037660556795,0.36748382372258565,18.76279031738298
34.6309892300438,0.2127596002766369,0.5364755337658594,52.0001729713879
1.4295349140340807,0.4800235533943587,0.014738973001697353,9.633260956192814
15.97816216751952,0.1216287261556567,0.7240696266449689,21.409822137936427
37.81690184929675,0.5239482614738846,0.4925945164228632,59.43219049813785
2.225053234891582,0.3505295449593966,0.3370759834185897,4.299842768647938
30.038288891576542,0.2675116006564175,0.3474501942085206,40.83692277217644
10.45298212404505,0.1927403844185311,0.6063965170883165,15.678797671206974
34.69103151971616,0.6586639886853676,0.6667760028287153,63.10962760760319
29.893505562582725,0.31733915797072126,0.6463229410518815,47.87578457229419
35.451065800162844,0.5907834124849821,0.408467722437619,63.73273022716582
8.793806659164385,0.35228415410990754,0.29691731005442534,12.210680214389729
21.345451641780475,0.07349374950942354,0.7564314891324284,29.811448827428514
31.214943754277066,0.3524047801338084,0.507359619816168,45.15481011560301
9.978849771200242,0.4061502237886112,0.4349227271953693,16.791641868607314
9.383702949635234,0.3662737547947015,0.47865514562263417,19.72770409987318
1.281848913203884,0.6529933693986181,0.5038932065490261,2.054417170287177
38.348908700223,0.7286810792344235,0.5704583072855232,73.50989457007641
28.458671826174008,0.6294229401688272,0.4425477560329327,49.57094100974708
25.495302089605353,0.4662255217687678,0.7002842835659829,41.65097745053232
29.810989963260635,0.4331599684439126,0.687771371418973,54.31632640023212
21.358194164078483,0.5156928240989272,0.35380619572226996,34.79703198463582
19.15012607939833,0.23026423715149963,0.13482888970042925,27.27887575388894
18.091383196716126,0.6494774769189481,0.4613245710168807,33.750114396161685
25.68948064172492,0.6854785420829288,0.4965916177049457,49.56108610351467
8.22109202061685,0.21377373054546445,0.41870365916298824,18.789827141861117
35.54473606159181,0.7222545665120621,0.712462250619173,75.40831357533771
32.50774437452675,0.678986179193334,0.07441620561949272,52.323407026458504
14.112631735790945,0.3395894139860082,0.2299348038681604,17.90852083235417
23.228650013138466,0.7272001616741965,0.6926318770580949,45.03369045025482
5.812886538010582,0.09635119504920651,0.7515306504177645,8.18032975324781
38.8993806677572,0.022389247367120294,0.3407400597620549,46.675405120369
36.13512896768528,0.2782934604752435,0.15411518547275033,44.53008499185238
36.89152075866818,0.45234855906187604,0.33626359720794785,56.743028423754225
13.420089298597373,0.28115409162629296,0.3649331563393088,17.806888639604097
6.931561353837658,0.7536541869370876,0.4156555025300402,14.000031249831155
8.62853210595915,0.20376818324411605,0.2194824641463609,14.619692175392172
3.7820553635945764,0.22497071487414316,0.25010192569345796,5.561927349086547
4.9804030780350965,0.5078620900358841,0.5244701050768736,8.124576282179047
3.0379204605568466,0.003091105873366562,0.4974353207973115,4.031043125779507
39.59495815435397,0.5820456418836794,0.5296820120922677,69.93998409077177
3.1474957980891287,0.30197558647452577,0.30182798655806486,4.872087277399117
5.475174821866262,0.7821982941146368,0.26916547079991376,13.297944465794853
33.12473290451131,0.5531340744237989,0.28123093837835117,49.466289827790774
23.293560626369135,0.04177196406587447,0.7609411883917347,35.21671477547474
31.021804741859427,0.07410224699357891,0.3161960825154583,39.568562009919624
25.310297909351664,0.07053448553932684,0.4849059170703405,32.913605889828396
35.310567799092134,0.762097807913555,0.41827454973323086,67.33450277275188
25.611007605036672,0.5472412329740702,0.7009774527955938,41.62368279639655
20.980578697545404,0.3420848058311486,0.29529344062358326,28.91512675309856
28.567437811699726,0.16038615190402483,0.3473155554849364,34.4752936319691
18.006231521325955,0.6989117971486426,0.6742354310257683,36.54715872606509
13.97334015160844,0.16124474213707238,0.12876609122392466,15.582204540638248
18.812567607518453,0.565343373180654,0.47543563830024005,31.62775748600023
6.954621382922714,0.6106594892362769,0.3199265661150432,13.05121475014322
31.903554846147117,0.23572487108432663,0.7886332471401821,54.343476872191424
10.576010497170595,0.40393178973651384,0.5771072934404958,16.09454531747902
6.3105555442144885,0.17839142585471512,0.008445010244902563,12.53066085982921
10.004819222972424,0.30314372596439854,0.6715791203573152,14.5471094055078
33.714392040535145,0.7721075186240071,0.5625437249450493,67.95548714289771
13.342011564789708,0.5545104277235442,0.44876873246611465,23.69634995418016
27.504784806334825,0.6772913649524122,0.18890278070745367,50.43485827363502
34.28510330009842,0.4324796571733928,0.11945332032615222,48.79218332155095
3.294237743616676,0.19123179372108493,0.5027196502867345,5.487665230424862
30.647971326086108,0.5703038853337549,0.35195221825101114,49.48788835451863
12.445085561885394,0.40045436863245315,0.6892962497849038,23.630657615097498
8.821570094524898,0.14147909448564697,0.20989885622213703,11.104912656630345
27.61827780762829,0.3299439116945682,0.5100159846769992,40.97729184737513
36.409905584782706,0.5078721752130447,0.19907442932721411,57.74172894000009
11.941764506753335,0.5882654853457906,0.5090536632746308,21.845304922469314
22.839585454295896,0.1945766367122814,0.03867571377257067,31.52740027396676
11.735397731209762,0.7007978714794649,0.31336594145150765,18.83447513011052
22.26056631191183,0.3036408856597424,0.1381484926926011,30.92773077243274
24.95010882004275,0.21690937431419874,0.48474719697877966,38.66506214080814
24.491348473849154,0.15609604436297986,0.25338244254218545,34.36688383780659
25.017145511781283,0.643337067522379,0.6172260941413995,48.041225600959365
5.576175730257458,0.28333165997285,0.09167548834401461,7.36856239239002
27.802910689551435,0.3867192223103477,0.4449704535353939,39.02442327962535
27.055064183932885,0.1782558588511005,0.47494229035332386,37.25616800930425
27.367007264231948,0.5488728569351452,0.017683279776052798,48.889495284106715
3.148007999000512,0.6248267260419379,0.028788568680398897,5.058744290868036
17.98418592808327,0.2715401991626733,0.2465921378624147,27.13701922564818
16.47959825542004,0.7560635082971217,0.48726035152952973,31.00927672631788
3.6511170489993257,0.024488487648188874,0.7701039961297652,6.171630487126943
9.050243530293065,0.10635448261923229,0.07262680799093042,12.446960466356924
17.75031274556186,0.4710296252483927,0.5625302185686446,30.926589416746964
29.767671132351673,0.5611254896387038,0.5541728976982215,53.22518788226907
9.635070663989593,0.2005463916072472,0.5355793948027815,13.579629617333506
33.224046422971476,0.4432568775130788,0.41291787322576146,51.05467543688074
21.922771772430643,0.2547089976342502,0.7734607604881151,30.916561566218867
30.464783070347774,0.4432713964972722,0.40142011079094514,49.65712157525299
19.00772813680691,0.527462142211402,0.6706376633593663,33.413742052195694
20.067930171804488,0.778246442855246,0.21001648229973108,36.37301896048109
24.86483169730968,0.364557488016947,0.6450467994454842,41.44538389147357
37.133230204999805,0.5185728322171045,0.7972365871511466,67.13381928016082
19.774140740233815,0.46243139833594554,0.728068790219008,35.69512610503717
21.240570016709977,0.25404391511005836,0.2432573750015563,29.38963278654077
24.159479148395672,0.2024513053581763,0.6769259806787196,47.18300315732321
29.553102464449484,0.790296577395779,0.07620569842297585,49.79111077333953
3.059643352352126,0.16548188936121228,0.5421660476904421,5.4997505139943295
20.724360053174486,0.6322202136593895,0.27371698638934927,39.84903143928035
19.36734525040053,0.11726991281660881,0.5269360716764785,24.542299768234656
36.8830623726553,0.6434810154890007,0.3297992060635723,55.67768956121124
19.841561901366372,0.14858275439163846,0.007226519860257952,28.37438889627992
18.83915728083437,0.7737253152129336,0.1850212432383608,33.801048138610966
38.49555954368114,0.5487901252596139,0.0339089862866528,54.10824111324036
18.132943251315083,0.0720945949406631,0.3418159382398811,25.59259311086884
7.399200326819195,0.5545416955672087,0.6720570293825465,14.304431390824817
8.833261687670374,0.4828966102252415,0.5903974071800627,17.033475516015226
3.9884640258115702,0.2700369973551668,0.6311297489952525,8.254333899879985
0.2226115445059891,0.2085887982053717,0.6457597190437834,1.5019903414701563
17.391437307819178,0.5750086253985217,0.2975518304347804,24.93396059119174
30.81585473566921,0.5930890983598927,0.40482058359471884,45.47452942409757
29.391964423433464,0.2617646791620293,0.40676093606832087,38.87242455112744
1.4795336945534376,0.7009816886716029,0.0905668135488579,5.216720696681786
22.885319563042508,0.21506177511079302,0.4785136977026194,32.42048917305613
6.340468391456344,0.055891540779848814,0.5761438232002684,9.054403124691392
37.65483613363495,0.4798942758620629,0.4887742552906354,64.60451453959035
6.861126985838335,0.08565645826529292,0.5967727477676181,8.897504263816955
25.140240864359765,0.2213312514131882,0.09511301449988539,32.35345471453957
13.184286814129457,0.4057491144387504,0.6091271570673418,20.1881336794981
25.734140773381217,0.2290876978858381,0.16651208269478115,32.44213577647801
16.607892139270188,0.17199707393603553,0.7014614582716263,25.70157168133857
30.433793481794506,0.5625483319245236,0.19594504988063646,47.598784733346854
9.38102918804874,0.43759947312183645,0.3935939069523522,15.921945666550764
36.250515745987556,0.6718089986002245,0.3898130373253074,61.86348297283568
20.108344042671412,0.4649916757243821,0.21508025631361083,28.468844579720994
30.29250727897154,0.38675776941902273,0.28936766753567555,44.48853633169649
34.01926161776884,0.20900508128863057,0.1484773992604736,40.50799894254989
39.95337871600123,0.6336527000730379,0.45608055796683955,72.11472925655698
9.113037490639536,0.1574968068514938,0.7304224202667842,13.630968817481412
11.618318059825501,0.19378272877852823,0.2532860578893203,14.961493928232176
10.16723685192915,0.6732708774024561,0.4064500878171662,20.200235965538788
10.662279019959348,0.5929540205833689,0.6895044895269197,20.30750535226497
23.38130071326722,0.49029879118361647,0.36199923755637803,32.19586444966211
39.742196421204554,0.03113642462925874,0.6650082627663356,51.42376095473676
39.61306786629163,0.10180609462778119,0.3571125321358958,52.29654671922359
21.165574608219845,0.3999659681500878,0.3521939733686987,35.726652227837505
25.633282968534015,0.5970711387863128,0.1257919697434736,38.87465305321858
34.42682763932392,0.37128069135345865,0.09998305954129122,43.9670082777185
37.33075164644951,0.01383441953182647,0.4891973954355902,45.064985414096164
8.313652967715846,0.14741599893345736,0.6618668197429765,12.387835552532332
21.23596081190962,0.4710133596961745,0.1083251894801549,30.251845026957593
33.34691477552819,0.5553736477503931,0.7280751568855902,62.7016528445308
12.267442650056745,0.02674265016952351,0.28710384149146917,14.755905076001987
17.704399890722573,0.034665402768400265,0.34020576521665746,23.744540966693094
39.427719840177915,0.20904809236509037,0.7155627216145033,57.15985804062515
39.40485852949067,0.06680135630925195,0.7170371602571252,52.28969998928655
36.26305106845423,0.43355698575469176,0.41988710152925757,57.38053809263169
31.97824412415669,0.09896158556534439,0.2214119555626727,42.52516654063793
10.911393928767668,0.518575467921138,0.1375515778705407,18.216051932308698
12.969832947874059,0.6217802554460696,0.21726403794443724,21.71620742684032
21.98185707995401,0.7764133310016854,0.6245019181000999,44.033463901827346
22.51893950756808,0.7587255693101715,0.25967264177091964,42.04107667231526
20.319012210411262,0.21869212018822257,0.5556491688264069,25.68943474129883
25.53947714066898,0.023527682098538262,0.15616065782367772,32.26734337034541
16.451256300792952,0.26352977288941437,0.3828029061511197,29.586705487200746
30.017131461158208,0.5667840949701226,0.2816849728470578,47.60481088964225
13.475287073838542,0.047840967418031434,0.40288985865618454,19.065880568113304
13.36094447846483,0.287770126137143,0.4559562327361413,28.91698780652241
5.263593283294754,0.23842763803752556,0.7927479717075562,8.899251496324561
7.7107459591509855,0.17547650865518138,0.7199160377513618,11.78265326233917
34.05073098107003,0.5649046037842522,0.5566931820193526,58.38190575476786
17.96203707550157,0.5272776040194993,0.12299477642433497,32.80644084126442
9.269137904802784,0.42839527522747467,0.7352228450713747,16.54528162297097
30.421775780891018,0.7286197117452781,0.7140688565663997,64.15529851071985
22.248448807511004,0.08251108218421797,0.709362744059391,35.50711384695062
1.0420092546470807,0.11975137958250466,0.38321349148244477,2.325209578834774
12.791186002001263,0.30675974337553047,0.1365653688488455,17.156949255590927
7.244656162629373,0.5247056414903205,0.6035225719751374,11.356089828426366
26.303739867117052,0.46726343379632973,0.3108120311923388,41.224006294579866
11.146235417084062,0.059234149974345576,0.27565463175378796,17.992352310326744
2.7848818125557564,0.766739842997174,0.3126256100474219,6.571458513552124
2.3864125700672365,0.2440518531691132,0.4472564459726499,6.6255412236233955
23.35274645875685,0.2871780910264751,0.2668150645953272,26.84446913627226
1.0645935370227668,0.49890383923473886,0.5519364887984948,4.136942142827666
33.98192610281633,0.7561324139677877,0.51817903659493,67.63363759369344
6.3848053464395695,0.5301505912826177,0.4070900910615203,10.92960066046245
24.341340140778104,0.7638186636381633,0.04317858534839623,40.16118370563875
17.898583514827678,0.1500728950563832,0.7492341458969379,27.53802476571574
17.82549054502972,0.495047943178348,0.32935702649631216,25.990209864155545
3.0575262659298255,0.6631031135010279,0.35956255542870985,4.270250205017405
32.14953955844618,0.40721957460387775,0.36482600979453256,44.167246047212
35.74348889317945,0.2897389406634724,0.2920223665907753,49.09275399504559
0.6384633618922928,0.7878068240255018,0.5396703284944078,3.6890442325486084
7.3084461927452855,0.1127898723173284,0.01113415665907942,8.77484284452945
36.17538671406006,0.32874362202292534,0.698806663448543,53.18128490863739
22.06984578944231,0.6986990020485282,0.08195122021564823,38.74829094303776
6.1715752142787625,0.7203845972047368,0.799770940083854,14.378180841265898
8.27106001384452,0.7843056812478193,0.5024661033413768,16.38766213491378
26.467452520637142,0.7078780738115052,0.05299717928374719,42.30472532788602
29.047709525425546,0.04076562030993003,0.4499496475414728,37.044330070771174
24.05718698148142,0.7438131997019907,0.2650462339724918,38.41087462679314
38.13530552051853,0.3425337531254282,0.762434578500987,58.25797471619476
19.863731425738724,0.5212953499652656,0.6043768038255078,36.29523733781925
12.15082210327256,0.3154206953336953,0.40561173491874913,19.189179279697157
19.1938698170367,0.650934461290839,0.34382191960597963,33.545312974854006
14.514718487931114,0.46073542105821286,0.7966950926316292,29.949557488612278
9.131752528452514,0.6764357140432035,0.5339072679686087,17.384173897344652
2.0293373237375745,0.1550171772166138,0.4111437939129927,3.0040561617760937
14.218057243891941,0.14798647580392182,0.3183552939362363,20.810059044965175
28.51409203884774,0.3523014412678296,0.25966628595244945,42.99757156770335
0.9338245544327135,0.003801235969984429,0.5643355390413035,1.6848902030562194
17.679304825596198,0.5542823639170065,0.4703084119248218,33.21474199310321
25.83157417770476,0.2368429822464088,0.6785478682431461,34.509307653716625
24.494083545137425,0.4458394769715599,0.4428485786426995,40.155104259252816
31.11060774837089,0.056002848368677506,0.46586511210544845,40.691800479377896
32.45868468325994,0.13651548750615516,0.3818851958745444,39.2005756103643
28.525891672591634,0.49828733601754627,0.6100967570328533,48.46929066026518
4.291348306561027,0.2445301016888345,0.3319937408788146,6.174679588677155
19.105893271373553,0.17177755406850698,0.6815516837839319,26.221091406739244
24.21555710800682,0.18307720064621436,0.26163580892384,30.613582348121252
9.973528344616172,0.17185549178039639,0.5541000371047724,16.114661788825615
1.893562342341705,0.49828075954443857,0.7143767192797218,4.545389028887415
9.098894770866666,0.1341529715755657,0.6152590909568969,14.478125252875207
18.304797188959025,0.2901650873439123,0.274086514012761,27.45906971187103
16.674426698373114,0.5503094924747618,0.5650712023606184,31.408113506647176
7.231345856821033,0.4109368458781205,0.16558785168797893,9.204352207519053
33.011738598803014,0.4778246966203871,0.046532063561447505,45.050954365173425
37.04232941572164,0.20072558357099882,0.6331053917158806,52.584251188435395
8.213663098298065,0.7461718985321646,0.6464072921853324,17.754988716222975
37.19700203957542,0.3311033986530685,0.018344751132478,50.298956132499484
0.9108661751721967,0.22957114928986766,0.7582360110959789,3.852921130283332
37.01350641373643,0.7234609472467779,0.3567198615241354,67.12384711000544
38.086765845220135,0.5242316922115097,0.7242177179483114,67.25122204925152
0.679664148033823,0.4911566905107604,0.6305396205159255,3.034000043337792
30.56816801171457,0.7093877217329345,0.72052282224697,66.1634130041341
38.81402258827977,0.046832229017107534,0.666700506493655,53.110260345680906
36.25490830894758,0.6701436096060642,0.7791962956694594,76.86866887081848
38.834264415609276,0.5422914914440807,0.5032808010206294,64.50262085577295
22.10287552676604,0.2879942358241035,0.18180707764200169,31.119865404099574
3.310614367438453,0.20508107401908449,0.31165050458639004,6.223622718971005
34.02161007264044,0.08384471990524611,0.6015033988952649,48.07908967943618
24.63036458119866,0.7528593361973521,0.12557542304244926,44.16092616306892
24.6665224186939,0.11352968266362895,0.7438738689432158,32.570496413252684
16.806693672375708,0.20755082858470741,0.1642231309031452,30.175981217425345
22.95931066554014,0.552885743655576,0.7007797905436883,42.915965541636965
6.312475207627358,0.5681219503087941,0.3869791558708703,10.064561506600757
29.64284705733278,0.12861496368207517,0.6724961186970727,38.18620911764725
3.1856888325913846,0.6513049286125021,0.7666365579822232,4.675426883447039
29.245274528342918,0.40822981534109,0.3377179616605799,41.51225352973511
33.98934122046919,0.6787653424920872,0.5572836327343229,60.03179002813556
19.004253367066628,0.06982831187803562,0.18137408272748143,22.815788736366663
20.49124856907056,0.03426399927495174,0.6406285733428309,30.91287214930314
12.626128062298713,0.5095923051954798,0.655940519426486,21.474323531111324
38.78445163227838,0.12001903768785348,0.23619656322623683,48.164758661461825
29.3783540874699,0.41995923658664,0.01931260997655189,38.733051903991985
14.885744421353728,0.011287007427606978,0.3449642014238597,18.94673920538283
7.157333972073602,0.6239434084385602,0.1360004273961696,16.270292004827503
8.939267769643234,0.7196241361428013,0.6548408642150985,27.054300700469366
18.66410698717999,0.6711062095714304,0.208877822413725,32.90296765107194
37.714222332510644,0.7666822505203347,0.7549542340372217,81.83493441017077
29.419024561284537,0.7224766037270318,0.7774471688615114,58.870731133367734
8.76670117753016,0.3552144146322922,0.7270687392563692,14.880783151901602
34.410533110072144,0.3186785667549173,0.47969158216493946,52.710643368056445
15.252380815785306,0.7169469343772344,0.21394240318873275,28.26358986811671
34.098542873550244,0.7415510362857817,0.6458067318664287,74.35436604539301
9.81964399964901,0.7782687586544297,0.5612763049664115,19.44665966717937
24.82269235506544,0.6146537878742262,0.7817346776402099,47.683684453971345
37.08148542563502,0.1615910639531043,0.30180160585299076,50.30884313503668
10.464181564082205,0.755963308888578,0.04701439933417611,18.82595008541618
27.778478305317023,0.7577131734529757,0.7987090630711571,64.0820291929315
39.49504227429432,0.5329050911303772,0.6706109115511004,65.46747361082329
6.193811832271539,0.6858242130795879,0.1771917506388393,9.530086516653146
3.718411169886841,0.44894113693116183,0.5805022927197231,7.645442808990831
27.03296865930368,0.7553015563293782,0.0005521400518225583,42.651215869237554
13.721490720411408,0.07514911727367296,0.4462472463068644,20.496584522926078
3.0355301991903265,0.6911709571878166,0.29027059280130274,6.505430719727993
19.117163591767444,0.04440290322971148,0.30506643299010155,24.934997562545572
30.200073049829435,0.27128564177441644,0.19561584493766065,41.028388361517635
11.54787153652451,0.10826051409220955,0.21987617250667527,14.391085309793354
13.53486572470436,0.3833080739703298,0.36373493108492094,17.040916049198575
33.85883614574949,0.18579692639397596,0.19851602838222046,41.99623875520608
20.898862108007222,0.7616579034671977,0.37315195749555036,39.85809156641038
33.74073235849759,0.44745706692272763,0.4618781764563645,51.0666116953415
17.966301787319637,0.7181845890429799,0.568889138282008,33.98055622637743
38.128411430092115,0.22244677524092077,0.5417165205462544,52.62397231701902
26.10162467076592,0.020782047957248653,0.1935914184836187,31.665402181982774
4.812774839706127,0.6205240029471374,0.03135167234249048,8.094140120569351
35.426700931426666,0.5619021279775775,0.6661454928745045,71.27856238109115
19.67275459506575,0.4363933165393549,0.6978502743716746,34.08637713796436
5.837230925321618,0.6522741837833701,0.7831116157866173,10.623833851463644
6.277067326888544,0.6720674981185061,0.7677692457889502,9.960038419031351
27.563850617372896,0.4703226464145391,0.5070512213543873,44.0800262789353
2.0854257678336934,0.7727422334831496,0.7154173631532627,5.606685068104948
11.606431843569768,0.5757695580938619,0.358406735457111,20.63480917863582
5.763546100700751,0.541500300930103,0.6298685117800344,12.920624746455394
17.75488169876791,0.28913743404691633,0.7642676338053742,25.562407831006613
16.691280125375577,0.0018068628800061326,0.6370228457661313,23.71726511129042
20.970682100616465,0.19275413911534242,0.33261229276144033,25.428109725388055
11.329525898280702,0.6111364054517039,0.30220739765341204,19.657831604358922
1.4753348572514522,0.5678970035497394,0.23323420334985798,3.8871429166695135
24.65256704010039,0.2648177158640754,0.29365081945106203,36.75381566189774
15.073976514717582,0.500466379630751,0.6564613294337625,25.285486992677537
26.123132949853844,0.15622998357850976,0.5612002569748614,38.929666647005774
4.524945438009884,0.21090217541523526,0.19990334363337958,7.511111804743301
0.7483387407032032,0.7579264751219973,0.5692281028662002,3.957606936319719
10.08211106583465,0.3305444583484756,0.3035163728319937,18.08309483767551
18.370583455163274,0.19599007543908364,0.44621800562931635,24.47098503090455
15.884064571904997,0.38968659747119316,0.29629541821547695,28.251093173229325
32.45004169988396,0.309612703829893,0.4173034823086721,48.93075877324529
15.237938238874392,0.5836232298792846,0.5838431160740358,25.690586553850334
21.31155894820254,0.769692885192705,0.5849045204963992,43.0076077365062
23.821920579199247,0.4733899395661535,0.6025460634408759,36.133252844283554
1.0688893875033019,0.47291774954953203,0.31283103639215687,4.5017923336422765
20.70230839847832,0.29186708697878644,0.5523963543306832,32.78419933936207
13.924284124073745,0.4517047455802363,0.1909693051576661,22.232974920811834
16.966949081793533,0.25546309310971055,0.3819427363358925,24.39249982505405
4.19143846011096,0.0008736594498735429,0.4664855334426212,8.697693740040998
31.356258512816076,0.6928769383027881,0.5491857498176204,59.56201136138484
37.707689182179195,0.34355526841736417,0.7295967934034004,60.899588174836936
1.0862990610580803,0.3936707880431974,0.24381490923183274,2.341764978361877
24.134635959891643,0.06680073234074256,0.6762287317159678,31.71161017293719
30.600993878076647,0.6696884107243136,0.24889940160746457,50.73269663548407
11.535342028265598,0.1362696563020723,0.4415275352282616,14.365029962694546
31.544712277556023,0.32849692702745276,0.6624798779398394,49.249632389041764
25.367731020498788,0.6722124376511052,0.5785196842157524,47.77690917503406
37.18067276438859,0.3662263521708156,0.6902957351018637,58.374364292594045
39.24399149188016,0.744921868373171,0.6519049540130988,74.86999668001172
1.885375337148451,0.16745144273655177,0.22107780954762968,2.671035199800404
17.908522888874845,0.5721862639638171,0.7943493373694489,37.294828102054915
21.970113945613083,0.782398818849382,0.7495987457656582,50.27098946915411
6.040380681664568,0.4396909097762487,0.34413969699063185,10.98776974033365
13.584176051008994,0.5537471189151943,0.03776758055110099,21.541164485903902
39.50836842070718,0.31458132768080677,0.2427973385513041,63.82680249236461
0.8459721624303636,0.6010698717803752,0.6689220244771414,2.6704557415809016
18.209815674670484,0.7270992452189833,0.760696335599067,38.32053694662012
33.737653944384206,0.5624444536404234,0.6653375634079062,60.927560793279504
13.091270256227677,0.7487429691047834,0.3173945892836769,25.42811156150261
19.2959804096551,0.4709221215938477,0.04522919974906499,26.87012014819782
39.126220682361605,0.4617099523607704,0.41406627520763256,52.29785080381242
19.100098091733013,0.24370191048732429,0.30110600709052593,31.061325350976535
5.410668223430662,0.5677019929310287,0.09837790974246784,9.180578066092567
2.258515368322364,0.7055620174049243,0.0846826771112844,5.064420426810407
37.82757958310995,0.517052980903145,0.12242950692487664,54.83791571547041
10.779214648347613,0.18643137647886637,0.16465893870771176,14.55478533207701
20.261743481269125,0.43528729177734926,0.6030291274923776,33.85465941249822
3.8099302903807506,0.604749933561132,0.3053627764005663,6.91791253993264
17.06147379791408,0.7514906518982023,0.34955050415614297,34.22048671279334
37.21819966615494,0.12527683961644318,0.47870506798649437,48.011592260094254
20.196037146511344,0.10199767277324848,0.7681067819456131,43.75492797781271
38.85117904173265,0.3303548241863248,0.6051752391202708,61.02383365017216
10.501658362048506,0.1004889355700887,0.5165700911049609,14.777732293207894
20.280900540216695,0.7843431300040948,0.5950657068862544,40.288428892719956
34.409325514011144,0.3394434938260473,0.5754340168948701,53.663552714048336
18.040443711239,0.42688841525432397,0.5521994087954214,30.672947763209628
11.323597468093544,0.18167022503421704,0.3971256955998854,15.705803679612956
34.24791946403169,0.3593008988295434,0.4534776641119829,50.35646811083207
15.717600861129837,0.7877551478889759,0.36919317315915745,31.962982841312687
21.322786984197315,0.3909497210935756,0.31596679763759844,30.81660245380226
39.0657772433228,0.007059140643588969,0.21661445740500238,45.43107961776309
7.622035131283383,0.19402202420050446,0.28417056100991217,10.799250801380097
12.19574534146339,0.7827638643828033,0.3428236938477235,21.619362282413437
1.4365700827796295,0.791254010728586,0.46350352398758876,4.557396910570687
15.795140854420097,0.16839447181736455,0.39990007776241115,23.50670714500574
8.16730053727741,0.49221127027508277,0.08635916342180733,10.902017851501615
27.265390429234074,0.06152666440433157,0.27197892436580834,34.02699766512758
7.416594058880924,0.4619533139557033,0.30095477488130407,11.172410193058312
27.05754754575361,0.10073656118914993,0.5655407720904739,34.79274282824787
10.686322041934842,0.6549292189141264,0.2663136674843636,18.158933468521553
14.33766979802375,0.7516599900817956,0.006364652467710297,22.66179482425405
14.084653951446619,0.13838944643958612,0.06746929866403333,17.019780383077467
28.72671965651165,0.37016973487585925,0.397598734376184,39.043091669683584
18.767068672906053,0.08163439877970734,0.1507964034178965,21.82173064610238
14.579696174336785,0.27131200565838,0.3956979290233862,18.00067648660615
34.134384217770105,0.05207820380842119,0.45936429766889797,44.326862930961276
22.963634900519864,0.21163722241394167,0.7467503220554838,35.421733476544865
8.710466686864311,0.7921789336714413,0.5244639394790559,18.83397767480258
36.02363287011857,0.03568261385712148,0.024832578106746175,38.298375869002314
13.837481782138894,0.6871746636949365,0.3045844146278756,25.522193576244597
1.7513792259853516,0.06196206220328389,0.6347655766252309,3.8843675699317144
19.885088914183225,0.4231975448938881,0.2084499647919425,31.729576360025334
5.132734566746937,0.36169583394187654,0.7399784572001928,12.611637759050819
9.690964459886551,0.745243728016516,0.42320856685091024,16.644737628020888
29.935012732958956,0.1592398898280717,0.07395815345776464,38.54612357655037
5.403922172377479,0.1437456123037081,0.19333643214422427,5.306798075152461
32.31638012929062,0.5989712708542658,0.7250393592709301,63.172778155306645
37.488910067611954,0.5805755784802832,0.7931678009398478,63.38363184609135
24.339977596236196,0.559345416394239,0.6904127140538828,43.008315505474464
28.4722958425086,0.020901692937904583,0.25654134772153697,31.727546564304536
28.60074707431521,0.20796774937992693,0.6150552100080788,40.04151986209314
39.71375669936371,0.6719161422834395,0.17778211487700457,61.50608201543661
13.793222835624588,0.4806864971654181,0.3076178299585022,21.01185690874111
6.681690739459559,0.48175593658574534,0.5577345028805579,12.40563465898884
20.862855949589992,0.23673328432384935,0.7751210713476495,31.999078302663165
21.423342431301986,0.2081384708455583,0.3513586214251257,29.43686294062653
7.28091703418655,0.7572439104146038,0.39666913682666927,15.584680991092068
24.60175487596675,0.5822042230825698,0.17613482316084356,38.33280842585434
0.762164392377594,0.10149289424147004,0.3225781941994921,2.4306187286896974
37.12120241767802,0.7501655537150111,0.05041488615651551,58.072483950953334
10.730056257286211,0.4658961214544439,0.6868687165014711,19.949438196161303
1.7744962939296338,0.26668989356567047,0.018667671371360318,4.277882456888641
4.50832777069931,0.31771155711967874,0.5468196676746814,8.25356348511198
9.761908141529739,0.5803236082820946,0.21857736116333362,17.194384103313816
11.101465510520597,0.3010181213488669,0.3808875456265294,12.45942406260662
1.505837980009601,0.46299583929488564,0.22524675207980602,3.122042416539629
11.318321525310418,0.5683995973187239,0.32005653442152354,18.127189623574804
7.879081112440588,0.15629999784477164,0.4374223091352367,8.008612682252926
15.269112911893838,0.7553931889940395,0.5127147291457558,31.167119513647297
15.529675946767572,0.28493821714832784,0.7522289144792932,24.587025582050146
13.692508075994585,0.3354998056615315,0.2657607214205183,18.97731300798244
13.251370564522018,0.5588114942942565,0.4678860103790015,25.59152389288218
3.771304854101799,0.4870280715102113,0.7213777177665954,6.458255770074869
1.2031568956212542,0.3520958695513434,0.23218544636027405,2.6974617540724766
8.244149146227368,0.5197936322406331,0.6920399849003848,14.70722512185234
30.31464721118129,0.7222626460576357,0.7660440771118794,61.60282968836965
39.63422866893466,0.6402268933163349,0.6779949645015311,77.18374076918987
37.1553417672817,0.6594072079638189,0.45588840107327755,61.471612243874496
20.26793035040319,0.20672672685385038,0.5776924319946359,25.944375961032577
21.36658945996178,0.3355226794381101,0.384852694840835,31.91593138309912
12.720346447626532,0.4430553133232474,0.477804643559788,17.024576401650474
31.002789657778717,0.03535265532918635,0.7795792535826178,44.05214594513152
30.637316179719413,0.6158337443018597,0.20089644492443598,47.617985915500974
33.80203983178129,0.25877073953207114,0.6340376980325153,50.8921690941684
35.841082172435996,0.22607686243281144,0.40498651980384265,54.631675040581634
17.48710007936677,0.20743360748491713,0.14149860274549814,21.90963792442421
30.721647610666462,0.22670341233605154,0.5148283045635552,44.30242001357092
32.29466940607597,0.2704118657262658,0.6339415252280614,52.819932349193984
12.476692975410455,0.4838596464609274,0.4550046554586955,20.441712725185702
37.183841311444766,0.46685225752005055,0.6699462407933274,57.741100223294595
3.9547918050582873,0.2045694028815003,0.29269489126958986,7.4258240288615465
39.77191333069866,0.165139421258566,0.731014639189954,57.40205398073676
30.849610582723,0.6610865520570854,0.5186560799890618,53.058880204162314
3.9121820319082246,0.07417867014109324,0.6425274599452505,6.212884985171579
26.31793999457902,0.410258272960742,0.21838809988664637,41.14804497040524
1.560340554944754,0.4164486993514209,0.35690264952233336,1.981958641567104
30.853440587878474,0.4593094454492973,0.7276939293921163,55.06403477941152
32.0090722820304,0.7085200927257086,0.04071644040150524,46.39302626078525
24.175928073039614,0.49913115207581416,0.3231853708505445,39.061652612887684
34.30304359827951,0.7789070129984187,0.6242549264430687,65.02090115596243
4.095754552551416,0.6970824666789821,0.5950517521424016,8.48660349289823
11.181768913224365,0.17179220758976924,0.681298264615493,16.209348607879996
16.684265359388284,0.19294664818024093,0.5915122677429946,23.61416147860989
1.8898265225583113,0.2758193087321365,0.7576737193352051,5.094812491318425
18.03900028533241,0.31321153206410507,0.3986076442800367,26.573014830337915
10.755495553280124,0.4423960962461564,0.4994318694826328,16.757883002515097
15.830853481649767,0.18601010631707107,0.6781646068481813,23.331272063181906
17.119084753293794,0.17787614489101256,0.5613527598850777,25.444172779354375
35.20058699280987,0.30511196589446365,0.08164537509893535,47.501270691802986
10.959570627000033,0.5376184905702016,0.2935971620758333,14.34338679679689
35.770976522907624,0.5505004904769507,0.4420726386654977,57.79725923451584
17.153644399551396,0.7808933920322317,0.6037740350892551,32.80866038351368
13.24674728362064,0.16193234713745125,0.43485405505485863,23.068546128488318
20.19997956353881,0.3142873214855846,0.6220393931070336,28.563539646219095
16.826182797241017,0.7717419983512483,0.6700875811703264,35.461295014987655
10.443418059594812,0.5520069941324417,0.21210261623614485,17.815266813824774
20.20663712688346,0.4738228198576153,0.49287853852969077,33.95575625304225
6.241708976537485,0.43171684112107755,0.4456883019846264,10.589727421467462
14.20681173231405,0.060408304109005245,0.18185380212389424,16.552766224504204
22.7184507310888,0.7146990470527284,0.39190247138946516,43.652378716483184
16.65364812671637,0.5004041723320861,0.43885462765497396,32.813489424474895
32.9917119698217,0.45733392634242725,0.6538719001646918,53.31463007582726
10.417526109099615,0.4316002746574741,0.36879149971382424,16.064721529633687
38.7969088374742,0.3135313658568894,0.06473278598075956,46.923890549760145
31.43193642988378,0.20373175308871422,0.38983676658576577,41.64036477680089
38.7102024346994,0.6042575882675875,0.6703607555011462,69.82040273489848
33.557834882246105,0.4076540142093297,0.4570043618620365,52.31565894269289
5.8557362488953775,0.027151625831376248,0.2550921821617744,9.078372203846177
21.153111607273544,0.3192755998177306,0.7367767583874067,30.37800149303713
6.965145143592271,0.742882910578266,0.12452110770084941,9.92012997734544
32.76544863456484,0.2991156492326903,0.2615021219946418,46.12693942741038
23.449653537495173,0.330586406340459,0.34970775250366404,35.04967790338286
10.685282711404849,0.4991688984440285,0.5903823103407011,18.91418238975153
37.19803908588542,0.6413398430527059,0.6685974337006089,62.659564521566224
4.7844049219075755,0.5347688941637697,0.04684838099615956,8.046203004779745
22.641723658158295,0.6800437848983573,0.6336286563708757,41.09732019058606
28.89741407573567,0.09117646963255864,0.5764227322005306,44.59597939480482
2.542171785830785,0.7396740426549191,0.7157218438494531,5.804707062228837
23.9946701216069,0.7231375459291088,0.7203543926604338,47.75897484463963
32.67286837543115,0.4153188692684703,0.6220204469283588,55.67701745678823
2.8875871138385243,0.4997937902297609,0.15216214741094963,4.310158722457813
20.587270250043755,0.1702504401611214,0.25109720532484053,26.124047500891923
10.49057569031985,0.35835795038511115,0.7490557590787984,18.9532824119452
26.584393171169445,0.16216268873584988,0.47853863988308626,39.68519604599205
4.923359209738027,0.01758134315281561,0.43100858751143023,11.506527909559304
37.494646940686174,0.784722454501642,0.7325675520351989,77.67950110080025
35.81019755224633,0.20731721256816407,0.6993588592797317,66.7208282888145
7.601781911053225,0.47448664711826827,0.5819969226531047,9.593250576774617
13.065982197731163,0.24020030683029045,0.7058018433276348,20.809081602916223
23.58787199119111,0.2964972961683479,0.09106798175638718,31.355639458031725
28.778880998043164,0.31820924686581986,0.6060351732799265,48.13314377102818
17.817709403378274,0.2680373850598062,0.7725121617574944,30.808072400163397
6.420394614046807,0.5099198074719486,0.03918143382512351,10.104658095349263
4.345229453354289,0.7687490163908849,0.17843652143250735,7.530651304740877
39.99066040919089,0.3429077200049864,0.6351747110923351,59.948710868152155
18.32301443345079,0.7786613792434122,0.4160377315445219,34.02199646184883
34.92676361611023,0.5342377898758265,0.06929468363300906,52.73926352747767
19.398564984238753,0.48570895601680725,0.21436642332481695,31.161397827024
36.90983401413093,0.18968308143913842,0.25924767993811815,43.96553719969701
3.6928234343077135,0.05033656471950465,0.25685017747675903,7.319631932497037
4.737963815115128,0.6815478162334632,0.7021381995750655,10.009141479636133
37.19936107142413,0.4591848511554152,0.5296291658864332,56.64976235197773
37.91022319278244,0.33153108993990554,0.5879338226952096,54.588499053401755
12.725754409121459,0.6495738576707868,0.010856071110841282,21.64684229978605
14.335562502356098,0.24846430606185504,0.34200960236834543,22.17225856862276
18.207519346423368,0.6268938047715898,0.25425650245242154,29.899249633740975
16.76323486667817,0.2623710683246376,0.6815403217921391,26.10440743256532
7.763799595191947,0.736704949123331,0.7630957231358814,17.229957354259664
35.955340280787105,0.21437349956544205,0.33867267966960424,53.09190323040721
10.28164250808462,0.11004329405965692,0.778448491657039,16.420989676736767
28.26984189721053,0.5584773666795295,0.011487363235014493,44.823176035676696
2.872795973851921,0.1302778024518166,0.26057552336688466,6.263864149304645
1.7423029948314925,0.7594904402311885,0.61994494234396,3.9320679989713474
26.21847280856144,0.5244440899110928,0.28807970438002645,39.91074283038794
13.69283113141576,0.18468852902762078,0.736769864302333,27.455238802456037
26.28728383025605,0.16705514742834301,0.17477191399850442,32.51356997540423
3.9420438463194483,0.7391000312963373,0.6365333818624886,14.536028138940965
38.00408492065136,0.48628633027991275,0.16136180192201952,50.70469632237187
29.990875782345196,0.7149888053379334,0.15768393413827014,50.39803426570015
35.07543587442681,0.08818016387666017,0.3565994867066195,47.24869241970582
5.631528050971534,0.740313756463341,0.755952470664266,12.38901216843039
12.942406561936199,0.41603944959527067,0.46836396952187864,22.297742447310696
14.860097735412493,0.5347375330650804,0.5080263158988642,24.093383844115756
21.579471403407375,0.29830037723302455,0.00778613797489296,30.1075721519265
12.015365723195087,0.04731225760466096,0.04529216370541214,14.965418223910396
2.6131035391383235,0.7663779530734633,0.05354722052881877,4.912865584109465
14.881359553351333,0.7956786632867856,0.6557137397289857,31.52860920856291
10.331062722165829,0.2916374790083544,0.18948169740666848,16.458393609173267
15.55966740023595,0.7550943438015838,0.2630705477109938,28.22711198893876
8.038989796277043,0.1341810327692514,0.4879622229031845,12.897589746178213
10.62347570767647,0.12374755972686043,0.46716345412265536,11.765733642530456
25.152703149204296,0.05848947200733719,0.3284235980547523,31.894404277196813
15.648522616206987,0.31301552606732064,0.0034401648278707952,18.778698518412046
13.946259048145782,0.04184180014527934,0.35968206004065256,19.016548705237952
21.44944418235044,0.3157257516903174,0.5911060925760185,33.13377868664313
30.92004952558824,0.11071234291973459,0.18819145226036432,38.069439604121115
15.278944662648696,0.5844222364583659,0.5666864082190545,26.968393007076024
23.58327580372245,0.6666901194691265,0.012122255853822584,36.36889643364472
38.65486448965341,0.5502523422370305,0.7264062434516254,71.23022168791981
20.974808541898415,0.1603953219489247,0.7600313661246326,40.40982643690592
36.40994354539827,0.6134785543263646,0.001969186739647455,55.39293170253225
31.78817044540579,0.19960015762661998,0.3662547310452099,41.60720522239436
2.5370035296759585,0.607590877574822,0.33105755219093524,4.475708313947441
17.27813508447642,0.4539180599171127,0.6735066847356053,29.215084167439944
27.993072633169806,0.2933700130329678,0.432577273058615,39.23589470210991
39.47113411543835,0.06679390241284615,0.48909237594884075,55.77634689037128
18.4433763882282,0.6620076078456206,0.16200480246913795,31.481829926561016
3.89286107424423,0.7517223366385803,0.06165173439766472,6.079608020882149
22.567965153572136,0.5327342240005101,0.5538648777461002,37.71871278980394
5.237238926533619,0.7716332533547511,0.4965407935755427,11.31233612640857
30.110478499119854,0.7472891352343929,0.6658629871866224,60.634698639922895
20.405544498978756,0.15568672064300293,0.6757467579536445,30.204723209367046
28.992568461416,0.5849698788785708,0.5048282191783493,47.02046509029392
34.80060070976524,0.27944385555015566,0.4306891063602305,54.49676806518212
25.232131083078528,0.39001388845250085,0.7312066152094809,42.48197748516961
24.575085304276623,0.12557234491907662,0.6410113086818539,32.98690189514521
30.231897758497322,0.7798235424461221,0.7059399959740625,63.289324120122465
33.729709057816166,0.5809099064611268,0.7966727186191943,64.24923527371615
34.78834069382471,0.2135266477047745,0.32280463021321,44.5444280643911
1.6499217881787553,0.2971773521344268,0.5735477298326006,3.206947738555194
22.33637381255201,0.33798634146302753,0.5504542521852627,35.427388548925755
8.807518529942545,0.5980269793150722,0.13931417066623997,15.99191707803476
34.44176645311498,0.7405578134156676,0.5092388797544346,70.79856560337464
26.00622787109377,0.25715210638765734,0.34247142070312303,35.840392233440625
16.924854665491036,0.37800007062433566,0.3605084720909689,21.058983775283764
7.686548279229782,0.47456605826776094,0.14411039188324556,10.11782946434915
13.693140311609092,0.3146751939202525,0.595791476908775,20.93575613475074
28.210352242700935,0.4033450586925482,0.5583527917426047,46.43799144528697
8.333509899423223,0.0845661032160816,0.4258321112017309,11.696615306099243
3.9246012244672355,0.13413951017613288,0.12537535298065716,5.747565163471538
35.54354457745653,0.32088100577611595,0.44549182828570144,53.04572214953793
30.615571913288647,0.731951209416442,0.0801067377176163,51.405897569698055
8.151838240193676,0.2794864365957069,0.2714976209138052,10.640273384696705
11.833999428513666,0.1998342468840109,0.2978862742341703,17.711513008651956
38.88839304980925,0.5942897766794207,0.7067403140325157,74.92357149819415
28.38574257301287,0.7593041328612875,0.33244966035550816,44.28748169022492
24.49877576771022,0.36729889365083795,0.4787758949006376,45.00074159746669
12.443613719880386,0.006883964453746483,0.6998231903231872,17.887575234867302
12.105180737827585,0.5505194651804944,0.3406075510045037,22.7582561379586
1.7730400238711723,0.33204864129291595,0.7069628160565857,9.313477701540027
29.193578302696867,0.5389164292929721,0.10916905002131179,46.62024891041052
1.9183739572640044,0.22217321266336285,0.2918745257279679,5.223620663430839
0.39332204353570566,0.0019265150535699327,0.07578179925317166,1.9687811640728743
29.23390449686697,0.275596974996483,0.44874370342502784,36.573476355353165
37.96517553453519,0.5638338740903532,0.765825648326242,70.55208746135014
30.308821299546953,0.3144906264073514,0.5255614682570122,41.21838976959789
18.97127958685027,0.17533931172258077,0.5008604938789989,27.282351931236015
19.544600932522744,0.37120549130728125,0.22252690579451065,28.720559711782663
17.558229621434393,0.6018788186387084,0.7448854068984975,33.19492338283482
13.120817950991277,0.09554646943384482,0.37722782782055564,18.651709919999906
20.96422572459644,0.5534016269173183,0.21360164243665533,35.02913543590891
17.359808094216376,0.5338752190431578,0.7901599843464061,34.16911529374797
24.00708162562283,0.29659030374805706,0.3384991470357912,32.33762027935717
35.94517920394356,0.7762689531035956,0.29719918592763533,64.45356925967437
39.80137480948765,0.7157642395842813,0.02796901383906754,59.98504136645268
3.3339829373401013,0.25292918464165587,0.14263597851574605,5.046329238917146
15.510402211921386,0.024872874715074468,0.6473530840578243,20.480042069032187
7.392106591519016,0.24664384539606132,0.3861560836817202,8.908698018556832
14.21439486223624,0.16377755403283462,0.7638997815401549,21.593723579074325
11.641426138227233,0.43780153123807425,0.06710864257886505,16.663346278142452
7.146577838746174,0.7349955369457237,0.49275475391874546,18.862415211034765
30.610226926167357,0.6962700080300173,0.5759873180346523,57.784774966218905
19.952291964603585,0.24466332453186138,0.4969465011716828,28.73343164363753
36.78597417224559,0.34287802684450963,0.42390204810068444,58.23018849206311
1.4971792412311766,0.02923375926365317,0.46263865627096873,1.2924222176462397
2.865724922653199,0.43533080611931957,0.5516396731011362,10.978937808877035
16.250288600627695,0.05069438404058309,0.6906108349100233,23.153630757979236
3.3950373520806774,0.7508849329832797,0.26907571542774866,7.990972345087963
10.656637937310371,0.6935470678818179,0.36772326435333413,20.32994419142472
39.44398377444962,0.1713501011500024,0.5087276692937367,55.05511889643693
8.516592377887639,0.5594949438896364,0.25137276186115803,14.96747128923762
8.08508610820121,0.4544163059466665,0.1430262927573563,12.749660488730017
23.03089861806922,0.6410861700129464,0.7729350054225065,44.20409104087122
20.020331973567636,0.38052168540121595,0.15578311103698983,29.071367522113263
23.30144422867322,0.15341757653262242,0.1861864763218006,25.741052204464218
15.194064072700156,0.5118747200982654,0.494948880386074,26.361148694958935
33.10514192381889,0.06422426159675601,0.06189464793720223,39.857884817706974
5.715505947410021,0.46767039293473767,0.027238123052165265,8.339671469773311
17.25002730449033,0.17016384437156606,0.05121088304427888,30.832589886331082
27.65252156807466,0.5479491496988482,0.09861091662861465,37.92123719983619
34.75581032325941,0.6624345293824869,0.34335748970734975,57.06458066434056
14.908949932998954,0.08761978342565797,0.663408514771593,26.479821077353698
22.796274843931357,0.32021484171887393,0.27357751447642187,36.232202599748206
2.951769811289008,0.5868172702207974,0.3420251317179358,4.733780109475851
6.978699706850792,0.1309624492150868,0.4802008742686936,8.459438339617561
2.9516988661513563,0.45321893602857055,0.24171554049900898,3.0740428055998694
29.16965950154117,0.5374711855005785,0.34603030301438437,42.86054108249136
11.664786755141197,0.2838348857915058,0.30904934949148866,17.653030838366234
29.00506254963514,0.6655858193620809,0.2735068333200159,50.47851291478262
2.842651505922327,0.40852654803737104,0.31071453558563,3.183062231256132
34.529402456251354,0.501595871952408,0.008894168329650665,48.97013474924168
33.45410188482145,0.11269823736382296,0.7090085344972678,46.95270724872395
3.739363973401249,0.018528139626135243,0.7818774379589527,6.415135501769516
1.1455089569960235,0.04059885665998904,0.6899969531329107,2.2093891959871286
2.4402947566832487,0.7231361185585727,0.004593819243393327,6.271391303822744
34.17448089124001,0.7061139073986009,0.6007084373556976,59.430291036474046
9.54119886426545,0.6460731513294741,0.4584801380693708,17.508008743814344
22.021278050755907,0.15968967298788864,0.07533992880620027,27.992779153925774
17.164519286566257,0.42036692155960265,0.7462873079036781,33.63554433428938
31.86191594389836,0.6368936804386988,0.6209737033781095,56.96701419954923
19.65815239853269,0.5397353450046191,0.11623702915847495,30.08660558251152
20.126301458318533,0.09241695494075008,0.7712331437547969,31.179931665687395
39.56585919209611,0.716432959849939,0.10095900224851206,69.40040576068066
6.175156358620432,0.1285459142223698,0.3637439028074268,9.261599350331204
33.262016762088074,0.13743655473066838,0.12718058612733837,40.51157772354316
2.2596398750346145,0.7208069033365666,0.12015263604632356,5.847516750326964
19.210421029004234,0.3876935512756129,0.7742445906996882,32.606414000391325
35.476125992534335,0.2983134607651735,0.45769822511387215,51.27417937642153
26.675515831044024,0.4429253938384452,0.207339934154402,37.47828949237829
27.471541850772088,0.7851178662656891,0.6211194966932267,53.655272384789235
10.680027833808124,0.0957043641928343,0.700195519442006,23.58926163358344
16.859276696185876,0.6055590790336522,0.734083149430223,31.62339917084804
14.789926327262208,0.267460689795302,0.7463879767734977,21.430202310827887
20.953439764288166,0.093639416678099,0.7244654638042363,32.38113217879181
18.59667161971799,0.3375466842823509,0.5111459167412565,29.900584972794707
13.210554404704174,0.43900230218021674,0.2739733198456457,19.83337609289801
12.358128372372567,0.16476931018251753,0.7404541419511057,19.499083709845277
10.18394508787386,0.324215567277282,0.09799722240030882,11.949907383208588
14.728880426013383,0.5085408203778324,0.13503985204065402,23.660120979759082
6.167670821775614,0.4611584157761778,0.3470620323965551,10.506419751143973
34.90975121974224,0.5785284752438805,0.2269319537705453,49.45972525808983
24.164351794970404,0.6691236263499211,0.4925862513790971,42.61749347600867
5.524699738635447,0.32731226541549896,0.7242415383716986,10.308398169530074
27.815601501518252,0.338373820369782,0.3928250610979581,39.54670030179902
33.937125426319334,0.3973537075641225,0.44309647473482583,55.79019343447444
9.653919747679902,0.4530827027050428,0.338506983184874,14.684328535891389
6.193903654623104,0.08665813939031333,0.5660553279807509,11.065961709752232
0.5429668339233318,0.25010828335581925,0.08055102387697106,2.33039909142732
2.0805634864881073,0.1375134363016194,0.03887190874124924,3.537689056054579
30.537603662479757,0.30868220987530526,0.5130707795465302,47.619351227099955
39.490016015259414,0.7786832580592292,0.42790283612332153,72.4302550238813
1.9862368345558086,0.4661847653447838,0.32588642321550215,4.262937169854462
29.973224171379723,0.34350521593643707,0.2671941135033376,45.06684879902631
3.06011420047021,0.4527495161789671,0.04144595523450043,6.980851093064017
23.766886431165936,0.5352612443417434,0.5444449299311983,35.091297152679196
30.291796240643862,0.3479627706323208,0.33717402865657387,48.98276176562069
14.496335011255958,0.3581678434023098,0.3562144316156934,21.340804186688167
0.6352019002044167,0.5611209035053669,0.7147558811295135,2.6127586644074445
23.888536214591948,0.04869006656456101,0.590038306018783,33.15476242038067
39.65153619997311,0.43206445463067533,0.17555451895463323,54.82991269246792
10.45317342897213,0.43786224977416116,0.5257331972174261,13.745912391043557
7.741752832051189,0.6054018089027048,0.10580425480292616,12.215015238373809
5.132250531589895,0.7861158018693265,0.15525109428171452,10.638430055390494
22.29917367202223,0.6366038294294465,0.5713193925859477,40.75614198430703
23.938514954538878,0.40303089012037446,0.10071233459991805,32.36390399206797
31.732379319382012,0.13556254368574283,0.22415516109678235,39.084775580105735
30.172316290096283,0.4706087773065365,0.7184482143868315,51.79786201880468
35.72315149284447,0.6674391093701488,0.5906523826252367,65.26946717392447
32.269753394023596,0.7459312509162661,0.7435676141128159,69.53796325358597
10.041229906561888,0.6602483035952805,0.7054666735689628,18.49143783575557
22.32392071405529,0.15117488509005084,0.25006353758025,32.86339986771841
12.036995971924481,0.5700606914794651,0.5059019475848293,22.694337639780755
13.325458106149796,0.7041239579886747,0.30295654249741866,22.39650200189651
37.291385895353855,0.5448135733015802,0.5576834653008877,54.05782300249958
27.339457021669524,0.5486016327425721,0.2787656173207304,46.03020538211594
38.988698447394015,0.400129829000863,0.0010538975040473631,53.874737014355986
16.79311896140603,0.5095809777004041,0.07515057213742837,26.147826957111448
21.590015419488264,0.2355045753784169,0.6168098609782192,33.14100845057053
19.58719371267358,0.07104806942859616,0.06720419581780882,21.51838024681039
4.470024889444331,0.6621719237963204,0.47953814659219396,10.047292481809182
9.620739382158812,0.7545154459132126,0.686222809887354,20.42201033281417
21.199927152058386,0.6854578683015554,0.5928809894736902,41.18360062104528
2.8814973442936482,0.2671308430246424,0.3307510358556326,5.386747134811074
37.272184786493796,0.07482412104634265,0.1668833722345224,44.44047577131747
5.128978541346158,0.22411071010512523,0.7380299901934622,9.678968565890106
8.079633707392903,0.6742683006479201,0.4531197454280479,13.927929605858669
30.65978471275773,0.5246516061065728,0.3243360474136447,51.29820639314869
4.057994763214685,0.7733553952823498,0.7536461592186227,11.28268551153563
36.0310683646933,0.2741448147496827,0.1720141950975287,41.6096101908207
29.082898634756912,0.44117769623331393,0.3538254979628972,47.301339346578004
2.931110112932584,0.6320305773105823,0.08691656733080509,5.324352359792233
27.735513039168982,0.1871935541854499,0.09990420871963056,30.402020918495392
25.338815978418445,0.7712719797277326,0.3188770047974681,45.497199566906104
30.342507423048758,0.4739181379934519,0.5597282847880793,50.48925927266018
33.16227452907557,0.006318050655722551,0.27111515532334673,39.22131030064785
28.79035241429157,0.020122620502409917,0.5516783780824017,39.34998994795873
23.52981655178468,0.7057728131212762,0.6441523754019141,47.660445876387435
13.03404007955475,0.516225222208862,0.7020623317226691,24.193091887426483
27.951491740831177,0.6104580152510897,0.03577560324298954,42.757923573865575
38.28746906830502,0.6272128007655264,0.6189853239784733,70.27477946907719
23.583366865049193,0.3363678210006212,0.1177136977792145,29.58772470910087
26.640925763683303,0.6388889969138415,0.5586098346394673,44.58074970273152
17.597696079552065,0.7500259558500305,0.29732997248000137,30.29531784851433
30.293608227774357,0.13773688621569732,0.5662346381558895,42.30159632977225
39.90716221507771,0.6113091196336166,0.1710593956063975,56.40237882399826
6.583495097895896,0.24623360609245204,0.5159925751207962,10.80646312392992
8.25573012424974,0.2571944024430831,0.10041126964955245,10.201438763908284
21.6696227948427,0.330203880829109,0.13579643812544556,29.541144792897466
19.358740811013995,0.6909756159264684,0.4915695401316478,38.11836909601968
22.948477423367407,0.017644853848039332,0.2694171933202886,27.648869883149054
2.153147099426067,0.34714096544821116,0.5630224584910468,4.163851512132012
16.290202961951866,0.5440381196554165,0.5481275483221499,27.34436165671056
23.40253483020932,0.08833236662601758,0.4973071922040627,28.80053077322133
23.490615781937514,0.6338028776139333,0.5844324329874543,42.8941341391225
26.361891678381266,0.7535220783178824,0.6351481925309311,55.20679589205315
28.864597954306017,0.07274785686158287,0.7291386259774593,38.636123674884345
25.733578692966088,0.12235851026470251,0.06441266358540813,29.444582419670834
31.65167758449951,0.7792777799569623,0.45723921182275984,63.37036715291089
25.065473260446744,0.15828451262859328,0.5990214668963207,35.696600859091376
21.592804968980737,0.06315174056256359,0.17355316533590184,24.528051556628053
24.32661786973487,0.7617540291167202,0.21089691438155678,42.01949704735012
4.227495996782627,0.7140981678475752,0.21357147546833666,6.85955586021786
11.071630320875693,0.5245803781865049,0.4578663771796146,17.0021339159419
21.19051127019362,0.44114474183004265,0.29293645477252783,32.09603495297265
34.944891172987944,0.7353861570422163,0.5328757920972793,68.95725258344625
27.22625194026212,0.5244160600891382,0.4881917455743491,40.75188080107779
3.7982415231815234,0.526717327452056,0.5256894664824389,6.213992323563258
23.77254302768729,0.6749484513615625,0.20185409344738112,38.837878297648984
9.025171907956537,0.5225965418339368,0.6138971006583975,15.20906305711444
29.41385907959117,0.4029415096301421,0.5312284406149551,49.002282426309556
33.13214592984814,0.31177719831875833,0.10451969010516074,45.543592268521344
23.819559649080936,0.4025071142329926,0.1601382819272531,30.74554596643195
23.736231868118043,0.41798291926975556,0.2407721170451721,35.02622479488162
13.675939439790396,0.28866550489460147,0.748833206270985,20.032324289983357
17.96075084222011,0.3584947271842769,0.2610798908833867,24.911910343287815
34.59151248185075,0.641497546290817,0.01590326613225539,52.4042722170066
28.98814917249283,0.3332106949407103,0.11330059012707992,40.40379953142358
20.886195655894554,0.02044781330834349,0.02573745892065027,21.65546874053059
14.855648972685163,0.2264154574190793,0.3222713953145733,17.29998677856574
2.2051135838844633,0.18539349127335855,0.6377227207757632,2.8320946013771637
5.8916945727901275,0.6348656094655748,0.3603486244712027,10.744419761078866
7.882402543666951,0.35943444677744707,0.6711953078345174,13.016976453556486
15.060665021695252,0.22424843442810652,0.038023457088589924,19.66169857133949
37.77691715363573,0.6485639070732998,0.3757782913158112,63.60392038584429
20.305105115378193,0.015373443645289609,0.6296602977035368,25.73703143133374
9.546638497717396,0.1394006741849741,0.5397777741231605,12.939978352576286
4.40885547096826,0.66156385551664,0.6822604297123736,7.345045330748804
13.664559879197967,0.4405213821283221,0.21906777912766007,23.27612207754006
32.66607929493206,0.6189198196635843,0.40068063703043894,55.32391770121408
15.457043177738214,0.6705408118096621,0.5415028626737824,27.759589342792864
30.945731079692052,0.7535707908708318,0.13479196492703008,58.66716184152925
32.147658049849774,0.050739679442670396,0.6526453717416296,46.85707172237532
4.610666634008425,0.6393877946387776,0.24917604063277823,9.90046543252659
24.42465815454599,0.5670129185758679,0.0746458431325558,33.3306891899154
38.37202332217021,0.16562048054124734,0.6125610325455685,48.519169922454864
16.205095381161446,0.7453618130720985,0.5640143837855842,29.532886891045425
2.2275747423202867,0.3233615042451137,0.7069438026275514,6.50706540129774
36.94744707226357,0.7100884219638434,0.7136597963496993,75.77260503297703
35.36991800658482,0.4840909637319404,0.222820627665262,51.416794858863575
20.98122959891827,0.4213983572327653,0.513090220174256,35.38045507999955
22.179674189691582,0.12761914711678354,0.7992983969375936,29.720532264138726
8.62729589048977,0.7314620994298503,0.19504523876885768,12.9709769634888
32.814140070676565,0.44532952588979696,0.3783013348468945,49.39407831596211
20.04428152800663,0.004873924397453955,0.7281330917124068,26.807030008164624
1.548336246673749,0.01462763285622657,0.08246371322127706,3.938760339186385
27.38399526667011,0.6221060840144381,0.742599918044956,52.71691359378244
38.0297515381477,0.1295490827027117,0.39052447564942105,48.52230974748446
33.20018951576086,0.4789907485025162,0.7144326308576013,60.38833685917305
11.232485980379483,0.5448655695471842,0.4970971286615041,16.287153572897623
2.3223383803469577,0.2234924743587975,0.5371484376184626,2.413938015165864
37.62598621901959,0.45545104672912995,0.6183886011423946,60.554577235880686
37.49509645021212,0.19220699679125977,0.05370887358733443,47.7195195015385
21.390129724572198,0.7570523418943604,0.5022146712317116,46.17971855123346
25.764232984527094,0.6881361250793336,0.7391497958174871,52.41247112228383
18.61148241629017,0.23043423319797532,0.7648989791679656,38.259835481644814
16.906661610530595,0.4230515927602718,0.7746571552026822,27.8659129332558
4.954047749962274,0.4005062857231246,0.5166663034143496,9.657336864115857
4.050765354771621,0.7680186063600593,0.506629478499892,9.367801527815391
9.46273943771226,0.31522302414708325,0.441972053421835,12.666925762822396
33.49830170698046,0.4497820436972535,0.4860426873213515,49.21524622239129
6.004125569280063,0.7429652759099498,0.48969434430652853,11.783443613216654
9.222606346205486,0.13024884094124653,0.03392661481735093,13.425863899361216
22.03483956102386,0.4403884826226705,0.07109702874673669,31.99947912551334
8.76222247951532,0.08453833628946371,0.49553325741139953,12.994366698431254
6.695626051767926,0.4939991454548005,0.25137314403078825,10.992472598894386
22.619986419578893,0.2925465627096037,0.2411403880079206,31.83618586429941
14.850112185665294,0.7741088585436806,0.15475251145197585,24.705125180227068
25.121139576450673,0.3323273449188211,0.640855975547271,46.58930499394747
36.50577254826532,0.10895011003336547,0.7714628029765039,52.05057858068285
6.2095266311156925,0.6671999687427234,0.5022064025573086,12.477160527428977
36.55465966055994,0.6566933531383313,0.7563359164851376,72.46494910508646
36.11910070343216,0.5558876956342276,0.7071073252083101,62.84773120824198
33.19768581676893,0.5990494415073825,0.17434158274642497,53.50830639124593
25.32517950878219,0.2117721741515255,0.1228207209414971,32.782120488672824
24.881836967128784,0.5136428003382251,0.16926942842289067,35.09176758305929
25.64066386547276,0.030415896964314904,0.0769675070924599,29.677974349394173
27.681722938468962,0.15751211511202767,0.46630333358956694,34.59041059324976
0.8559915837270491,0.7458235580424694,0.22612003427005034,1.0044719018877117
38.332084650593856,0.5913882376661269,0.7303333558011439,69.28332586121027
23.507029706330073,0.18453803279140626,0.4907262185817886,30.965666816706655
31.302340408216377,0.08910647161543049,0.2876884446149851,36.736394802572306
15.215817194642252,0.7591355558948013,0.7877125055715053,34.75317109731772
0.6934091138486791,0.0897501328481062,0.7625555967134963,2.047151574955736
20.487439463082467,0.20565603843779856,0.6228921882473603,30.781302782616752
20.38616674877397,0.14610719439956574,0.6333469403517079,32.43768708549804
17.592173674795777,0.0059710563294143705,0.7818161052195919,22.63036119693263
13.720738755650654,0.2513078192784352,0.4803649781119683,24.594334012896123
10.143078294826935,0.7793430972790101,0.7040158794654836,21.793750535412894
21.196286004987872,0.27352264464748516,0.05186217783999254,25.512526814513667
15.136069959801064,0.403443903574219,0.44325001556345783,22.378179201230385
38.803288945382384,0.5967486271374252,0.4020130715746597,70.2198788907414
7.082506849123871,0.4408640816633729,0.030179089776679203,10.919741768914617
12.92268959155806,0.5948732059298453,0.06956158825930646,19.564853758457932
11.899626742797924,0.5293086945524123,0.01747113921349852,14.963916092715223
21.823705214191087,0.48685041839921184,0.2352120035891571,43.00324759170234
20.071354227571085,0.5197191257693962,0.04280898361302113,24.733023196365153
25.820870523886068,0.6393314896626009,0.33852774780864126,40.69073791541635
38.01007046885347,0.5681531158408833,0.650197129098334,63.276178704103316
11.55179920265592,0.6334199365641533,0.4910638467491862,18.055619153992193
27.772308456348856,0.11647811062682507,0.5390319298373077,37.08731270103724
1.1966000796063079,0.5421389861684323,0.02520534968770871,2.585522095130611
10.643061214798255,0.5896175298604266,0.6716210882046938,19.407633987202534
18.656045174264392,0.23997314599746764,0.11695230350639259,24.349863784631044
1.4335925815491515,0.6996618622746259,0.24212070082598958,2.9949382126647297
24.783244530034825,0.24376928264216036,0.4134351159467092,35.07897803950945
27.196762214387984,0.19506569550119784,0.7439947448105269,39.3395389219598
29.919922250554254,0.693677452384409,0.7985193346987702,62.592277647705856
20.759665292751887,0.19761587049314136,0.6261285468971279,34.7029811159388
24.23699766614934,0.33240196994544013,0.5834513789819754,37.85496410847163
15.96339700088379,0.2943382640294551,0.42214586456962544,24.739429237841875
1.8418706937611888,0.718449458046618,0.5325018703993296,5.337025297310441
4.178083859825619,0.36418859063037146,0.11553934034268298,7.0464148294346405
26.26883778321827,0.5554471466369725,0.21535689645987946,38.528552484369214
39.8231009235139,0.6352311237150632,0.7877142907976676,77.74193112624732
0.828968918699188,0.502322864597741,0.7836920185164308,5.296974749175902
22.39182317369003,0.7549555986599318,0.25837791573025043,41.11025174627754
30.0901483647258,0.6420060234048065,0.19283885805724746,51.51421948661962
33.10563815495237,0.32016530213989053,0.1836144598539348,45.13417000587742
21.899155068661074,0.7606494746061466,0.3878915068033597,42.15395196521618
24.87265601132738,0.41965986661706733,0.1790132638328845,33.59108555251251
27.929652821927224,0.018061858355916716,0.5187973060405555,37.85470829920533
34.38685673779854,0.20801062372231743,0.059855849083148185,39.45498445710383
5.067123580672182,0.4973836696298133,0.08294177793538138,9.99502823960308
37.06205141173957,0.1254519218595494,0.22154741994864047,46.34491392980666
1.2354926613524861,0.46725443591456295,0.6219545867027426,2.424586594892272
33.48075008811946,0.28927841784602387,0.2586316312336096,41.56452741226049
3.254268977075951,0.4275083840466192,0.3766534258270813,5.077760743252248
7.946202821875906,0.0014998782986022975,0.5252976368073452,10.491052949902924
0.354987025969078,0.6787370837349588,0.6308319375783791,2.7549645871370037
17.921216880334416,0.2895403902204227,0.24568721697972215,24.332637916088803
13.50749722335221,0.11212674742236245,0.5847755289313777,18.936019226710822
6.806517877183687,0.350332685604064,0.2288539234810661,17.156306432102667
18.153388399995467,0.3889418347910673,0.5155729666932846,24.934424406787297
16.214361150252916,0.5099221683969511,0.36070411263575325,22.218081984352565
30.75290910140991,0.4196499522818238,0.741302255480482,51.485702486971334
35.74658618158729,0.03481886565365011,0.7856747089769018,45.080603771159865
26.172176620329854,0.6972098576622119,0.6192984861522337,50.71976187717738
5.15153347131565,0.36520714542956906,0.7323714685147454,7.278012106170341
11.956553629452054,0.06159021802640714,0.10920339361935288,18.348079205636708
36.55006821392474,0.6182625892233481,0.5235711660383316,62.55014052252401
3.7316328217139882,0.5281235350264546,0.15869435325792658,6.617238630557734
16.39286240775489,0.5195502182153774,0.22157480397795865,26.454130791130275
37.71168384549256,0.34153120138844884,0.41825859297250256,52.889252368735555
38.036460690485534,0.3283976500967907,0.5935898152351993,60.18984449369751
16.565886446545917,0.4290709091098743,0.5771952593563823,28.125217249691154
26.762396146332133,0.04047553031928262,0.6955674735656346,38.78766392551174
18.378474814489156,0.2391662113743367,0.44741988170126973,26.43190855047004
30.1877294695664,0.7903153388498989,0.7410741227116593,60.74864982147287
1.4569369615813406,0.5297539913024607,0.7103108765495946,2.631016578964063
5.937454527070066,0.3351473323338577,0.6792459915843924,9.844243123978421
24.645112381035247,0.17789048235236243,0.18361608624347944,32.60731549370055
9.45558004523393,0.5961674895201868,0.4251583945497573,16.044821675798104
26.70888151091211,0.2082322477649531,0.5889892776348616,33.32946511036024
14.178672512959672,0.1298960830770363,0.780882006275672,21.0229054908031
35.488493213487295,0.12361192018742982,0.00931781898968822,38.066257520983754
32.80652354528746,0.583410623331786,0.26169162715607897,59.11252696227041
19.81494444273753,0.514248203430974,0.2738802020686788,38.71153253298983
30.961224466375338,0.055844879496984495,0.23082765582548542,35.34546732390038
10.991287872156596,0.09203425228976202,0.6539394398103562,15.884756336833213
19.87153911711213,0.5070774938828617,0.03605714931472326,28.559237462184527
8.05978566415847,0.4568928814977272,0.2875478000067707,15.298990412580391
34.46326950713556,0.5487992482974507,0.5693476866208281,62.01666428921109
32.95809113942291,0.1424311266906096,0.3253917752855868,46.78423897247479
36.10555680267825,0.5812703249737337,0.11525086695379949,56.01591311893569
35.123583852725524,0.7488771738644399,0.48868197820727,70.38965875654486
38.391931229967895,0.480840251628353,0.4180881891148951,64.87641500676003
9.287782018950653,0.1569040157142271,0.785471068892695,17.466030371080297
37.28660677365356,0.5436350842272852,0.5988209752969674,63.98175139931458
22.934285015809504,0.27446534683685153,0.7889407902765473,40.499530010164165
17.015304339942453,0.03943019710857714,0.14908211289280135,22.352637540776193
22.502881059521343,0.24187095628199878,0.6092760074223219,34.553246506177956
13.835573794681055,0.7244680815601057,0.4413105757599334,24.280689493028987
11.684409677045892,0.3289114561407802,0.570007599360974,16.583749077079286
9.804310651505643,0.691732270424874,0.37404117000631154,19.192612408591057
3.4806339803936472,0.4069274748182333,0.16991265577033357,12.100596695665958
19.96328290645806,0.41358239116768003,0.0365893307720996,29.60541283128574
35.53291469341272,0.004173056851915469,0.670630605861356,42.66678402818607
25.280048377120508,0.5096832586311777,0.6518466788693275,46.101876995186785
20.934830183679782,0.0862510760243362,0.1300317870290691,27.37202005822199
17.257998146386473,0.3829987317456435,0.5161447196350725,26.39245830672888
18.683184727424237,0.20825348452647915,0.5901869604257292,30.889633089405482
8.529238433363647,0.3139063726634519,0.4460999963049525,12.160600101194012
32.95284791228527,0.4296618845334407,0.2537831224768842,47.385901267215516
8.095641938604816,0.011571291681578267,0.7047567217486352,16.389478226554232
28.721585717747054,0.22766686661729826,0.5139525100331446,37.17268646334661
30.44740345754687,0.791689547433492,0.5761740096110803,59.004653856657804
23.07978787270382,0.0459193006564477,0.5216916236018656,29.52557107158515
34.54446972320218,0.2555147905258947,0.5770309372680703,43.42274143396721
11.78380402753587,0.2571371799717186,0.11605371594755526,15.983604209402143
35.28836540546596,0.3035087367462101,0.7380755186490507,51.71821486107169
29.230536292052303,0.5478247347538763,0.2286486383668013,42.55915355708034
31.990243144918075,0.1981950389463717,0.6692409784239663,48.80240558226456
26.650272439187102,0.36821547530884224,0.7147073632775314,43.065026132729784
33.88445207620078,0.5158908534819594,0.5209788853280329,55.17973146408836
39.72533473616191,0.2578576466628709,0.47864060967099614,56.86738316229345
16.922481610080617,0.7590180644026038,0.08723856893726484,29.071800878903748
32.5938442116409,0.7837381079541451,0.34897698086370266,58.6143602267029
29.834274428817732,0.09573885415000892,0.4893155077185134,37.12680234731574
18.224232595338314,0.2750559075206481,0.0654954179862182,26.64515865626202
37.09257018935398,0.16637765584518027,0.08916960918203519,46.45311645729897
15.898151996989267,0.14943167644569214,0.7947850040857671,23.75277590842453
22.705543467794254,0.39278387067062365,0.26578732077007566,31.78664882537284
4.416505808240269,0.4510616865079031,0.2797859898329311,5.824208884133425
9.185852723837394,0.3405216324780794,0.20122332047991362,14.712324745931028
33.65970758724367,0.21804389847788858,0.5168158155954216,44.971166511333315
15.982798368588123,0.22289725940291172,0.37846070944543747,23.511388612482705
15.884546758727273,0.7937025250725847,0.6323447658988034,35.42432680399453
9.990044523986684,0.7389418991922004,0.40999586548462946,24.989379976064537
19.76609130503868,0.060719072791485744,0.012332784226972572,23.604862324622726
32.27151506175477,0.5252405215969005,0.3861499122614365,50.4812588578525
35.827531887394834,0.3655020859878755,0.044149832475819654,44.75933019819462
2.9905543953585187,0.5510512777593296,0.6614291043851419,5.41247625032465
23.077865103356594,0.4775685644324428,0.09092646798776052,31.858966047498072
18.797480042114913,0.7114019200659341,0.17356321197265265,32.116250520234146
24.648417648768817,0.05359065143106001,0.36797219423586314,33.35480590769226
18.00157233894911,0.2796783296461644,0.1561472443203316,22.46415197995446
16.06606386996592,0.7883953006204678,0.43137596815762524,28.394177205814763
18.980852354693674,0.14582827919249342,0.36855873955736423,25.578184382145974
23.36356532450528,0.10186675160531777,0.7620180887338311,37.30227028497022
20.139131799064714,0.5831776048004603,0.07069885065969093,31.28916910078471
18.991349150621716,0.6219481280139708,0.46138563861484033,32.7770191767391
32.74984533633162,0.5378188381397282,0.576319687715187,55.11291342774621
29.876790051266735,0.6209566630079403,0.10210160724468507,45.15696161086322
13.786864068411472,0.5549772576745378,0.5091697022059213,26.074119229035848
32.06296927710975,0.10861654583134142,0.691391243335861,42.263746604615825
34.17529662637911,0.4865775179828057,0.6300445147425249,55.86361421729845
6.308989773892782,0.621501346047626,0.7481365523432464,15.36868559357787
23.390761976884196,0.6924132850595743,0.5764685573927559,44.702977426326264
11.555417345248706,0.19698819414696614,0.315189463737854,18.04338315907666
29.619058412683554,0.10194460875083085,0.7363611076726487,42.53448860998455
9.703656108475592,0.6248723548660637,0.1802854140918406,16.55569287376042
26.921860262086664,0.2052386760285323,0.4669618228200114,36.513295230309524
10.353961311093828,0.025543582656709862,0.6125263560757355,15.443566161822703
20.543521784511736,0.6601708509194434,0.6978249335963833,43.80531706843209
37.956129423064446,0.40479290704868803,0.7332337048751282,61.529458039324254
15.376040030566092,0.2613065059427376,0.0679805195858905,22.671305482655924
35.054391741335664,0.00914328418523933,0.5808473355633561,43.95931730565625
39.48039433191501,0.02826195576635815,0.16328343475281237,47.555035554348436
35.0190637824455,0.6340986164482358,0.6232955531894803,65.3557188993331
6.801467982989045,0.39176470797189156,0.5605517855468871,11.063492052746495
32.82239713749949,0.11977763943716813,0.14508188688024823,43.76368185435457
1.4795459250023377,0.2868045017992145,0.6662641379356228,1.9622080391993642
15.85341497123245,0.13224411803001832,0.3694310432148493,21.15701365988495
34.85518825805098,0.0903052425443093,0.43508492152083494,47.365200818673195
27.612338067844806,0.2210462565393149,0.7771230028347734,41.87172542800584
21.403069008047545,0.43960683796991795,0.5253004700154391,32.734493199793825
15.636988198288295,0.16800528624978153,0.4708505160198219,20.494744886761804
32.52941846951739,0.27493686502781367,0.013410217891014133,43.50890853102646
28.44042447713919,0.3823447071651678,0.15937186807515166,35.14335695983166
18.842531720703796,0.33602379134652155,0.021252336839950203,27.877477193217217
35.72087662094446,0.10290223929703171,0.26664994057291963,42.49395298779017
9.351931109181567,0.031092508428710544,0.2756066824218591,14.601422970104677
6.98158206451327,0.02836698155915114,0.4242640563134752,11.444639680789432
25.783589820476543,0.2801432144222939,0.5518147575940139,37.835953243884035
38.885374839530456,0.5750416628298582,0.14347613751705054,58.98441311246645
10.040811617609457,0.10500423898341654,0.4813235366477939,14.868338556750958
10.136881081566292,0.6295840930915405,0.7335810196231256,22.107078598605018
5.752054148895159,0.5725394474510694,0.1480062849273663,11.160747060603558
34.45042949989056,0.0031547927084889515,0.5272704242122911,47.605964656922154
9.210622108371096,0.02139829838547609,0.03647131300152591,9.81292419425731
20.226505363650535,0.15602657243044132,0.4249181074328994,30.103485457780888
39.63672462448774,0.044896728840468025,0.5932314056846237,48.88223781756171
0.6832078566973337,0.4250744842162448,0.027233424952114407,2.05200732433869
22.348146402329604,0.03170180916673262,0.26693231291402747,27.211388882714285
20.58910389965684,0.6421166703963181,0.7023655883135915,42.740812403615216
32.33640558112416,0.39436965515664846,0.1803838366400309,48.900870959035956
14.340205274200521,0.5823634933379821,0.5782996435165572,24.800837222535908
16.531586084181853,0.6005620407486729,0.48979061914199584,30.62950878962116
6.883931627834774,0.4054111517361862,0.13095013276759593,10.563070679894071
29.684446219104306,0.7402903010027729,0.5933660111854651,55.30903531655397
31.431414585688298,0.7921926190842465,0.42566479442575816,59.1832870303526
5.639200166997444,0.2873717488116367,0.08962064058102658,7.618142302024987
15.859591544735204,0.10069131219938683,0.759497122612216,22.942737224712896
35.737618815434786,0.2905905429182935,0.39356962331482737,49.190334592274304
0.3077494922963289,0.1786831176114161,0.5960646678424025,2.4018941246445378
12.090611010780764,0.42480453364940013,0.17416021242058843,19.524336568162976
22.290682945091397,0.3027100810019212,0.10974656752348172,31.260128444753292
13.49693561446614,0.38435953142943274,0.593045420903935,23.89707582844472
11.02739852927124,0.6105500608608012,0.5390593428467056,18.25091696344396
18.50949189914786,0.21921677963348174,0.219286150163114,25.51059603809358
7.424619702765811,0.42997977971178036,0.5970267484125724,11.652973117821459
21.279084590187455,0.2681289994629507,0.40399380881480207,29.399038171249085
28.326497668266388,0.6279686912965291,0.278877805317925,45.20363191977496
23.096739114614383,0.5116293059261571,0.6295134539837284,37.82722170104767
3.90575136816953,0.0068037844084885895,0.4934261980337664,7.2074836234615365
33.807462843789814,0.5280410728841747,0.40581469277759724,55.12163369640382
7.164117932002029,0.13612960645326586,0.6184856774007705,12.854520138726576
30.639517624322917,0.5795790321624315,0.4358626878448075,49.46175178643882
14.550491408878845,0.4538709334763665,0.750827546346871,25.867023090416048
31.35390165263287,0.3211861421785398,0.6544445542299819,50.88642062028342
8.409661555532761,0.5552531433658068,0.28655005819215756,12.752857105127015
7.6291517270781055,0.6852746286950242,0.3719354004370068,13.641197612294734
19.981628679455792,0.6229949710896586,0.7658664549563108,35.30557224083908
1.5108533849947474,0.4363034212575261,0.7161635158351334,5.537132264949699
9.166834083536868,0.5781554562076238,0.15294843010744918,14.325641213563719
29.01568763693706,0.3311316435142029,0.21944306625867904,41.439322411103525
33.527862436555935,0.631220897250503,0.29153641548957765,55.47303516821081
3.4152574847248554,0.6632415132982545,0.7038792289151231,6.983897617634274
35.306692835636554,0.10983506950111899,0.7419338495162114,45.61535385792642
31.941184721316525,0.19042508767515703,0.6418721926420794,39.54642122944166
34.81343496913722,0.21599098987932674,0.2205667568482097,44.17105654474862
27.997456472237825,0.13286537518567326,0.7096518453081853,36.93716790034946
27.031292078299796,0.3140280055179366,0.026304900752558782,37.697780094599274
21.09871068712558,0.15442656915968983,0.33824278471241453,26.52003036489969
26.180931534754333,0.4764314487412876,0.3021029058653901,39.99407561950362
36.780564649750886,0.08129235431809274,0.42819168472365904,48.69247029350878
4.2007756563849945,0.21593532242140512,0.4485124457878631,5.697850478387786
12.767426218274428,0.5324165167570855,0.18032358947476715,19.439268832732143
3.083707949115699,0.3188360985066794,0.16364456222860496,6.071866094695634
37.80324584337273,0.3371701934827262,0.6428532734337242,59.13488348628014
17.92156554677564,0.6383402023667114,0.06095743827187486,28.595295071897752
27.078709932912297,0.7876092426327892,0.39462883508963637,46.81132414652738
33.676578567271996,0.45205422660337036,0.15331712527814317,48.25197344591369
39.641809873444245,0.06325373717088621,0.25565378009678214,51.66006493519263
6.638941820132176,0.08232237937890874,0.22183553533760653,9.611482994511086
32.0206017075855,0.7748005776235329,0.5668177807577631,64.88584765752671
35.51943134584211,0.5433879301987773,0.36481648263563954,56.89436131008728
2.1452399986648496,0.6019752946670556,0.239553467556883,3.199085550791038
30.21280429538582,0.5406110061484332,0.6650815983841641,55.45177350669402
14.3180677836227,0.14369408135612263,0.06863611303264161,18.87112762907531
26.014152300523193,0.35868972865980964,0.6130885163789123,39.190172017471376
20.659118202346814,0.6384643500954925,0.19865020632023828,29.98974422413614
10.537741633048148,0.6930903703536586,0.7344153781014261,24.359942108516954
5.581810207758644,0.18986841179709765,0.004447268295639084,8.045495901837251
4.85449987695049,0.4767694326670565,0.4453306698874715,8.73216248655608
4.31224973679797,0.1256815221907627,0.49781198722207504,6.495533620599436
25.584043597356192,0.7666214984974014,0.4618402661175203,47.32560667577909
14.186151885701614,0.2017634311939901,0.65201223375921,22.343893559207608
8.822010840593721,0.5813081028831174,0.08973120646704898,13.61498850849537
27.73702668969494,0.1848903553814835,0.3324448034340674,37.990486133312615
27.536612717505378,0.4928431543028333,0.6909894184159789,44.92175896760125
21.658898035808505,0.5274114456181253,0.7109882308231928,35.67443679460686
37.41132111126087,0.2627424827638022,0.3986755225910124,50.50755019211903
15.539486411368566,0.655067092340841,0.4463735150960639,27.619351317774445
33.467346256517864,0.7082967185979605,0.6111267523919205,61.261380144088946
3.1905484357014133,0.684055944203196,0.6236883154389132,6.345517579082889
29.645277542732472,0.2646385755717739,0.7104650396046888,41.14824113776116
39.54020707051082,0.5954722072101232,0.6750859193464345,66.63236056371726
33.89460900825511,0.44759260389537936,0.3315386502914355,47.3881284344512
23.27065582854036,0.4741026595936093,0.5198026611773253,40.11569265469478
25.145289360220993,0.3819400682067695,0.3865882062893873,34.10673874931333
14.26092406759048,0.4802089183750973,0.09436917313610538,20.181291022554078
27.243511686672534,0.10852332642859999,0.6573447360040502,41.12205280264224
30.861736250616815,0.32707778649396424,0.4814108237604054,44.814484081248175
39.92949354849058,0.14213740959035678,0.04640416304473005,48.46818946394927
19.800024096617232,0.22408442477714063,0.541494623207178,31.075478429217707
2.6399018177830027,0.10225162873770702,0.22648082871768144,4.229249592487796
23.91514643909321,0.16999648417761604,0.05541216697334459,28.69065486755828
4.9371611692903095,0.6255434046301728,0.4852711317469157,9.505499251339634
9.94164873353318,0.4398691697421362,0.5857669233033949,15.14217116837443
13.285440469968341,0.018914494809787998,0.41382743545719364,16.38681294630959
29.29498895130674,0.6308195870416925,0.004518618856073964,40.701433670452616
7.515563330364321,0.7275747167435925,0.46150618955408274,15.795853346834134
6.79696728432563,0.7043434206261101,0.005287260254367965,10.969488698377702
1.989576851453333,0.6584135062986575,0.7411266410376944,4.096377428438152
34.95494946688446,0.7937731542407496,0.21384412618004164,61.66544089760436
27.801515889371213,0.46912156443034636,0.6968052827976194,48.93993138513325
1.7898693315815342,0.7700701028119239,0.00968743089349644,4.761690896319973
1.3260337643969602,0.759075386001142,0.07777320839373623,3.774659841013032
22.43523699970723,0.25059098440275146,0.36112664368212566,35.774625291970736
11.444869171211097,0.6907470048446966,0.6068859032421353,21.25404014298628
23.949708747190762,0.6339781324470217,0.7540493604005094,43.62441263808816
17.497246192102416,0.6206390219208685,0.4168758521347439,32.540590436535346
36.947839979948135,0.7170246170335376,0.28436857093327694,64.73342943037764
11.65479879546244,0.3073520079362462,0.03564363193374485,14.00459421332504
27.229985663867957,0.32004397270990553,0.4669675773909694,40.661312723341446
2.3513616024202477,0.5120418473629091,0.304035011598827,5.814302048136032
38.24324926071923,0.5902436302514736,0.7273067877400328,70.72513469907956
39.23414722275242,0.7037896821260916,0.3840473782720006,67.15269168682563
29.61517023485321,0.7006762565274256,0.6123575865038208,52.50517160798003
18.71545636823021,0.5770716995090079,0.6785684225719166,34.88095885323696
8.955738885225,0.7655142222572182,0.07862208934220344,17.036490625381624
32.538150341869,0.1429028951569938,0.35267704620499585,36.65946012500175
29.506893066451482,0.760271877744069,0.7149739448098497,57.66462714972116
9.03377077452577,0.05135318562689726,0.33956423865575325,13.718422913331565
18.15836870745917,0.44449750495353463,0.45212342157390834,28.302720074672457
18.619397725108044,0.0721575656064978,0.6984831578390782,24.327524638027224
33.09113988891382,0.45440078015850915,0.18607486935183415,50.15629899889852
27.417018436496242,0.3120877699645756,0.7156653302587708,44.127245482146165
25.79806823289419,0.06528754520190949,0.3176227369516923,33.79376559793348
26.06313141801848,0.5184934440193507,0.4744266629272521,44.57715674219809
10.96470915942266,0.5849583996982735,0.2624315856526826,17.689447666187068
14.994108141215452,0.13934833089598506,0.421695243007672,15.145205960651591
2.0173589603809043,0.5555493754470152,0.039428642418002015,4.451249586960962
31.520257205322523,0.14323803931818632,0.052207980191010694,39.15016526511981
17.43332896375859,0.1099171594522212,0.3317782095500684,23.126262185414536
17.641886612085425,0.1178906132197966,0.2679615387468628,25.349919518526946
9.965179344358342,0.47926277516346794,0.4926334482200866,17.642278143957036
8.535205802085269,0.6230326465012825,0.030328133635044986,13.472400420478902
23.59531279684736,0.4775149611790509,0.13413493578951305,40.55568766170869
9.455610005106294,0.6474811624145961,0.16767351530063374,13.818104122222053
2.7555122923054833,0.47318187285629537,0.35239341482384035,1.6858425156183219
30.746795156039752,0.6378569978787895,0.1974678099031622,49.4740124412967
15.183483489373362,0.7812180009066405,0.11013014864618453,30.993337430003667
15.333376239192315,0.3127678463745797,0.4780589390259503,21.15914423483869
17.36646760432849,0.11995374154151578,0.5950975822425776,24.589890792663663
32.638783971642134,0.10831744936396613,0.5482144534377774,45.50857927240941
12.96930845840472,0.4779820773252785,0.22094407618201695,20.09932160765392
30.36984120806187,0.4376824526842736,0.6835558690935712,58.173078386628205
37.59388466302582,0.1473883028336246,0.48945774354192184,51.77626951836981
26.50255419780701,0.7056839701341389,0.4917333608059391,55.69494890463768
17.380907030845577,0.7653986947633508,0.17027876137316583,27.994682934590635
29.962030981237252,0.20257251448264135,0.19377030986892285,38.957330324053835
18.42431531610514,0.16550634472085363,0.3798001739504838,20.712577794772233
16.694205390104003,0.1711374818460378,0.1902568248324676,23.934904981268645
21.10626991019279,0.3099372237530876,0.5504621891883013,32.104861711147905
12.845348925409892,0.6825817402391571,0.24684360980460662,25.14907184317823
4.349158607944047,0.47676848795289434,0.12153292316907933,6.876945507131074
16.711109819941374,0.05404274538613594,0.12129108301877799,20.135458987091578
5.129503868946217,0.37838326813765377,0.10178222296892853,9.307759381678629
16.535570647506777,0.07226534642247406,0.35180006317309953,20.51948193043022
22.36596210429532,0.3249712912067521,0.002432029078098008,28.466980614378617
37.24230501198474,0.32281611384265363,0.4338978306420247,55.5778299030388
1.6416487756030829,0.5186821325677166,0.23864233833564033,2.630046323564307
24.934044578777375,0.4395631735704808,0.44198306476817173,38.94874235202395
18.417860428673073,0.6998038258712689,0.7483403307532667,41.76993864507078
1.006392902524739,0.013020146132377876,0.695238088146787,1.7027441739849596
10.132017402361068,0.6191990576757194,0.46114387195076445,18.529902619156125
4.915713043721102,0.01812667276467339,0.33445625011098007,7.1648095601053585
8.828407000111499,0.2434318627810928,0.5586901368660052,12.933635871694358
11.127895689744543,0.7037305105436508,0.738511466099617,22.765996354740746
16.171992148211412,0.5523313373416974,0.3916376543516398,25.830296775259008
21.25576786085783,0.13759734269291465,0.07944617926825491,23.647851468606895
0.23940175827016685,0.39262763528955436,0.6128705603391921,1.0
6.642400553023884,0.5775233447823886,0.008383323115507314,17.764263402097306
3.9239421472302682,0.7498746570716235,0.611710783712539,8.449500939273298
22.077001290657197,0.507456959374563,0.06793328310925598,32.75069196113702
13.297179841970538,0.01974032914634183,0.08529325949302953,16.327757124919344
22.02622989418178,0.39976148775702686,0.6253654960092209,39.486734003688255
9.028567426552176,0.12236931133666218,0.5516173639163243,12.438720574237957
1.1643282926858776,0.038223640379937064,0.44952250346931033,3.6267866932146435
37.666402670555826,0.47880850774526745,0.656468154168155,65.88025058724519
4.510663223321962,0.6215375220083397,0.6810948085950107,11.111122140475919
5.248978168876329,0.028848444397123443,0.3660098045250294,8.898628044622026
6.032563695103592,0.6268714167724156,0.79703894964363,13.25494933530994
39.254805654932255,0.565110303849207,0.28606395171128585,63.63438063010617
24.782877558765843,0.6015895105346891,0.1372062132966386,36.709512312067716
24.489540077813253,0.1957826981725604,0.6767811544959134,34.675027514842974
39.47058842043748,0.3148763643947433,0.3324562236474642,50.058019461302955
3.7198630171312597,0.09580066176577517,0.6995997209828915,3.921335992124175
38.985135523183104,0.1911127601875732,0.04893307559232323,51.902130349997435
8.319723232850826,0.24223173718194407,0.08884168920531331,12.50212333740949
24.99824584176901,0.2555493116294289,0.03221812897916996,31.90766133674327
16.919325899051106,0.14003191047744945,0.4816087682419281,23.935423313931608
15.48128217639169,0.15096943845691468,0.6654913448931997,25.248655318336223
37.26348447348261,0.7211763198337282,0.32212862688693744,68.43202075987972
6.139263591922206,0.6271148918524847,0.07255635973681898,12.347919166522162
39.883346640834496,0.2755821627931499,0.2987750619447628,54.98414345525995
15.28917743144363,0.7581148315847686,0.27843690587178394,26.11554428069463
26.021241174764462,0.19113817023385915,0.5147775398112918,32.86018534835964
38.72268791303773,0.3254563627600406,0.5217213030370671,58.550987518361886
2.4925218050831965,0.6508202491476566,0.08241897380108246,7.058992583269161
36.93000164442259,0.35430909616290135,0.33614142202042196,52.39517578857589
22.79889313710286,0.1877002583265168,0.5140116214550123,31.72363937478716
28.234995783302598,0.2948283740971907,0.2070889673520278,37.70057928458937
6.137530518676664,0.4005768578997453,0.3256642292227821,9.846437817880306
21.42881974707508,0.4965155069282699,0.4909559453160151,39.23322239028746
27.005845846064695,0.32448519966521866,0.3222965609959215,37.13826892138594
18.358642834029734,0.3450434648959794,0.02468877725245431,23.73744250986467
6.368410088621057,0.21115489024114018,0.17809279634360467,9.829794627448049
9.915939188405948,0.4282778387339294,0.6208647315724191,17.514476103272877
34.20483308154124,0.1755649870156371,0.19880326300002454,44.73924939761051
1.5719455147439585,0.6940209744864607,0.6541691568516913,7.092244944441282
28.41271072194433,0.5978936562130411,0.3735262605614591,49.67360500832011
39.97572345327817,0.3282231907313473,0.3783369097578224,54.57246411466469
0.49782324504931125,0.5977822776262782,0.6164129722651023,2.279750492939381
6.609618176233608,0.005596753447498415,0.3066348104127161,7.34390238680609
27.03094317554675,0.27559137811391726,0.19078447372189677,39.80403002429772
2.587635216496861,0.3522409185174309,0.08402590137394653,6.397158032291013
23.673641357463183,0.37583880603655784,0.5375279009350145,35.62290771270421
27.42320412173003,0.5989851821682711,0.3759540318343067,44.809789017008264
23.608224654939992,0.770245942049371,0.6475255045601015,45.67378234971256
14.734351180238473,0.30399770435424245,0.3661397668594451,24.10123808047409
27.95183538026823,0.28047987962229975,0.3318485400918727,40.747716341592394
23.852918234950053,0.48841218126431696,0.23908166725978985,33.5145940487409
8.463959449338004,0.22500289135326312,0.15954229835228625,12.492120514424304
22.612794634687365,0.1130802670521514,0.6643495557187717,37.30731358865626
35.299907242129315,0.769232696393759,0.07616909675741308,56.5883462075228
26.739964770479908,0.6476239654472177,0.7217021786813167,53.48801437826155
18.977301994275113,0.7667996424193023,0.021527320989880395,30.55930202678791
12.999047294204155,0.17426630294713333,0.4178018681857668,18.740436686047932
3.6182711356154,0.014247371975736467,0.04666284972086743,6.13769257357941
9.93615988380934,0.34980926059048517,0.6236856970477064,15.552752908567808
0.6452327728577001,0.746887170393265,0.1691972192472907,4.251932900388556
39.46771151749358,0.11066027109740713,0.4527380609892284,47.82853913756637
9.054793634723849,0.09374841826767871,0.7331568820727555,13.711589891660148
32.63206251887783,0.055162227396673646,0.519407148489941,41.5927184278707
6.912066295838148,0.6120143991455799,0.14265597197913235,9.596743180875231
11.48732575430184,0.6287412270668312,0.6373422150039206,19.85106888849544
16.847437305288995,0.5563008445307712,0.35318368544667944,25.05802580191358
13.111345432835881,0.042633476097868876,0.010541390674205342,14.083647133488647
31.97436234784247,0.5786306686521631,0.38941197608626804,47.028029116116734
38.31619763901384,0.35890304676934975,0.6499877418106723,55.75640438722451
35.03672044930377,0.12631553754928398,0.3439661046668905,44.88521110030669
6.31239910452071,0.23610080838768166,0.6067424403839939,9.111958079305865
31.11220931870175,0.4009174719463688,0.5644207076275242,51.58590878794024
6.088287149527515,0.26372117781574483,0.3655298538706278,8.469096199562866
36.55256804117163,0.775799381393274,0.2586260680203579,58.01831855633693
20.81156731160942,0.37979339336575946,0.5812320012497251,32.63138696663078
13.587967304656926,0.2977204082017149,0.29513473419069236,23.35918843696332
6.449614793900873,0.5385323431744293,0.13606968538292136,11.852674493986123
0.6700017095243835,0.5204360454847319,0.25669044922238354,2.200333881115303
10.068290268103212,0.0019514243242139352,0.7014713543424387,14.121340062198371
36.57799851859622,0.4947789586405944,0.2267112897099085,54.57667351146957
31.93103525243465,0.19501517981522698,0.1879684278757889,39.68577131183973
38.797789568478635,0.3001869132703373,0.10673605658444973,51.44346958253856
4.210308540630647,0.5650791125878755,0.04414227565417921,10.248590594116992
23.768713991525644,0.4459089768085567,0.7813538833597052,38.810613142232285
10.434588866424908,0.29492411532407753,0.4294214618084884,11.916686048584848
21.809079889741813,0.13392828146969923,0.583715568496558,31.444921630807354
12.954104445425513,0.4043857497982026,0.6183787574949642,21.619994135214995
11.481928899685627,0.2554928188057626,0.28185359577637803,14.628146123332378
23.039043020578976,0.7303422467264601,0.6391247281289769,45.759910577754724
7.496062842407704,0.4274773122312405,0.7691873955360391,12.282904344348847
18.87151079149025,0.69277119533633,0.5934094801924273,36.358271326420194
26.10232814875258,0.3121448227868091,0.5693865013302232,38.94798113200365
5.301646512675601,0.6619497310303685,0.34578702926561605,10.106140487782996
37.23765198090078,0.045229521737662905,0.6730561006470359,50.282364576903646
20.327843038274164,0.23849522045441196,0.07106990009867974,27.682615903034836
32.817213280996825,0.0625407464357595,0.5997469697935588,41.659630008350035
26.22543613871832,0.025320144571899128,0.28959483371428574,33.84911158347714
28.45803746065731,0.7350897962584951,0.4527791326382331,51.0404797308486
28.702011451514952,0.5734949955197439,0.7143710159176218,50.80494342590294
35.02897590304661,0.5000880515747765,0.4840156479635802,55.32629625839335
24.621496314867578,0.4259942475294664,0.020465224289972907,33.950503303078236
11.273042638511305,0.4556432289734736,0.578083876418477,19.414592856268158
4.160483786045194,0.5109523051091628,0.7432196049629115,8.313197846181337
24.328774654115627,0.6612638357920826,0.5136095562484474,46.019313680130686
2.840841590069126,0.4775108446364226,0.689136061967659,3.626451447970529
9.8034793772433,0.598864610488706,0.6602366042735475,26.006779802245646
2.616145947156086,0.22478244146378792,0.68903382638717,2.9637661866252465
22.045726042461368,0.7814093902531778,0.27528032215381987,39.005395285673046
6.581457372726147,0.02551776674962314,0.37933082168694493,8.216671527130101
24.494211313452233,0.3092612762218524,0.6784268040237853,38.79986608198558
31.676432208358047,0.7056396412029632,0.7283188599451642,73.92277898939253
32.91085268672012,0.14441837014895215,0.11747319940779716,45.91164083362072
12.51983162387757,0.11307047434692637,0.14522590367318716,16.573920347715763
22.04839040124094,0.2923446135199308,0.2774636800439475,32.770421292314616
22.607828251437084,0.34255576041346203,0.6162382625434865,33.31804167639251
19.02090984973583,0.7467152485293822,0.6999849258063159,39.1495698628336
26.273532878705637,0.6688956277670569,0.4641921131226763,42.87343712587171
8.561467528176635,0.37127171015241134,0.09061454031458478,14.096468545317823
39.173880935554415,0.7783800807052824,0.2429985839737328,70.48916304611996
4.1035771182191105,0.5138227233272515,0.6856184051821054,10.82802378034145
33.203001419884146,0.698926985585513,0.27804398261601193,56.400188700695715
23.845020280657273,0.19684558438946037,0.08224579447151657,32.4270186994035
9.945218938309893,0.39117125943998626,0.2416547728904626,14.921266381705157
29.877865026279927,0.023773770685146633,0.6453650818398468,38.21888133580308
3.562339647947464,0.007104154613159075,0.39478362641531384,4.623595090397134
31.021829811061565,0.5643625767515716,0.13725822043995306,45.36906795871677
23.681411845271935,0.09463489797248058,0.25010589806395045,28.921572103974817
4.6078626721767835,0.4382465896886541,0.7628650237388851,12.72890368596446
3.3643214110763346,0.556805985768016,0.3455659904789012,6.627646373391019
30.083286070771205,0.02578766898371141,0.3532794038448745,35.01908511589334
11.858849078852717,0.35899311931654565,0.12245568163537063,18.918842350705013
35.5942136605351,0.5473215495886719,0.24364344369142785,52.36749285338392
30.530506237001003,0.7117847902838801,0.6517489063520372,61.70044840659257
27.987971739765097,0.23938408048132517,0.6289591795226106,40.91214444182592
11.288520894811347,0.7793732237474642,0.3483990391544386,29.82946943026584
28.41599185706039,0.6756331997277579,0.7149218097256996,59.2494297540252
37.93627784369039,0.5205080576654835,0.30420713365025787,59.35145153511533
3.844081407948643,0.31354040579690495,0.6914636638575473,8.286689513413481
13.181273151741927,0.5688883009595989,0.02525244046776214,19.2445647587537
9.539956165371445,0.6529546152562827,0.27778423218376863,17.58411563010139
15.851355349146532,0.24263989990924584,0.6840547824158683,23.389499872839604
29.744839663187065,0.7942640519256234,0.7210476491794626,61.78934888623309
19.074854740730384,0.7268954958037113,0.605139232976306,36.33946929503102
22.9150781235858,0.38840115227433814,0.5358926535165606,34.84466930191525
12.703364545518024,0.5782639326203162,0.6524039275698394,25.916081202896212
5.823312830066602,0.4192071156950255,0.5660465505777035,11.894389531223647
10.823959227721595,0.608744441757621,0.20337676357214268,16.898758217047565
34.41527598943108,0.6615857631023851,0.37298952055589124,63.518110625772906
24.176195093705733,0.01857804412563402,0.5285639983089276,29.08857738552623
15.2439491932499,0.0633056237605194,0.4702422056946435,19.70738462836818
31.638258073076383,0.2691739327013816,0.7080780856984483,47.196299342816104
2.7654058117053686,0.7340909061058797,0.3790757123102627,6.717599267851176
10.304865299310949,0.3186188665147118,0.14238990241856506,13.046392883280472
9.358105531482101,0.7100097721615395,0.17166562993030532,18.029711345383358
39.41750957429524,0.36994713010540237,0.6768452470874327,65.93670193348548
28.302723579231856,0.23108233624925872,0.0069767633784896255,29.780445204251116
24.787880268264452,0.7205161464499962,0.695304289597467,54.4869601251723
0.39840161872002133,0.44853661513494203,0.04447046848318781,3.9404119909104067
7.5355380831763235,0.28838743602403305,0.31332677447152435,10.615941848065066
25.49454346032851,0.03552560290225344,0.6401409819565033,35.84901454398518
15.312829193970295,0.08874650595857912,0.32609230145791923,18.02792578551052
36.986359270426625,0.11144826211322441,0.6578785496432421,52.84562439046294
30.63602392184196,0.29186903232848505,0.08023906762062652,38.71347023208588
18.005886097603973,0.4858663645954752,0.4092337811481492,31.20663224722904
30.03069610602316,0.2460720915375439,0.4659792143992074,41.208879436718064
39.021092088283616,0.05242210701184016,0.7126948777897929,49.45369671492255
18.54703682311853,0.21184698985386705,0.0748971250713547,24.206795131077087
25.772530337963627,0.3269453207196882,0.27088054822639807,37.860183644118514
36.76285167943955,0.7938159429378633,0.5274784759174709,72.39822606764147
10.097251549039695,0.31438952380075097,0.7839440654880623,15.15514206725657
35.48500496391788,0.07135633499795517,0.6786194591662855,45.910787980450785
4.0822793295647095,0.46489185157914675,0.6771960493567116,3.5799880894867746
26.00823718938833,0.7357120581010318,0.41374602353983053,41.27430605599258
31.356958571220215,0.6293565590894001,0.4514392976691986,50.775658600327596
24.661327526246556,0.6689746473497893,0.6868640752645216,45.62688190247236
19.922285205271212,0.7425854368818644,0.6957004690054077,39.12833928495279
24.770414577042303,0.5092348027084305,0.6418196523776895,41.97299729454786
6.236215609421894,0.795938184522799,0.6548570201476606,12.020827662730628
8.779714271142689,0.026625255903720647,0.7037038872007058,12.232637016860199
10.941993889462408,0.6678717409148498,0.09102554487354385,19.44335449590127
23.991617757075517,0.6856085356178094,0.23411150152397672,40.34374377210939
17.787662735053804,0.733360312609572,0.780890827162886,36.79686625332222
9.930138530936413,0.3825355661086793,0.4358209279711962,15.630211425920871
35.335811419354286,0.63020473889648,0.14117108803335363,54.61671720183825
15.08208924367029,0.15606431929694387,0.4024445065596218,21.399443311590254
17.952062425349666,0.4825041801425715,0.516627340242873,29.70759857862088
16.50610284664998,0.28691612189076915,0.6625775871501259,21.231530216833626
7.441329620014755,0.4769389205295804,0.6497413808187744,14.411696921245955
29.318755214123286,0.5404484057266402,0.03939319466593334,43.49406982802058
18.048638838300548,0.2776549333969431,0.36281998957792666,26.407227627078836
0.847032973730194,0.1729906394422976,0.016455244949606485,2.237067820978102
38.56774535391992,0.2573503270874678,0.7105248989330006,58.24660221633606
32.66739174149746,0.531165796085954,0.13912486041489994,52.98995889220446
28.997662292853768,0.5414993869382484,0.4998997561341108,46.94019906028042
34.78985644663745,0.5930535488192791,0.4564946970243202,59.855578451651326
36.2909286935009,0.10122928685816479,0.5004235477142925,54.25310634380751
13.632090314100656,0.6548139122035693,0.4507332982651264,27.130264391684168
24.5161554009846,0.5505182412327644,0.5724709418932861,45.63832180751902
24.430550806382644,0.024404061352511344,0.5008879728185333,32.62879011575802
10.838526818661759,0.26847827954804065,0.07224019741665143,14.393494678565231
9.033699607593274,0.3733690047251817,0.2934143608059522,13.9562400070797
4.7335087417970785,0.28849399230945183,0.4372747487477215,8.414523189738956
26.440704997474818,0.0939335105667305,0.2601579407185417,31.82324092060431
31.280575843025037,0.16587702760400563,0.6082647078455072,42.82984300173656
30.485928584776747,0.01964911592810603,0.2543181720439935,34.94298213855974
12.787760011961977,0.07446172908205027,0.6629473394424317,18.619288461044672
8.369342048515048,0.21304009417963582,0.117386976785187,13.666118242966855
18.253844302493953,0.6559762125085845,0.6155140519886999,32.18761681914992
21.96317571757232,0.42131000794976026,0.1467723526281511,32.808799981110695
36.77966769314852,0.3395983125528848,0.4224122243297299,54.632878611567634
35.01796154010735,0.5297303551668392,0.25641949837113814,54.090369382669465
36.65912158581274,0.4332084482600042,0.5098675487816317,56.68079324608765
34.04044292841199,0.105211141404501,0.1701923278732779,38.32945100453143
38.590331936565185,0.17809869105935167,0.6363277866815141,54.08643259498365
18.726899887328482,0.17801788879248612,0.4588670930931522,24.533582227330644
2.089445197837156,0.47996201008987377,0.7658185232741395,6.716694064830316
3.525768879509434,0.3692994929514772,0.5694162631326359,7.878869274007135
15.732990442539256,0.310068050048683,0.4859164316026008,25.097610813518475
10.45594623266529,0.4453113383054304,0.6633269523570731,17.88610657116201
6.963635536170479,0.7760926286260458,0.17574605420942133,11.072101116204406
38.13751022544421,0.25135476484470143,0.5061939686915659,56.67776707378836
7.977699618742774,0.41615634690681386,0.31232307967588135,12.046844961485991
38.383295038146194,0.38429601251529255,0.5950327833171507,54.28752206646623
30.48138584478404,0.5733144253966759,0.01957552759301269,47.233546099052354
25.70963775058389,0.5842322143863329,0.3421696772215313,40.82511103140513
27.105554611557256,0.5832565771304324,0.5213615214663354,48.44089721609281
13.392678081633134,0.16121566395099585,0.36851146915372823,18.38666558705794
25.927796114719627,0.3592745090889502,0.19037727657100076,33.32058555760388
7.630346307594359,0.6489397528233101,0.37147940134354873,13.792793096042349
37.52067621493198,0.305224136432515,0.679795620391621,56.620003321802876
12.21137493043162,0.7874040938319431,0.16547121383850572,23.772181595160568
10.356423189282976,0.29182939343375935,0.2937377309037146,12.98158493657493
28.504279368127467,0.39813346187357457,0.7922684172001021,47.74023970348032
26.326658979034036,0.3796204758420375,0.7302537351123595,43.11042083734886
18.161696950063547,0.34693104197539404,0.027174673701324537,25.847606640215638
25.371360140693294,0.6765050946556973,0.42426557408161153,45.54490623803752
6.547824256082074,0.12422019003841084,0.05233042147830683,7.7476331320448715
26.998466634597808,0.45413176513118647,0.7391239389261687,44.29410930709403
10.970305668768715,0.49488126188433895,0.3532359301480247,19.1911169935099
11.058871871723,0.6809770464554967,0.3347496031424013,18.019335155157474
6.654761410762626,0.4873601279408868,0.21835682547144852,8.5343908770716
13.42860997443935,0.7680162782302246,0.4550551843137231,27.086891063044177
13.383792200390857,0.6977341698087431,0.11599897839471424,23.445944011929825
18.276324665750316,0.2789919586821852,0.6391640004284378,29.778914766730946
7.778696285720709,0.6879251562326676,0.39296827587726696,12.819007452897697
7.881699939118899,0.7667822512747646,0.45317031305132843,15.840703173013418
21.761195152196485,0.20575774473966907,0.6726437981236164,32.59596538671236
5.329320705884911,0.48816704533152677,0.1481190191079592,9.507017128483982
27.618100917955637,0.22544312987370843,0.14014645867369255,37.11563819007575
37.769095609331345,0.519653823265774,0.33664133829587695,63.541498781099904
17.18646574224225,0.07491424363761752,0.6289025929556805,22.099297642483577
36.06399146339694,0.5873504174952461,0.0468364428161169,51.260979406660354
4.113000326809404,0.3358558628762743,0.6361361631189966,7.700480782862188
1.9097135695506537,0.46984574294114945,0.4006052748734479,5.335996206273006
28.910481325050828,0.020689922018798514,0.4494107599585797,34.57599615252973
30.48865860466356,0.5563531641682626,0.45150875062333856,52.96626732535401
33.753717990436904,0.39679308330819474,0.04493391116617618,49.41956381226147
2.4613436003192604,0.5002008061502736,0.19981663817451586,5.505789231369338
31.120900787281847,0.25253437790093924,0.6042379612117582,41.3535391972163
15.186241565303954,0.11665613873713153,0.32981449559142695,20.37550930354064
12.272837780751503,0.34834315359691365,0.4484135858014834,16.862580794362927
7.086352069463217,0.7551832970290907,0.7558948976212377,14.02782649125352
39.84142705308058,0.18223522132304426,0.03701741465388899,50.38336900002502
2.733810854890772,0.5406712096282014,0.3597442925390558,5.879571813253367
33.114918981398375,0.03987483522763311,0.2890193062783185,40.65543189223459
25.651878532522993,0.5744798282135427,0.08515954095579295,39.37444257497566
29.45620168162231,0.19074974944119447,0.7606354790078385,46.443092507399804
28.526341372887494,0.361213648183466,0.7691676717988347,43.465471953700735
34.36569250591266,0.29420248047581926,0.24919052335152553,45.496214391075874
7.51492438027311,0.09027227465388439,0.7573732885512631,11.722357228762618
0.232819750020478,0.2764655620094206,0.02813888537942848,1.0
24.02143386392199,0.28009996663454845,0.7847167922689616,47.78986938699224
14.28357384506869,0.4176845112238013,0.6687456131269316,22.00660616523325
5.12673577846208,0.7778812263519899,0.17146417664897112,10.055822677676893
7.608322413348706,0.3760140180085043,0.4796377231476708,12.124655015443206
13.40362263587707,0.7315409245061071,0.6386394898954424,33.207292930694535
2.9952881612907887,0.3692461268500443,0.2554391712062232,5.757269374435464
2.465145444712344,0.08603464069995158,0.28300143367426367,3.2586384111543536
36.65784494233128,0.18412231622075215,0.5031782204743414,48.816453197906185
12.621689424277108,0.3260141408460802,0.11767524074675029,17.61504855587683
39.29278175944868,0.2602950183761478,0.09456848777792688,45.83147947843355
38.58180693154991,0.6926634300259934,0.19984422249553946,65.0927284927966
5.874337036619129,0.542916481757241,0.5930077962776251,12.73711557541781
28.653987255268394,0.4626467615349388,0.2932793811292453,37.70072669236761
24.11203458725735,0.39298364098935246,0.4058865773214355,39.318962747357524
27.68775350958511,0.3178164946312535,0.15636044544602612,33.717613368752566
4.028401800576096,0.4897539518656091,0.15528453387965754,8.112629696561175
7.7046911296554095,0.0996857323555048,0.520361007387848,10.582197854115398
3.2502187257450834,0.13002655057352452,0.08670020149476301,5.048244037301984
24.24454136763943,0.24249308271735998,0.534272581773125,35.67407196451639
39.46632481879383,0.13694769316885955,0.320561481879125,46.198835078511294
26.944984598786064,0.5416789752198533,0.5370167308941005,48.051393470499306
28.488309093872797,0.01981465712499624,0.30538358161239093,33.06651921587494
39.386484653422585,0.1281419933334001,0.6768417469195986,56.312972070641585
27.184859856037484,0.7220864875990427,0.044444935372523364,39.80258104015386
1.799226590613119,0.7980345185776696,0.7146378494497415,4.837112214831434
34.706822914092584,0.3900723822624745,0.2149289417904762,51.4364896138577
14.714195957076091,0.39629605841740667,0.03403376797238531,20.00877040397039
0.37367213628567153,0.6187190097899506,0.44992353750574604,2.2397445004759144
20.387920266920656,0.02895166209646005,0.1794833843048771,24.438888360477517
37.493197034875294,0.3416171855207825,0.3673624985472958,53.334400356478895
10.44176135036033,0.07986230545196787,0.6418513648496829,12.159324679939134
19.762224287503027,0.3207411061251888,0.6332374085985215,31.46781027011259
7.116320133739151,0.7870574729030999,0.4803084930267318,13.231441473184468
2.496168332324316,0.602906624642689,0.7822975269261179,5.125077168352026
3.4056888791819047,0.7880367005481744,0.37100087619679745,8.162057405695554
29.135034057261944,0.5968389005364814,0.031510712283850675,41.41834612963232
34.59016393553753,0.48648805744527074,0.655540119848379,59.94896012267097
5.903293802249145,0.6033766663417948,0.17703509604548862,10.772353837514235
11.675078998856653,0.5272733383767878,0.1409910471976196,20.30205367382231
7.962172812264127,0.3712528239215267,0.05600793757319327,17.779657899498027
1.2688599216718315,0.23403706720416803,0.2623199549109111,1.8303595453629584
22.226568521501946,0.41614244746748397,0.26092717364335033,29.982971191171867
28.05690237147837,0.2067947791211444,0.2422172255731619,39.82506041575365
25.9855237392258,0.38934107715371624,0.474554351814942,39.60790894062244
15.644531182629454,0.1169083247368688,0.6012337354624847,23.243191459697403
22.28940778840823,0.45231607917603267,0.7502133749178714,41.585477642250154
3.945152404121742,0.19622695264968382,0.07524006294411807,5.52303977931577
6.34128800516284,0.23488648315325575,0.12030546599051757,7.920983240401379
37.28542585820874,0.39922251342591075,0.4718740084196538,54.984155140342565
30.50800836323189,0.1300210024172646,0.07850847510180828,38.0701643303353
36.92501601384166,0.7699039069087353,0.2966114276954103,65.2354442093211
36.683875323074815,0.35755545231430097,0.49964178443682955,54.452291554550236
26.045826160888076,0.28182338370140086,0.6244360256310894,39.48388185118584
37.14389819486417,0.023357284074064746,0.17407942996642528,41.09636610071548
16.78482330268203,0.6746034904897864,0.5343884512776095,29.384136198373604
0.34392654244064924,0.5006671322451075,0.5166957326777707,3.039946218716485
2.6903304106771433,0.3331241238730378,0.6876929010066516,6.02955115057736
4.557595562892445,0.19642623947078058,0.2509979966111923,7.451750398241957
3.995067436677838,0.5961099349403082,0.6000734919105413,9.966054460967944
14.197755155840483,0.7563796605933337,0.6015998915531957,28.988740786827055
28.110578122952433,0.3046477645216162,0.19135563359300597,38.50363937775682
31.667822502699696,0.10790085470338502,0.49692627020674207,39.6241046504668
23.69048831891606,0.0873557978181899,0.5401296701347714,34.203358281519826
6.028159747367786,0.00508957786710873,0.21954273009781905,12.452926860074486
29.966483765497372,0.5951643526173775,0.3614399962917114,50.69199432539688
14.321116381676436,0.7851163087213364,0.34862218180519444,27.329912626624303
0.7171352771374906,0.7942542022028546,0.618807654696829,1.5833485589571077
11.367427097203423,0.6273578034743404,0.0005530047309949105,19.8283746579572
13.357902054810918,0.12974702263683488,0.40082128916535464,21.933468670887088
11.114972301680494,0.7821675647304973,0.1474726508510492,16.64607713606374
32.51243209686591,0.26225075440156076,0.5174735744443472,46.69361003345074
30.445070624244792,0.2668956875940349,0.5442950903767597,46.63858528315454
27.882970810423128,0.5498695623139511,0.4009012069548666,42.05208840928198
5.732402124788158,0.03923934965956111,0.4336236334275282,8.919130148233943
32.35178960631002,0.6606157839260475,0.25204655124413494,50.688629372357134
27.15160327420028,0.7978378211901953,0.25065814344029713,51.66303736598649
7.954539921959396,0.6200558224719339,0.5960936478802884,14.61686456486397
25.99413842520435,0.6253411929658665,0.1053850939410558,48.85441216625692
19.443763311946505,0.3122509364532408,0.6172026517546345,27.916583951351562
17.686132461877754,0.052737111212525535,0.5240105452815403,22.01129126172178
4.662501906201075,0.6341339473875387,0.7075797477243985,9.56466346163987
20.82851017863758,0.47772646952384046,0.20811575375983804,26.72117361214069
4.177285997100073,0.7274709512976676,0.40494324145296323,8.166064418637347
6.737284812719812,0.09277032013346603,0.03119160922338553,16.20042864475528
5.475343308135556,0.24409845047528667,0.7300052600438283,8.690400040854302
38.173509506986306,0.2885249229787092,0.5403131685433267,55.3930515958407
11.537614679666824,0.5466237668357532,0.49830019925715335,20.31601750901026
14.337132079121107,0.6301961304825241,0.5861513607892825,28.90439789563711
13.018808130582235,0.7688163268675363,0.2274630854074916,22.612355759479808
35.95036771809012,0.23632572665932355,0.48308821500178745,51.486881378949136
22.60604327112856,0.39490912685139784,0.6407375283241962,39.18920661422857
36.782563977545806,0.02316874406503873,0.07223555576325139,44.83934112852702
12.137011251950241,0.20239030248711032,0.7670535114322394,18.351313606879508
4.770420042391568,0.2992028064957123,0.7135094420010544,8.156319248469043
22.337494418422146,0.4750449652203586,0.7704150671249713,38.64675346518046
13.952372273242695,0.37667639487933924,0.6466788072252836,23.107769837248156
32.115891972931784,0.2915800478215979,0.23544887395145625,42.853343124844585
35.20105167468401,0.4992623732234733,0.4652443741077235,60.92700143333542
19.008425734101454,0.6628925416936003,0.09612993779071895,31.337622248097006
38.86008915860323,0.1933449063878314,0.6033333853328449,54.25025983476529
22.20991765250735,0.27430070340832985,0.12291173279425101,30.357826858076752
10.982631656775235,0.563938919749616,0.6934591479393857,24.626719379655132
19.661225510702124,0.6223524790068242,0.19244556201024904,34.9512942019199
1.6849496376365185,0.6603174973877178,0.12832952582634202,4.68974099447077
32.19924617847009,0.16746497511762293,0.056723490952778025,37.30711611334056
4.237115024005954,0.4314135689955325,0.5690921024406492,8.676730771257985
12.488189842419596,0.7200088788202276,0.14896302152401866,22.04118094992143
22.699598570796745,0.31356036407319343,0.15813424964937595,33.1157002396106
1.910410000746575,0.34390647217724457,0.13575728309022264,2.5723139894137197
3.35681258742164,0.7878583551205487,0.24463609797479544,5.3033954429090535
27.905431032997907,0.09044211682600434,0.752969147302715,38.50739356578247
3.0567283038185957,0.5644815915693088,0.3892973423394577,5.4360064081374375
19.18789807664558,0.6801473016327135,0.2087023514446134,31.39515133266371
13.680086210145863,0.12063481330721393,0.13631260776356707,19.224378350857744
9.277560436665373,0.5715625888057899,0.015121135764350414,16.609710978178303
7.713400134973884,0.3757905776083538,0.291994117654678,12.526900042479864
30.58376949055666,0.6823127077397146,0.08804917938086572,46.60665992991651
38.07137928738125,0.7259618534687249,0.021609596535330056,58.80638101702002
5.779153739692603,0.6979879225236587,0.08238376474866636,9.967031939217966
38.39531252313025,0.05150811006321021,0.2548172131139251,48.08672561134821
23.871547638309128,0.6054842214519794,0.6006909611506308,45.035329124636206
25.73808413345763,0.7372220599886635,0.053589000934821045,44.318496619371544
28.455069850074754,0.49707875253674483,0.5429391390052658,51.38298795778392
28.22393183611232,0.48070084838279215,0.49643402304099715,48.71505492008468
32.82848210579039,0.0360043099184888,0.7055921643734303,39.7081850695578
19.442052323638357,0.6848264177647508,0.14718960677764725,38.588860111682145
21.427671783085103,0.037122848663329225,0.6354141645431793,29.47450265341979
13.08831469804395,0.25080768510773915,0.6918921736384602,20.779355457971068
4.389252232568059,0.7406904522297725,0.7811873053213896,10.380806938611878
26.652679598863518,0.7597961141836098,0.6468394864153266,51.754596231743534
1.5376767736127865,0.7935204323807381,0.09901456065534689,3.626910501068425
11.170275033118056,0.381121828490309,0.7577032081307447,18.096455226273612
3.9503486049547902,0.14194363710480867,0.6519936422430271,6.0654381041239125
7.790940861444178,0.3903555894632671,0.16986014756374157,11.576636494487738
25.621490333315755,0.08185034006643939,0.13215792043703614,28.251384220593856
25.213369882155742,0.6980288871759759,0.7491313203203052,48.310145787361826
16.957985537229337,0.4484297866132039,0.12455890088470278,23.460735126092636
3.788844664281748,0.32360471933340423,0.6216827083272695,7.4149282948404025
17.44828187508445,0.06362456198464353,0.3242074034105266,20.453081206904656
14.239245899960075,0.3241925414533044,0.579044212394207,25.208314048264725
28.874274283666796,0.6929532867120871,0.07348110413331899,48.36736766773956
23.245259006322257,0.5627247459817702,0.5800466301907754,44.34471905719838
19.764317540012556,0.06596441400877327,0.40952910185526437,32.25146654242975
19.581886875738807,0.12792575978094067,0.7203027082710782,28.86271705716696
38.65861611296467,0.31384679256600373,0.15071873379516518,52.324734540055225
30.300510023797326,0.08110006614873494,0.08748486238000118,36.85009333104135
19.979786506313086,0.7472329535946168,0.15697623878789263,35.604380093796976
19.273059992981306,0.5218336357047008,0.06286029379950397,29.268433138046962
1.2538682319375452,0.07585840104315605,0.7841204326893951,3.520107699903138
37.711868680128305,0.6304459699043686,0.09828530072902329,58.13211003404368
12.903124076339719,0.2947247428575543,0.16068075647575508,17.19796190664226
10.3863754588536,0.19589651564257668,0.6477485978211114,20.177360593723296
39.97647523042932,0.45598795355175287,0.1974035165614293,58.19273382187686
28.80384892588007,0.010697706496433047,0.17783467215243026,32.91711312932745
2.0850781773116616,0.37231812808340403,0.5378478243261474,4.1529271006691735
2.6630419856179426,0.6750439944761357,0.3190121843518632,8.111486599764932
1.214962245615875,0.7424460767884548,0.6683833230402499,3.0970226028136314
24.064832200612187,0.2740437635331518,0.510615476530077,36.41449134749023
3.0482671024656818,0.5139492705320355,0.23057177366758153,4.685754199714719
37.348856602428235,0.18145875069506687,0.47833862049575715,48.22630239251956
37.48888029290258,0.4481704567877673,0.6931692972383141,64.79764441828841
21.932951856573574,0.20322218092255123,0.2915863684419695,27.981282205522525
24.74222946955884,0.45708520690196236,0.5891765772193868,36.41791342744029
11.81739718070494,0.13737769383458476,0.332666384301723,15.524540262463638
2.746107187849278,0.7529860454085947,0.4344587182227998,5.418854721149374
29.550925718634254,0.7095339811258334,0.5869600222385895,53.97849352373159
4.2510823522108945,0.2695345995590719,0.0484218970478751,6.096920196142343
3.605194112532047,0.6213303111399542,0.36395961787335296,7.05269882098543
12.586679746328105,0.07640330458575564,0.07617081279409561,14.08712932328485
0.6961332615477059,0.5922887269643392,0.5800044355776746,2.677631812397424
17.474617507101375,0.22596730369016332,0.4862450121481112,23.88993247903405
28.36570022118705,0.10851341494068985,0.26154372831142275,36.59086751452983
32.09368747059317,0.542552974322891,0.06102521071426841,49.4373804115232
24.251430691197065,0.3758454542555114,0.7406419696239342,40.057413851597346
33.90559328393372,0.4241116813843552,0.25200297643812963,51.58336651806162
16.37878770993099,0.41642382731033667,0.22030142191739222,24.469044494192662
33.98112898540697,0.04755838568481563,0.08080397673406692,42.647190472350445
20.357637757835494,0.04110419927414162,0.46188256727726434,20.07476941470872
9.076837894332153,0.48093400315847756,0.21252276431169081,15.223790618502278
37.77699673708655,0.4990917138843333,0.6742824657694224,63.02845676961702
11.143840778717236,0.03773964521209168,0.5462134269014524,15.464038513618666
1.2428190706741657,0.3027514655102542,0.003131924647525342,1.5659159673904046
9.85842690961007,0.4902810236483419,0.45253968933282285,14.776954663078982
14.794164938045622,0.5253445246024611,0.18546774145578332,24.265423670795034
14.183717394912708,0.6626206074212413,0.012293696022239953,23.863597493697316
21.08176687585415,0.3365858268775047,0.4954937303899567,32.95364556350283
35.34844990502975,0.43860622491757506,0.16393148816434142,51.35249300315727
11.835061438966024,0.46284830048705383,0.7197086479625834,20.140604593020242
20.926670196774918,0.2496362266402552,0.4587045927626694,31.19432808005843
13.737530356801477,0.043060321953289286,0.167348087776029,15.802504178135854
32.90656776305338,0.0033807409640837175,0.7833019517497932,50.022003688125594
6.4725402288814395,0.66890033289482,0.43715325328889243,12.277783974656689
4.319708678740328,0.1601854580179091,0.13237773770110017,6.122501622492459
20.219211078856546,0.5042037313273084,0.41379373613525927,33.8321762902124
26.941125913466575,0.4616379829151357,0.7674792465784794,50.257198912850306
31.861903003412504,0.3197064613924152,0.33936818467377505,52.11246649670114
23.66706914563159,0.666794646960507,0.3402764095157904,40.05668727581506
30.99922050049622,0.5587212765547033,0.3689013777798389,46.578214645638944
15.829860330724765,0.01819317075133835,0.22408284092359107,21.038081531678422
1.508133276605465,0.6213552586853478,0.12942689043492123,1.41859202940106
4.8207524544819504,0.40559905440140986,0.4631421626947411,8.58683459880908
1.7411595289140478,0.27761543126627747,0.7153601573740412,10.27324642565523
13.291957288964406,0.5815077252093424,0.5885837935211357,22.731443252795234
19.920555382493554,0.5488525037170155,0.07694992611004113,30.551092574531108
14.381435849546186,0.24847059029515928,0.32067918084434244,23.013626880819007
22.511859107642408,0.7864310971983052,0.004236703924401653,37.73260055596547
19.328244110012946,0.5189667893694027,0.24635230870966113,30.93320782945743
27.18212351418482,0.4846237699631149,0.5355012740912687,42.26292315052033
26.745094109823565,0.05590429078541766,0.23218742679280818,26.912740696696336
12.858953054925442,0.22345502427578998,0.6724466552761332,21.782965240464705
13.97933532337144,0.3575792018611532,0.3819073708325693,20.245780535627166
23.48888330132387,0.5045005634477411,0.535334530271954,37.463265540870474
23.9380122220555,0.41021090458430226,0.7070921786251868,40.33762517817628
12.725056562757896,0.610426346777113,0.5462482469195382,26.376705572658473
13.346651853861921,0.21005416997432153,0.7178609634283782,17.883321265982342
27.82299152480865,0.5617255962259875,0.6464522847402432,47.197585242449
25.966950750467564,0.6532776375129301,0.45365139631551243,46.229513652889196
5.575022026255033,0.6120399804663627,0.2377864800139795,9.313248901478532
17.753466811080656,0.6166772676704269,0.2385139237210849,25.35354037134634
35.72970193268149,0.7108056458097324,0.7002648718866848,69.15391333428454
1.6449659089581135,0.0673428339843916,0.04310738379080146,3.219455321459467
34.2355250700717,0.5577532570992825,0.7531494784774592,62.802737664994815
6.694490651152916,0.7749425608931688,0.2616478401537421,12.542158475032332
20.388495571976293,0.45892051989963056,0.5910968478507244,33.741111931137105
17.088589871135856,0.1738530495875141,0.2640238021099586,27.268123283180195
0.603147626190061,0.7990030446193703,0.7626411113865286,3.296762398345437
36.632798096167356,0.13974183425718315,0.029179224125380633,41.31658224893518
18.30602404790536,0.26844615789988746,0.2826551013122532,25.120255191346036
38.179877415072475,0.13764975073373426,0.6939688376217954,48.743891814683025
11.612407258972869,0.3716102950000546,0.21924523130957896,19.440028134363228
34.6777757819557,0.33510080768876666,0.22049558127462066,46.36497363434925
36.91110504502609,0.39299271720845824,0.719001452854893,61.123672859088764
22.361930171557066,0.7423867200443437,0.6644658025380685,42.54094112730365
8.266575957135155,0.3826595086673801,0.0846169562371114,10.647124498254186
27.472847797807656,0.4117010609709153,0.4641439278954773,38.20812898522183
22.04932704787251,0.7093456847347746,0.17871615067194047,33.81426051347149
37.79228070093451,0.6542063952118659,0.1721106174118864,61.21972200552041
17.683028060057573,0.1917776249803554,0.49232318952285,23.183036264613296
10.886843176064914,0.010340764183080164,0.0990929313320101,13.4213739748685
5.703822659465462,0.5035996737616409,0.3758232008023808,10.740301779136127
28.00561603372984,0.6758798590700161,0.20465738741030404,42.175632152235565
38.969562835427176,0.4422800900883201,0.683137978061886,72.27993590510701
1.3280820687416592,0.16894153601027614,0.44359538589450564,4.1394427714179045
29.669725120169442,0.5930840725402454,0.17208706500929216,44.600341078659795
37.09182842987473,0.5356314260890159,0.7411725221774443,68.50940512476527
3.176305062248504,0.4520260299268423,0.6583172243254014,8.363040705089897
4.584767795224099,0.6906689392167871,0.21223378429273093,10.135357737137497
27.7398925182984,0.6273938823512263,0.7688407262432895,50.858754684852926
25.988942360652374,0.5343616731382242,0.2141911337136369,36.57277640479342
2.939331129586579,0.5318069352185747,0.23411449763758113,5.6802946302838
33.41002553561603,0.52976210743862,0.30877068344382225,47.60247702713048
21.032269144226714,0.4201317959332512,0.13184417636365398,32.19773228033105
36.30645545879718,0.37113731571507763,0.5496129109702144,58.77715735268858
35.144037063509636,0.5676803675989758,0.445869860662235,58.93052398974448
32.5378092081966,0.4883955851761849,0.7155699852415386,51.919007008913965
20.732776070527965,0.3919844498404345,0.19270018051722657,31.98591127494572
10.218083541627403,0.10132908312883329,0.13618470927935952,13.489847789446948
20.337825055663075,0.5615430309225324,0.2868987141436238,31.78358583349219
4.212292836510847,0.5167988564623723,0.11688694680647096,7.797109419680953
26.422076709242358,0.2737987407788029,0.7569208225332882,41.258824380257344
5.5322933253145035,0.2850585329720614,0.5739573574955268,9.734447067690558
20.544683907528775,0.19737790730820182,0.6369533237193307,31.96399878985204
2.3644025718393475,0.7695322050920151,0.5984348986976705,8.33656645462741
12.120597112930904,0.6881610902949782,0.19425533981814952,19.374166348421934
9.436802334657553,0.44883922352977346,0.11252531041618924,13.18495348972837
24.877255399924483,0.32132251724681143,0.34354686640755916,31.785043224235345
31.514111138495846,0.5894602109571386,0.6632152974195851,56.572366717021985
2.4806575907129402,0.42218254090079776,0.2644122628806148,5.462837303841679
34.04129066918429,0.7806808271320912,0.007650353782651465,56.911367301654
34.45855425919326,0.04409809113772365,0.5280485616971764,43.77355720913726
13.822309156663305,0.027428587242780102,0.1600504566825313,17.864962330017168
26.42836182561882,0.45488881437869866,0.434268129913312,40.52083401183347
16.22399866179729,0.1626233781511254,0.0119040400204951,23.241918564524273
6.336797111147334,0.483443330840154,0.40707988449726185,12.05580490870421
21.24076425881179,0.6251384228377419,0.31488678861376773,32.87399173642448
3.637115045163547,0.11048780894789828,0.7043295895861603,5.214953977958112
35.163191784760315,0.35248657935162236,0.577451039555224,54.85255778855521
36.98673242450242,0.5509336667594842,0.02882252392231646,55.04105506568832
32.90020285305386,0.6670908565383771,0.6316179173110615,58.36282354252339
22.588619206087944,0.3970752720290858,0.6329819635005286,35.06395594112938
22.392423926793104,0.16492286952481727,0.5307276386664919,30.76979899827922
39.387373588717004,0.4686394044685064,0.7434373887229295,71.46753226364694
10.066487255281077,0.36361365497999965,0.642602822132909,14.87084069260754
3.2227449630272575,0.6175403416035887,0.17511893168156345,5.844376089238148
22.565248759326874,0.44446085136235847,0.305236708019458,32.87358054557401
13.28566679284211,0.22353827597634465,0.27993857794909854,17.76606442941691
13.029083157760159,0.6035143357769506,0.4039262531515229,21.776425475474138
0.48199709596393214,0.41419761036956776,0.7629708961581083,2.059028267770823
23.93032850000773,0.142037241822662,0.49247869475824946,32.41044724055239
10.708541350569439,0.45045785851359565,0.25035124753610305,21.446720605316827
7.676770218068703,0.7586560478766984,0.7532141907083509,15.638345812152641
1.8091908694415477,0.564413008750189,0.5602171782637577,4.3350911313157425
14.701590743729328,0.23904268916638316,0.21286441878560272,20.05719295589611
35.182961120981005,0.5686985402342865,0.7252102150417836,63.96773884013594
13.599498142375417,0.22608504880174315,0.27537031824221253,25.568595395537884
27.227153562759828,0.4341510700330095,0.4129690204675874,42.7013144948334
30.31056914339591,0.42127661103004227,0.3833782765518004,44.50877256330695
13.258412205769941,0.19791270312944295,0.7389046986393497,19.00326398757359
32.90130125347924,0.27830495990385445,0.21253068752078752,41.765619658820924
27.73681045474457,0.7537451638288366,0.26664539749305016,56.283208887034256
22.45784070229787,0.2004788291323469,0.528128146669848,33.20593950661609
0.23950006921503086,0.6408216349047887,0.7092925623309498,1.0
1.5966124837277635,0.533896464009712,0.09190727253508282,2.26388005960278
39.63646059542132,0.42610330602061164,0.16790681512436365,53.809192267089934
31.33490015544166,0.11001189557213076,0.7584275859873837,38.51410945579747
37.515097299163294,0.16365660216510225,0.6218376835235445,54.327201620308266
36.1116675557375,0.14318209887232314,0.2768558139903064,55.083974851956924
1.0136307290814832,0.4694354071790019,0.2861078464637026,1.0
31.715522133684736,0.7787065573747824,0.37562709653306836,60.92050639256062
18.15560061164395,0.7017914102199958,0.5390395998021552,33.72748821103877
31.62441651922609,0.0202015063436618,0.44883288372109287,42.05198849373971
0.4672882097027286,0.21898129956987722,0.6208959619987636,1.0
11.670332187782456,0.12580596714961773,0.0433334334241132,13.393098267095391
30.102686276493824,0.7805422735183214,0.6552325940121358,57.85238635769137
31.76222738634327,0.18848818767825204,0.04644108140197254,38.28652115166617
24.864641128342033,0.16105054803103513,0.7047791400174157,34.72666072968592
12.189996339961295,0.4967002348658074,0.03460354827799907,17.119457100239924
12.552431133256942,0.44494926685982916,0.1022659451030421,21.363869953346267
38.6772057529529,0.18068118702498792,0.14414749745363836,49.6780223131037
17.680644733521337,0.5362918916297937,0.17844062571171904,22.94809689714482
17.99559689970471,0.07760576903575132,0.32140965807220284,19.03721720054621
22.18284345957984,0.015495252824713736,0.5243856055018226,27.401883077312544
16.49819300720267,0.06593183256507747,0.7140827055262224,21.655819040987236
22.196328270977084,0.2918945807806181,0.4196022481091801,30.655278388029693
17.4069498261488,0.780013062299854,0.42599179267776655,35.6944795075365
33.10325380016703,0.43779759904749116,0.25544407835974736,49.80751977288159
36.3802305879717,0.6037808824123738,0.6405443394446791,62.32424909129113
37.29798834065139,0.2571966017852475,0.08838898249455794,44.29328948026107
22.658988992009583,0.5754712523866633,0.24088254452654967,36.17388172897524
17.797512587086914,0.772944958497886,0.07758513099131453,29.235955640130094
28.26855433991515,0.28620871222564265,0.1713446550609711,41.499012945228706
33.56527893357708,0.7992475477880201,0.46927832924462715,62.40962770840185
22.60669323424181,0.5107279608253329,0.1007683103847298,30.824418979600548
28.059244668526,0.5988731299717791,0.08049423621081733,38.95185600931854
30.03922815870567,0.20173379107851996,0.6607286491516775,40.43009894515875
27.12047231334801,0.5144726153417933,0.09463930247530988,39.31447176725819
29.896115518026516,0.40880500116991,0.48644267992972257,44.87053441668228
8.504084235728733,0.7651221163819488,0.2816089463153362,16.22049172012107
20.035306971467538,0.7237400382316124,0.717093697420997,40.732315952367685
23.613088473282467,0.3173380791400618,0.5660400294465748,35.89592627784403
0.29862164810951863,0.7574958012305868,0.0475441852104483,3.103743770101161
34.26730785078454,0.7078500422000078,0.7163744884074517,66.11172549570327
24.478975436107497,0.4723070802953114,0.3311191156288287,37.6003307167119
5.33962600158849,0.06569432703163224,0.2385819591872787,6.783352971509292
32.69101148851792,0.1286321925276302,0.5382256172502926,46.761948043393026
28.738867264333674,0.061499395739040175,0.5743791369861825,38.62345053008065
30.38032182985275,0.08639449171924883,0.24260062149668854,33.615092019049975
15.803289982101875,0.7815618995144622,0.2813252367976364,28.34862915131826
34.19725976646068,0.16973383937292186,0.1250644076053524,41.50213315551547
16.678297768868013,0.5526836658725304,0.47475485184733945,27.007956156266555
22.906264287234535,0.5092226061462157,0.7655272426652975,40.86946643378449
0.22556368725497428,0.504915891882403,0.3332995698747147,1.0409902826878847
25.865949964178913,0.16536319967682386,0.7969649452755476,37.60067463474937
28.783396526691877,0.4634772755076877,0.1411316835966714,39.35375531014713
22.770952746453933,0.5004306796679613,0.6368795672334279,40.29635280766574
19.963040918335917,0.4563242533160889,0.7424866028914054,39.24041833394743
32.43547165372599,0.14892997382054293,0.5504434821306007,46.129358490964556
27.318634143176624,0.5784484776597671,0.0874610314486926,41.7913974400102
11.267346780856913,0.05859452953320883,0.26123308307076415,16.052431283052975
38.37111885558344,0.47296000945569755,0.06853265054183329,55.5148002576612
28.34923432897456,0.3490074659210507,0.48139849673264057,46.05873256990802
39.5199693707145,0.20022927450645894,0.7985190473271451,59.65471675277035
38.85620038750096,0.645911191220911,0.29980369058820727,68.05068771064992
36.772606967841575,0.1407140533377471,0.13035603402100904,51.23391912637187
30.263787340767237,0.7463854079183608,0.21491215573362013,53.720718185004635
24.4552888661793,0.7076520226569496,0.45664157536815114,46.43015451872543
7.052392414580384,0.2884700377296664,0.4551694294674157,10.479263191430253
21.825386413465555,0.24412234468687466,0.18385666634904485,28.288281341062653
30.661985591294222,0.10998934673512172,0.60056379243026,41.22179346197025
20.930114916481596,0.7330622527471647,0.07040983319468834,33.005951852522145
34.75591731054518,0.5020254870586176,0.4984322262112178,64.76432104766208
4.564304787829591,0.025426865714722524,0.3405591591603055,5.433296562200324
15.361425852335636,0.4087995316492884,0.10174001587459741,18.732685951662095
20.337383860027558,0.06863915826350953,0.5075078016765233,24.31386018582205
17.4065467755905,0.4590005479622734,0.5384395345559437,29.980418068301024
4.521744603297813,0.40716937465665004,0.3520162365049531,7.867944055594942
6.310426102976295,0.06627683640217762,0.638394255572332,10.104475018720693
33.53716825564839,0.6526884744934183,0.40745326752838845,59.24147504034726
19.47849351621775,0.20985374173302215,0.2286035616788339,24.535634858034374
2.13915258475856,0.4331874913333592,0.7628810223505257,3.4924273893138844
0.8563521073104665,0.5112311013044275,0.7552352301998967,2.583899743362857
19.044320999374197,0.7698436268601333,0.07649711577467598,29.977259522581118
6.742273291792858,0.3950493543038768,0.7568650260387068,17.327162578307554
28.264012650769025,0.7338526178303388,0.6203859045906532,53.26090911105452
31.8538738086045,0.2838858730781591,0.08531533004578772,37.193796886313365
9.286208996592801,0.685949761319996,0.41546021748177164,15.832528764783824
23.76864240629487,0.18866098156113342,0.027961048062079198,29.14097436328077
6.346896810718363,0.5659838099483342,0.47108565644870143,14.582703417828165
12.282589533456601,0.0708895950039972,0.7465501134945496,19.230417224542688
35.57406066842105,0.7888402853469274,0.29456778998836647,61.267431313590514
21.85510404099597,0.7631491198898944,0.40690013924092644,39.8288973801494
35.458370066739164,0.3537709108139022,0.18204826072214086,46.41852249727277
9.164862606344375,0.41914817439220287,0.43275699194311407,14.582898421177404
13.334968861296906,0.4782198898544177,0.6420597349946913,19.96766342610412
18.943895110581316,0.22003004775173604,0.17220661914978388,24.351183484025356
19.307186992742803,0.5395771481641302,0.4427894095716138,31.019086084054056
39.90638909391128,0.5588495572836129,0.2837146216943315,67.81259207570517
4.7549236950509775,0.42006119386022056,0.5982976624590063,6.061938398982443
34.10820841694331,0.11819255398817417,0.5616309295657624,44.65465487079707
34.57454516899043,0.73534875511328,0.5590317248912681,67.4836740608851
22.217305535203934,0.09203606587649223,0.30224250697951593,27.560494453728218
13.892679296714318,0.5033377349684092,0.47942344237638246,23.09676743571906
20.865198950674188,0.0824708772878041,0.5208681469491779,25.94130647948095
11.840214651301238,0.1168805673063381,0.5446511778957833,17.00102885480308
32.00447644790959,0.016430651223063197,0.46020508323005793,37.9035495394386
20.031510516671137,0.29069126708540766,0.69344379745858,28.688394314378517
37.04851871932253,0.5116660515376303,0.19903886341600208,53.419975716678586
24.98311550537054,0.41723537578629766,0.04464543148910121,32.38499596522241
20.669909457964394,0.5396313209987886,0.7700027630990399,36.07481812818648
28.500560288310556,0.5400150886967623,0.04858698129909485,42.93056645656252
20.25653198432332,0.11213899519539093,0.7223645246335638,24.535034638276876
36.199352746694,0.04586992273737245,0.48982794956337883,50.97322232106953
7.540949243296283,0.5002865123477359,0.7349923082516796,13.566702264052227
38.93927761308704,0.5225794439801942,0.4519631444501112,62.437624242312666
32.52518396367744,0.4453629881133636,0.6568069803942458,52.74755075518468
34.45718780222181,0.1966099730592566,0.5770322105876269,49.28002221811186
19.419731728368628,0.6486121735858031,0.42008970692853653,33.16344203864891
33.520621663636376,0.06054881239700567,0.2906588719628954,42.405290979901274
12.409608526372763,0.5058494314570875,0.002287216550673854,20.320235567035247
30.52553750685417,0.09632922870349772,0.20072421965550158,42.54048735324962
5.789916303883101,0.5235581731465837,0.7614134467791547,8.804875811310094
12.420666255307845,0.3341806302587972,0.22036947829199305,22.937631478176538
17.940160001717363,0.5744824443501372,0.6014819541297602,33.1111263234099
13.02832478210819,0.041753761981547746,0.40679809162506875,21.080420215305956
15.603281201842506,0.4440663907842944,0.24681150772383945,22.319371427850825
32.84016884239118,0.1159023191040637,0.7928747591699045,42.8942305902805
10.415700507258268,0.545905305288379,0.037579502019835336,18.411651842589
29.862190651751973,0.09596450504934594,0.465661685179219,38.13799798297589
3.1337403506437433,0.05886665836154066,0.3692145728077691,11.839221058184581
30.676416479099416,0.5704982385468901,0.06122112776164928,43.70526611404042
31.72252506462496,0.05082554765462586,0.17127696465228404,39.62876583879348
16.187611264998782,0.17962465434521288,0.5553935789423131,22.237088169363805
28.95461736206532,0.6597881577005378,0.0866629038347468,44.94430768140957
36.62250846905495,0.6477506462465811,0.6408200884397699,70.21115656027138
32.06837634747017,0.6833006062246209,0.5000487951616908,59.965160387946156
15.739771113799002,0.26087991167097097,0.08068607590688553,24.04097194237114
19.471697868346563,0.42243842300016743,0.22945170301059792,29.22243466502009
31.218430282475055,0.6186778820849216,0.10974228987749157,49.37288969814495
11.845264675995116,0.10958841200886438,0.6380810364462137,17.82811750512487
32.19453306429317,0.5795127033725745,0.4263677001005336,50.790357226968084
13.257231473925456,0.0779890795157237,0.002263949373269192,15.382686404460777
32.27842517894442,0.7306004869014942,0.4343229177825221,58.124459129450315
3.654657645358789,0.5098481460093007,0.38624294741196086,6.9116626262735945
1.967012417041487,0.3946442501518047,0.5144611223940041,3.9192505968914744
39.90748280531893,0.3877834037337314,0.027875244389596876,46.637687011880125
34.804393504740624,0.14508963827592833,0.028340633546437833,44.81174818469621
35.33733063795491,0.276733897963723,0.2794944840762854,44.84191782050441
38.060941914743374,0.5816989322537193,0.5508304769291897,73.38828709251251
17.644989114696614,0.43275489668351086,0.5332464740709566,39.9529483794283
11.616055076270056,0.4234449632802103,0.22261086336820377,17.83639915631771
5.374994801712539,0.15619671563646353,0.17285403565031673,8.00520972472204
20.148123514830885,0.5522898495629472,0.5465004779048502,34.634039688306956
8.95792315496899,0.31362712084908023,0.021690188907042086,10.154300163706534
37.434924098224926,0.14620267075082732,0.4454266653555638,43.540676650029624
0.359325865222608,0.7550278012770635,0.33927891363530166,2.365628823031714
5.899230162176239,0.40543899749248413,0.1912694543481681,8.641130203698692
10.009738952720385,0.42242931800989236,0.41623847146597187,15.346877552274524
8.118477121409162,0.7850975281718449,0.17373412529824242,16.751813534781114
9.185981775872468,0.29312490973639477,0.4514572844393938,13.07395817172071
26.3106946814349,0.7544165476499597,0.11917906898107473,49.90510619706629
13.234980716863337,0.555940288908384,0.32455432967308506,19.486905878630974
24.677970399754255,0.50647650619584,0.40834106824384425,41.000435109417054
35.63226575912239,0.18753464155398447,0.02536082243506197,44.10225145186759
24.18175926792294,0.04140453791023209,0.48857379237569143,33.467399109769765
27.84240509319798,0.35022707062811104,0.6002522347980027,38.461776457574416
14.74703126921002,0.008136769596580074,0.7648588502488315,20.29826501506782
6.557591011383824,0.05680200861630676,0.16250108197152777,8.045006617143724
12.959245685506263,0.4762614045554984,0.16695629379966298,17.82278000820628
38.5784494184235,0.579577466458422,0.2438646593830699,56.36292994007482
24.948093101234853,0.13435866553942155,0.7126112299655244,42.475320977028844
11.244942553473804,0.5860003301390191,0.32548573095429784,19.456942232604483
18.14642763305173,0.7597806612758015,0.2414350504607639,35.78567245151395
33.45341888975358,0.5945408645809573,0.5929446255035008,65.94797138599473
26.804054114089784,0.6277721756600263,0.03039214206211396,42.69234907528868
22.51398306102089,0.5605700642146975,0.43905160904664514,39.080780622187596
35.42948249002688,0.17978995236380096,0.3601519928610086,42.6680844719811
26.96309497422825,0.28871195372466885,0.49988656859412467,38.08891684517835
25.780643285485596,0.7594135702158539,0.58487973879233,52.246107158381975
7.752771860988571,0.528968463176095,0.25999070843621713,13.14361404888369
4.43426958389383,0.6312197871472578,0.509133748818594,10.026592790017855
38.612656258884485,0.7749556950757419,0.41946296236879577,75.12008664057166
24.034563129994034,0.1851495364101326,0.10717424831222129,31.898614569686774
16.744199684027876,0.2573493338612428,0.7053809664077285,30.507151763983103
23.643028672226656,0.5158413222675997,0.6036721342646841,40.57370414642781
2.6601160506542723,0.01948597902720586,0.737323307383223,4.0195337324279965
32.92066550138345,0.4569752618669646,0.5763236731711996,53.245051266676946
8.82249231546057,0.6469507036115991,0.19584524837686113,17.31129947766058
32.22093105145429,0.4883546990593002,0.3444209801087915,48.85399947450399
21.468262041891702,0.2363146271168887,0.3094947403558952,26.083831727051763
11.207566143544728,0.5792832666688493,0.02865754610572493,14.679428223170815
1.4023559400344043,0.11682529974395646,0.3284385223831094,2.2345309632429884
32.67016754199891,0.7158187754228135,0.27645556319822645,53.88748453999709
7.223113630478405,0.08073202483236433,0.0031390289607038826,11.99941716120666
2.2618436024669633,0.6907929070099479,0.6776986072730337,6.257435540926493
30.283933686870053,0.398247542188986,0.11509954000628256,45.99105839857428
14.131720250444555,0.34291760279024147,0.40076173390821124,20.26079704108814
15.695493422547667,0.40052940846034507,0.6277422585072362,23.230048040712965
10.033289973772614,0.16016504247433697,0.4835850952798473,13.684254602841799
34.3953034521365,0.3661484636470509,0.13548098030612074,43.57449599882828
12.033715139039975,0.6797758527189268,0.4945689005320893,19.714649104174672
8.565664276090748,0.6407641937750392,0.6060775155589889,17.644507219989112
12.50813910817901,0.13043882759306344,0.6838116129153438,20.710109869822276
8.285353091662397,0.5387367825032494,0.25492300779002497,12.836155932176691
12.842677788047256,0.6854698119723404,0.027137120428815466,21.57687722310924
3.5008616701532866,0.6558140708950475,0.48635856515432563,5.418540747574023
6.509495158954442,0.34050595463774513,0.1806148081151253,11.671491850314165
16.798704759166682,0.038474272276892665,0.6247160591556732,24.59716861453138
35.202780852477076,0.7449355383789994,0.5439053674928995,68.78534274023326
2.4801717195469766,0.31670809267844957,0.6185494837407423,12.410749183488008
8.664453329049218,0.28878130980507505,0.7740249602571213,14.574797775899272
36.35215788655553,0.6076119555830504,0.46763791611883304,65.38237208085417
35.622584031564884,0.21117777239361804,0.7234508403280879,55.568399768785014
27.242143165178458,0.6677983385338336,0.5135147059792355,52.69469943037388
9.77084745299047,0.06084124865545251,0.14539547695894725,13.238719115472446
16.90846033002027,0.5925689605729687,0.6394465436071671,28.602508272820174
8.606595578631008,0.7726315923532253,0.5549588993709722,16.991794625398704
5.317822663183089,0.7966150374993388,0.7823518221399328,11.931856530481477
15.32393610165288,0.7390434880513331,0.19474559115259524,27.102815663161756
23.117699881799936,0.6966099243250476,0.266500413027146,40.61104500067791
14.525320483499247,0.22310417956618417,0.6571928212818976,20.755955095818464
24.51081710854559,0.7733186901038113,0.05031167842686433,41.89398844217508
11.990938468096356,0.7423172750514824,0.5065598116919526,22.567563079200553
13.964851004879451,0.4274980056201493,0.4283808421863001,24.488385518174063
31.66880894745546,0.3216621235149437,0.1350574978140455,41.27262325290759
35.15692628957555,0.08741380284655059,0.13209736740819453,41.05708226932753
13.01695644493587,0.47250726226009987,0.6481580970031836,22.33175310881827
22.946328893541992,0.5604367588177581,0.01235612435013982,33.66398190730988
11.270858898912266,0.3231972665452232,0.5974731522479536,17.080143244647616
2.3227187399556155,0.3248236485044255,0.5861337816035895,3.1968817880508813
29.566715818144235,0.4586491125714431,0.5197439810949236,48.55655251725913
7.005938632798783,0.02222727672572944,0.3276141304650129,9.654931487318677
17.1433584451273,0.7662927171093993,0.02265654681936562,31.600163526933308
19.58441063649044,0.23192456567736752,0.6414213346344138,27.567163081944383
7.541969050328415,0.1127126894151041,0.10056576304515304,7.657313546671798
3.9633029564031714,0.004390716907672321,0.22462998732776454,4.27542359941333
14.050917983908608,0.6855132331085707,0.7574263414329626,26.552955962522645
38.10097912050267,0.6905659006397353,0.24148882121293697,65.85262945551273
24.682396481539172,0.0762452836141681,0.20411132031593732,27.57792064764562
15.380127090435519,0.12179304231104081,0.7786964443027236,22.78280324727533
1.748650666813754,0.35832178500621437,0.06874576167653511,3.274666559611025
24.090876599365053,0.14856333845305247,0.12855231033387798,27.72700999022147
3.871854109227829,0.5886569094694055,0.35065401190542816,7.387658697578395
21.793254027691546,0.04643179656457788,0.6301385022732406,29.60152202724033
30.127630229215367,0.43976746590869287,0.7074871511546212,49.886958241210685
17.058696862132493,0.3062332520911233,0.6045085781462127,27.396982659231643
12.116577493697669,0.37195718695380126,0.7809400252822831,18.394314632025768
2.085892505940424,0.33980569415648143,0.013476914085566883,4.455675640029834
1.1861594314315524,0.12252734602772293,0.4956052439931517,1.9575126298164602
17.31505747189174,0.17622518824684985,0.09307696150794707,22.225368669443885
35.35714177397812,0.05184615912834128,0.7282901924838961,47.820101563246205
9.913698595968976,0.092228460239257,0.7482457658875139,14.101031802643295
23.047409130116485,0.7823158579351319,0.2424225741630381,41.247203182977884
27.435371623254515,0.22382944934180157,0.6621668281463987,40.78380230155284
2.621028726554185,0.24562043147165138,0.5042204603098386,3.84468194003973
6.293394956974408,0.10168506434569685,0.08039102758804653,9.18860437626829
13.384816378098767,0.6041313635974013,0.4822145274627554,23.605338862382816
26.869708331113102,0.7393142481498256,0.7808456314861348,56.57757622328785
17.673597466678252,0.6318004296533208,0.2464752392045785,28.783156135505
29.42096371508616,0.4900926635473375,0.0009126209168019095,42.1350663732232
34.73039504981306,0.650586332488461,0.7814333417625433,66.04838898109475
30.383216608622003,0.32338418634628674,0.33118673396040255,44.00800122616624
39.69143885106732,0.68759788406455,0.3447462142747063,64.40909200327417
30.223570535519652,0.6388150797105456,0.5700896936749908,57.752237019547
34.11673196129653,0.0013797154050552152,0.48350830971553943,45.475303772908546
33.328181066907035,0.3902353079340136,0.2415892898495912,50.78357679229822
29.264577338745852,0.21169326086338094,0.07998230292477385,37.73761815749672
32.111712302904444,0.06898633309415639,0.6618900159577566,42.52536170129309
37.40039246912293,0.67695683419822,0.3867017410771221,59.208395760673184
19.11325366534644,0.006359747440897845,0.537979434917377,26.259239977635346
25.60382355171923,0.5841308016442882,0.6884037600953165,49.51467692707784
20.69460091859635,0.7905536967977489,0.014177903428177886,34.12779204281843
34.071272090244506,0.38561581336498857,0.6875082215541531,54.42825935245633
17.368112194285988,0.29699242395314773,0.6014362078054144,27.19166321120794
32.82512549156037,0.4846663635797708,0.7574573999891712,56.021698092597084
32.01431208727412,0.6437582621181378,0.186872644215027,50.22144201239928
38.4830668344699,0.19220159502022308,0.257937869758334,61.266174639330785
10.107043830445265,0.20056114332282898,0.5291829940900157,15.543319073915233
28.442856493459306,0.4857424112694775,0.7406343909289866,47.82876866281476
30.32539600636995,0.7519038566834443,0.7941354891595126,67.05620098970797
37.463884013625695,0.23875198060701078,0.3333901204685448,45.395706265924
36.294716238610135,0.30140373058321046,0.4313837405765951,54.5895809591837
23.02632929599624,0.7946666411682317,0.13644080609098524,41.809091970618866
23.250296797386394,0.14097773216521264,0.5551802937908786,28.36080936687186
6.858190890488329,0.06157453470024326,0.6698963383143316,11.423078498751876
39.00351555646609,0.4718041911044849,0.6389194499555361,64.29941456868855
10.349695015596387,0.019413590737306398,0.27667443580488266,10.235435593672472
29.044501494361423,0.14434658501985817,0.7706112125711517,39.16456282044509
31.872641191251436,0.4977673445523745,0.0962772696304251,52.37153378257742
17.760377083532962,0.5276099205530664,0.3951760120769279,30.126375694317208
8.605510057156508,0.40834019971809576,0.44367770415448426,15.907330153181487
7.720623291943532,0.30699843698350665,0.4292110856429237,12.649954437173797
34.28854083588335,0.4609580675374787,0.6063126237431553,56.02933509754349
20.528108172590887,0.514708602426591,0.48768578598180135,30.712742636313585
3.787451885123015,0.6427856370333206,0.06170354663533972,9.273421375072292
28.737375015962968,0.634200662567878,0.143881322749397,43.818749109090916
10.156807901640176,0.5318406124119582,0.4257912165240829,13.686480678601052
35.08051107988499,0.7153860665827726,0.5556380808507351,66.03426866212553
12.520957083993014,0.6704202028763351,0.41133962576846256,23.12251516393884
8.170779037587696,0.10659680657435217,0.2844062267523718,9.59643132940546
3.577366053486386,0.7653435530587868,0.04090764939669161,7.706299651988174
20.558939238178368,0.7133938418543364,0.628704719468089,41.26866326166128
18.139355995167833,0.25674174360636787,0.3977553919184709,23.699052693812785
30.102223355205084,0.016147534885631566,0.4310313044376741,40.8151345553984
18.691182970282846,0.48318075740663,0.37516651221433295,31.644513147801412
13.883875563189966,0.3507340614931105,0.21227633259659734,19.019755373308158
10.613865642191172,0.5996533300689055,0.2210987717952385,17.808201703844652
11.270240469704849,0.41967981160689805,0.05080062979999252,15.818473541239534
37.128346492747,0.06119234820075743,0.5660792129615463,52.84473235588949
6.770128363094931,0.1957499362038207,0.21749829850681757,11.157291425434057
39.52942169737457,0.7060190049012237,0.23884907853942217,68.59248750652951
13.211394316650544,0.03015175657204008,0.7948000968022721,18.383844595550965
3.717931369616399,0.5893357355186296,0.3086500446593591,13.870709748225384
10.097877155357025,0.23355480636114587,0.4085577662032071,13.671885041770018
2.5248923062738244,0.3621118424339977,0.30917848060894526,5.3452643756378855
31.64318481272385,0.42480434552928686,0.23215289059550034,48.49107857534528
20.599605919135996,0.20006508584576085,0.004680590597412326,21.342310420133426
13.612067430898675,0.5215683543981302,0.683909078220204,23.17057383888803
26.549574264336183,0.554753774478301,0.3785229403520493,45.98880828561582
25.299731732822742,0.06804758373662008,0.5759122429675336,36.20924778997519
37.606909151258094,0.2991416606811365,0.7669253533036564,58.57226764884712
38.45816856658551,0.5955018409650332,0.00226507196298984,52.982534964956365
27.291214271483128,0.5773100478729055,0.5400316854754057,46.453878101260955
32.74907390431791,0.43568267512419134,0.09491256322715094,41.78430051571213
31.738518993340104,0.6221398238944114,0.3663720461460173,54.150051960001235
19.75388060145601,0.08611591443187461,0.6774256647131592,31.427243372724366
28.237439863729993,0.09456901427562406,0.05719667918757461,38.32064001353228
3.3147085058060934,0.5259914402370759,0.7916907879029075,6.209027955785296
30.369239109382214,0.5546670943161031,0.4646686624946905,49.77374104777751
38.480953686256235,0.6516214842568563,0.3159947671337242,64.46678211646952
3.5819951744043896,0.14482950221860566,0.015608212268323474,5.176851049327384
33.47740822675581,0.41341732754488414,0.4694584625291081,54.351136750398595
37.332605060640994,0.528665037708466,0.3959123712060043,59.32591213010397
9.20231781412207,0.17895965906321207,0.1722536017379911,13.599282346558093
21.087485266846308,0.4135422924751926,0.3923580268700006,34.324347823011486
37.12875737342694,0.5107560195124768,0.01023141121838913,51.05332667209427
38.416994980014124,0.17155960918214427,0.7995820912230351,57.76943477710255
5.2897188972221905,0.30045072820011315,0.2656915529325028,8.471684597848515
14.090368177106933,0.1730710481085664,0.3841777184489519,17.765739341801318
27.98615671780409,0.722354323542879,0.6278225344403254,58.14293605589436
9.018028275560026,0.18943910554399343,0.570222674874734,14.64212831662509
13.125871019652335,0.09666770078863758,0.7108472325616808,18.329820140450714
1.1269841881867924,0.02812424922171495,0.753060589493241,2.886993134354592
6.310162901061716,0.03596277792908014,0.15134226477309315,8.154181897649924
22.580713877826202,0.15326898797345356,0.3123198769806197,31.533155815988913
26.19298463890647,0.4865668090455619,0.5494535935699131,42.65411161564461
26.026690877614307,0.014119899608898125,0.03601942034433172,29.88349787283838
31.17874673697302,0.22939513980571774,0.5735559249434383,44.4151566070704
16.7282002668039,0.04653351305863947,0.003906752000998193,20.357973606815058
11.084930506397988,0.3229270162393341,0.7312707810140271,18.410474132185236
0.8201118616924945,0.03886139026388609,0.5745355597932823,3.170239348690332
8.423867076884997,0.4860334212966624,0.45239933797198617,14.38441763650357
12.633034925641082,0.5507394124152122,0.34312077784098016,20.258366138073384
7.292632887922528,0.5850700397150108,0.7904198148371292,13.977081259830781
1.0017499655647697,0.17947471891700406,0.5892093866875777,4.044230003527231
6.466414824874625,0.6948001295693946,0.6458343660111137,13.655359386462898
26.710762231989378,0.5522305338647412,0.6603079921878381,51.837667225876956
25.25749957560931,0.045320175439856315,0.017499946630241327,31.75729793778472
37.44020884804209,0.3526133669611417,0.04374750804980785,53.56788670141465
31.967097997612907,0.614205194697985,0.15869198857609332,53.550428440120925
22.796693450279406,0.2487151413761838,0.5241740768696521,33.93778483794218
5.674742630229811,0.30524701912581187,0.49915935695953106,11.16380541941053
22.650058393221244,0.5036830618372343,0.2601308438428615,35.088722092557646
2.6514834243843945,0.04438470409271825,0.778399010539568,3.2253665154289193
17.34921891695194,0.773548032406334,0.07448531370249985,28.075560834138095
15.732293432098377,0.1395848084877823,0.6213760982172611,22.342204425738522
17.226989612645077,0.02133759971700826,0.3847016957481948,20.79816754600102
11.33707155211253,0.004258385632336203,0.3350673599780225,16.683901569801307
27.49605181542818,0.3196434999995166,0.020451994555918774,32.17318472787698
33.66958979849142,0.7074026923803022,0.5822397132961767,64.11664662231742
30.786976305439303,0.6558096633743432,0.6172604086135796,53.09017408160813
25.184533412477034,0.729636638599756,0.2551659974309432,45.14934812076749
21.626123013453928,0.4270258554631192,0.41357029647667654,34.73916197807724
1.4371503643196086,0.3589969871001315,0.4851536985878899,3.5993690350842553
28.97277314793846,0.3086887808854356,0.2941161942908959,41.305207012319215
21.890320995224194,0.03713446063304469,0.49246560492748936,28.53723686279362
10.975493816422697,0.7276170050441229,0.34730164753339815,20.213190531593952
13.248113146366975,0.396940873827782,0.7024558843963215,23.80409674441435
37.43715010149571,0.3640539448412081,0.5748105813524915,57.62250578148052
25.049617355665635,0.4121339896112939,0.0883999865148545,38.38950614677168
19.141314899369625,0.6353236144913604,0.6396825469269969,34.71812610772941
24.912685240394623,0.17957686878605117,0.2700045051160071,32.98890537871447
16.666944534429145,0.5679205431959387,0.7484547376256069,31.776642396070272
18.91325447348004,0.5686157926832264,0.48269702382244273,31.359451163864883
11.75430841696528,0.6796422258065463,0.022062368512637143,16.87060683180503
17.706161363547448,0.00694687877109601,0.5874901640808478,24.343589140234243
27.486570851028834,0.13631643458810566,0.10458749517683713,33.652382811969595
1.7896886184414744,0.37683748163580444,0.7018139863658229,3.253069538467187
31.84209081038696,0.6804323099691828,0.7586642460459219,64.9046043538347
11.462585726280249,0.7720934893023873,0.5562046824234735,20.10866631765145
27.365879778613486,0.47589489174352106,0.42629822137275514,39.69586693313157
25.780467524266385,0.16970718033841614,0.48165040626638406,33.76114998730459
26.17459635582395,0.14766775665971651,0.3430841369567459,32.57019447838761
24.403530866980955,0.511555163189014,0.0668662256116721,36.50650581505901
38.372253155167485,0.16805531764752368,0.7430747990674532,57.4338633773333
20.43209767527655,0.44246993913670896,0.2633492278035538,29.082985182499986
29.346300797510985,0.6678495433151217,0.2502782189603224,52.79461241661248
28.276883383136187,0.31185571876967205,0.1530598206662589,40.81416710169455
9.603449575677548,0.3027777517935434,0.7939265990675698,17.853926122498773
11.475572399635658,0.028912269512859013,0.7540515498242333,12.974429714249629
17.07588050664732,0.20326766273964392,0.2795458958830063,24.78661824181137
11.252377632435726,0.5585531676954195,0.20800430475592746,19.331358508224618
14.796375337412394,0.28831299610575717,0.6442956237458881,23.65272953313143
15.760232434346575,0.12663913383193756,0.33808804015691163,21.050989539801883
24.233809525346086,0.08461418700826169,0.7742304400705142,35.16916126504465
8.951623700855452,0.07604270252056713,0.7209733836874682,10.545870376676937
32.210816261892155,0.5273067464943162,0.607561073808154,52.531577407875126
17.61394699950588,0.49009718303483896,0.07193943209149349,23.560479924332995
28.30851564499322,0.41481680448166797,0.5617021892444003,41.36180743071405
3.4414107533845515,0.40026115852731153,0.7898035094887006,7.633992925004587
18.9046226861498,0.12250948215029728,0.2986340263870134,22.59930502583381
1.3231373806576667,0.4004833798080698,0.7052552024394514,2.3440090401948335
27.101217674259477,0.047950221280303934,0.32651347147695464,29.426734865388966
13.879661064483367,0.7406867668821504,0.7770592005675054,28.501450548137818
37.98026200141198,0.046422043202085476,0.5228730972700454,46.2406510603345
13.10014374113649,0.3388241559151348,0.07720038633103421,18.471051118773747
22.639474741105527,0.0004568451225377857,0.38323659103569857,29.932321115923127
10.444025512645663,0.6289203510265957,0.03978300271817421,16.204785048662213
24.88048263210414,0.13293615082850405,0.3160605789488865,40.60525609072744
18.788285535302734,0.7399328142573425,0.732304971312865,47.44786761883207
14.951004807924187,0.035182198288451615,0.18576175558509,18.21038803453529
8.306836093391158,0.6566298676515415,0.760454222465379,16.5401563065959
4.63854949006392,0.5253102502524706,0.07993843570811238,8.728066156155561
4.971189531475596,0.19978857510871242,0.5318492376593371,8.377036271076577
39.96179269672101,0.16193568738447592,0.772548444920401,57.48514131631429
16.609966928917938,0.2861423467016179,0.5233228589866007,25.412983172862397
0.27680237335891045,0.662722306540284,0.7192031630042265,1.0
38.12656586691537,0.6895652386683645,0.7928243797166382,80.26410789638709
0.9952009843465435,0.14022830361946062,0.5134747488339713,2.1801456297530004
16.859727797070438,0.28275843174746457,0.6258110778324857,24.781145163752566
28.7556079216321,0.18999310712180312,0.025588155023789663,35.492183265555106
36.601049925996115,0.09811427811031832,0.34184830281523526,50.502388233619264
28.57287439899762,0.5171595100231424,0.2306122828039297,41.677100930744736
18.652305045020466,0.27669681858842826,0.6593482671977253,27.26908710637406
38.982793151567314,0.1803072358210673,0.5420624100650446,50.473666613492156
1.764911444724163,0.6927982188015811,0.49153137790415125,4.385652375952362
39.478309661012716,0.5986543447228532,0.7452469502551341,70.47503802995959
34.00578375799587,0.619008918957074,0.07109424406515386,55.61675321223014
37.171414681629095,0.03135671294662412,0.7630730177716581,56.368308362612815
10.339942479081957,0.7321043593848531,0.08061176573537683,18.33265683078711
5.869831276913937,0.4597907023793882,0.27761403750601404,10.291457479497108
26.59994811903346,0.40304224374761505,0.5042189318377459,37.949123209180094
20.731205631847573,0.008468276822224929,0.27318096309398093,28.575555439320368
21.0220848376263,0.7181297683472838,0.5460290226354925,36.45492906468427
36.99984330363206,0.4351123763888005,0.6203348953564531,58.52459361941193
24.879220084799833,0.6601227698724283,0.6628046639530715,51.60249203996915
12.580340637162676,0.524408768590635,0.1434749607231999,22.050287595438675
16.122648945431465,0.6373548908087043,0.14566135695107726,25.437985890491213
5.51313423665568,0.5543453988462419,0.041851222343127686,9.462118710831747
7.854098802972435,0.7367711218686614,0.39268147112546103,11.36264933699885
5.905332794339632,0.18038734907163978,0.11002689507678723,8.61990248252066
32.44959538021191,0.16168008378632576,0.25487759310968905,42.7636583147546
28.253964025290326,0.5700332495560976,0.6723474554266378,55.49182749143862
21.3077317009119,0.4011158404667752,0.7589271541741469,35.44156889375053
15.099839778377314,0.4793289362678961,0.6576607578776092,29.579521932455556
26.806072754909145,0.5668339753529816,0.0005187065299644189,38.380986255704656
32.553632838291286,0.43794255760000206,0.45441939307101764,51.04672768751294
35.273081983734016,0.630154758132957,0.1333281036535503,45.463524905248825
21.971245882612074,0.255093884748682,0.3005975289654062,26.214146324802087
32.83142784842409,0.6871923548797537,0.34233515531614034,57.58020012838268
20.54997694582526,0.0861410823404806,0.7543526062496302,27.50750216432088
19.086297549678054,0.5072031815689495,0.5069909855124993,31.53439685639695
34.64418785375959,0.7121060060214381,0.21412404158414067,56.009458181366234
15.577682663333626,0.20215530232136372,0.5142358725067516,22.489631520235154
15.957324625819949,0.26146773993913036,0.7614923820431382,23.725378552838475
12.335471542339661,0.24435342279419114,0.04732729927366935,18.34225551318695
20.844328786125743,0.451410969420027,0.6527901342740994,34.75656034847529
21.885031340840534,0.33029745245211883,0.17351804457131134,30.061510652381607
26.486353583356184,0.0863674279959219,0.12248636165116561,30.422376584646972
17.333991942360903,0.713029777405168,0.7190935349387602,37.34409927170977
8.869924216967252,0.1637413033269393,0.0014795655983178336,11.929761613377867
34.70031408407226,0.4272640087908237,0.5928685922983139,51.984298098635115
13.970834516072971,0.4758439167498092,0.06978272791151045,22.27026041646694
36.93314810963895,0.032601474918033356,0.4943962360324931,42.687858947176295
8.452662654452938,0.07656986212346979,0.49671752111245465,12.81167043055953
22.49028755420197,0.7773517683436414,0.6902208395931693,44.50706482530851
21.557280722472196,0.5316098721195059,0.6580851977836389,40.3291204864205
33.18018434749441,0.026852141637141537,0.5481314744688304,41.3413015632902
5.726285192683024,0.635359376522399,0.30443807233674564,11.747240594103367
36.41549948211496,0.4068342474219884,0.13312459763805615,46.65354613965576
21.35084125244839,0.06015965766278049,0.5085463408794277,30.468783454362725
23.52715347979178,0.544601678438233,0.3975758389663301,38.591711455237935
20.504618473251128,0.3994814446947748,0.06235380982510996,27.551663514385123
1.6337912920834052,0.16393584088873858,0.7644495123750822,4.301757796706222
19.9842083399026,0.7021618176710557,0.25153561592944984,34.58563903569553
10.689276574544222,0.23310388664020332,0.0017126119938442486,18.17078573340665
13.83898957903769,0.22764530836264624,0.7213522430699534,25.668357269811395
26.034243647648168,0.218218865433823,0.4616407038965331,36.11413419580443
20.008345753069413,0.613964621671241,0.5864485388402539,34.28417874540757
3.9100848641649257,0.5648949363044257,0.12213299223630783,7.1024899071808685
3.107042735518005,0.722516548376286,0.3236845392208335,6.139579344830399
7.589176285571339,0.18347137566742378,0.5160489838509972,11.880486493859493
7.7972288335745015,0.6290916764342467,0.20077176653054157,12.906889613022352
24.410370127460318,0.4584364612224768,0.5611991561473263,42.50001279738798
7.277015669012603,0.24694368772213426,0.1868919381391006,11.9282388639653
35.29243304633587,0.02836330592620051,0.16730226171189821,37.97414561419719
8.548474292413841,0.655158039880888,0.009299720208306272,15.705150398657294
3.8270315279700284,0.19285709721068509,0.2255253962826454,6.278748452163592
35.054691451113946,0.5053944289719355,0.1973894336238547,48.377320414773095
11.954037527853972,0.43909434884785004,0.6114852453442786,19.55237667810182
17.131820667382684,0.0035596309174271037,0.4557679249343366,19.792425147922128
38.369250083695206,0.79547490395181,0.1422595869856452,63.35290989291464
37.7858949224794,0.6514634846401031,0.4545019767590698,65.7398713636937
28.653692192743726,0.38917701650934566,0.18035487245981674,39.880200803465364
2.9437702789556774,0.5442730961939065,0.3404018240433563,5.090994838434577
23.814936991373617,0.3812753892726181,0.7105664493756372,42.07647944181614
39.56530181468186,0.5956690170229847,0.5754049756131949,67.60741625201793
37.887265891274424,0.10746283665511527,0.5208800133609784,47.241403581261196
4.418899202293726,0.35708079618722427,0.2251867594577111,8.476841985712586
15.95949866299667,0.26842974165828803,0.09966533191726273,22.812554272168462
12.758362486933002,0.3677241947952279,0.6023591874399475,24.512944855210332
5.363178654815241,0.36037812228829136,0.4543123076382319,9.540517767335343
27.852972787700683,0.11447515982335546,0.4982081358593898,37.64238331249547
11.09916490153742,0.7811908565672233,0.7800906555033208,25.78598431416611
13.92565896438685,0.01239371423050244,0.2786567361337636,25.867957790892348
3.7962832927164345,0.008058355853919076,0.640598023363323,2.0458282182748966
20.01910883939089,0.29875305482692627,0.4471654726977839,26.952819290851004
6.495080973351848,0.49630107947745405,0.18820795674155397,11.30818067642561
17.397198858463664,0.14372258145194258,0.04231066558927337,23.415518206333555
5.905020439711399,0.42655520312332884,0.4928087135911685,12.744537617458281
38.1632256200158,0.5782175743707831,0.2380929091020587,62.041595293650204
5.970304821246275,0.07524848723212091,0.5563826771846997,7.522808870372546
20.9711087232552,0.7875379264127468,0.5605817293907216,42.28893933828826
8.039797047695702,0.26936051819143547,0.3643683742554621,12.21336587601103
3.2391997782098474,0.5139323310297992,0.42911769347167833,6.233134311838602
8.251883029915506,0.08857588654926057,0.5012374861343262,11.632889863103523
2.3800094741393565,0.5675891109770611,0.37488395504005967,4.54125707290358
5.7480158482153545,0.6723650776499888,0.7018964847592577,11.56467742503784
19.840669478976032,0.0842281138644979,0.06074766019980915,23.655564838489088
26.142257738091452,0.100690523496053,0.7838545275446124,35.640238079924735
3.6761246398569813,0.22483793150978215,0.026760729126625016,4.406381360593012
17.752541231389884,0.009548652300263428,0.16647708471710737,19.82113011438801
23.333631509563403,0.7888410354697839,0.5666462837234886,46.709514609272944
9.522181913200246,0.47870725996211977,0.06796820747328872,14.290388501582434
15.008720778337809,0.4860715599708364,0.2097382025202193,22.269013083421807
3.059027815397624,0.7671697357213089,0.12318134323910189,6.9163644836111535
8.961216993277176,0.6656234034555417,0.5788572510529703,19.98197568885985
18.77676645157381,0.6513943447746796,0.463146713048116,33.97442121034216
39.619598721227824,0.2716018959213005,0.05158288943365017,49.19215089910722
39.85134950497751,0.2678907147717164,0.36810738832128564,57.22096389570045
39.18894290874666,0.23339036785011746,0.16680234241283642,50.82998053798262
17.038838174753035,0.27735660942105594,0.7741588783859215,27.14710041472736
3.411079060903668,0.29560700908788046,0.08633435784724153,4.834089885408849
13.078222802523472,0.11200295118447468,0.47844414029122817,13.368786456336494
9.661032139764895,0.28475829016167487,0.3854777886774545,13.20142642656511
0.7622376814122125,0.3573976281957821,0.4624675975987047,1.9098489921670734
3.990297689477341,0.24747787099732685,0.7651942805649177,5.807521350149348
18.237039014952828,0.13227757452603825,0.2730255022531889,27.357245740981888
13.71856605941102,0.29872831854279813,0.599013098568863,20.4971838347955
7.378078121052424,0.3847262185731487,0.3579731817404109,17.465319817012492
28.70077883221813,0.5765827093337027,0.5286092917804285,49.46911066259169
14.413200716685417,0.5689902091797363,0.2925260370436621,20.245870762416008
34.10434065871247,0.16215602486665937,0.18169776420185252,40.57092871584043
9.790890978472069,0.029324316134589704,0.06689308750201395,12.747716938735222
21.62806090544766,0.24303961744565541,0.08140100105670225,28.289315851963178
7.528740842537462,0.12570904388716064,0.7675442550108134,10.703406862742604
19.912964532156508,0.31663078337255524,0.630765295739836,31.561895826455725
6.26816705733977,0.7834768953220834,0.19596739997680582,10.786833348055376
6.630829249986572,0.14485709672417676,0.42331778946997034,12.485774624717605
24.566490406272223,0.25509915473837513,0.5713861794800538,36.08119344894924
10.698684478595515,0.5800914530556579,0.28203032160199415,21.31153333200507
7.060215617257042,0.4073462262895373,0.3519904465278276,10.551479724948514
37.20477635537591,0.035142514858707945,0.5747055356581651,46.34822458180215
1.9115293794540325,0.12935201452905734,0.18196345180250698,5.472211762922125
22.692894885296308,0.7481996438185567,0.4210754867733264,40.35464457724396
22.020900904963955,0.08253199419122277,0.16807053734898583,28.454931302768703
10.174233201241778,0.5080742297677646,0.0024620808124208083,13.867502532121916
18.220315455490148,0.6338605190727292,0.5522109884520032,32.548965520004145
3.6919637666888914,0.21235125017993914,0.565811887696994,4.217683069585536
28.906551807770644,0.5800624025109521,0.7965781588775362,52.94674156958306
9.023546505397562,0.13591614322414422,0.14481235551583965,10.42146210348544
7.896737321096925,0.22780021986703228,0.591664260052592,12.321727706365786
12.732163435444619,0.249457624707366,0.7583739394901103,20.929523759331396
36.11432282647305,0.7971479924513789,0.5156642694488847,74.3167781226726
31.899372601684995,0.17165783617436584,0.7705124483760682,44.74224378948483
37.886313187123555,0.10336597170686801,0.7955527882222274,57.166080100084734
26.1481013721168,0.7405531499851283,0.6412995214172313,48.44031840448222
26.584276139077087,0.1295445550562822,0.7994287269647012,42.81873657098369
19.305233777163433,0.7034239357035244,0.5006595674462092,32.278805375571764
36.22641567000562,0.520365302117352,0.3976445540909419,53.09581311104293
20.532910540959094,0.46148919845641506,0.7341090034961752,35.36263514280868
14.33139081764198,0.6010709692372616,0.6647646731471881,24.26348022048828
25.686925394723072,0.58079916571844,0.08808965867498851,38.13696195497786
21.936351837358345,0.08842095153465097,0.24217811743901196,22.34154185278568
5.135988649333839,0.7995728883253513,0.20851609634398846,10.1473531320141
15.830471473714693,0.7535117811589829,0.684209327502167,30.842971196358743
12.670351361560302,0.717273570289533,0.186596283445443,20.98910337011768
33.90398424544305,0.4978313071539255,0.24323581797927601,51.267326598673684
15.277933767529726,0.41823306506585134,0.41503092343659076,23.61638826767116
32.897898259027926,0.42902286710533466,0.06089558937100836,42.98722195001387
17.80710583725763,0.011949555382585953,0.7689837141103342,24.52744110830173
30.189322425135277,0.39957560155635435,0.39285022122872465,45.27650698682741
5.584220754745359,0.4990156541279359,0.15234697922339305,9.840974292115963
37.001078742406804,0.5269649670199588,0.2166565902589932,60.094297240352454
19.326283653796946,0.2657115720410504,0.6384669976697294,28.11755121336522
10.539970175926992,0.3770258802348396,0.5072051841427379,18.189447486698967
9.811286333319313,0.5090484853300595,0.37170081937871635,17.581083817826894
10.750076085283881,0.3426444082201454,0.26528109391041205,15.307242167714687
14.795622082135111,0.7697081591868202,0.7205474904070887,30.017053661288326
28.757277400489542,0.5643536878816002,0.6180516322337437,50.48671467939495
37.99420110745158,0.001018997000712396,0.5744896298798895,45.51479239462353
26.827689718920556,0.018623585185802406,0.35680040369378646,33.4701800308862
21.977217583575207,0.5522401627746996,0.7849281206078498,38.9041447583039
18.054192759081957,0.3301160780364022,0.5680562374290449,32.61515035573822
33.162139788097136,0.6715767593698131,0.3388997799893272,53.4662548931148
34.01635665735358,0.13841232758900965,0.7684416349851654,45.16527419969433
11.862899442426178,0.01106153124183349,0.7165799972248135,17.728643676594317
38.14612589640652,0.31046588009096987,0.5919721548354667,57.48163905185465
15.925591455614004,0.5888512834459592,0.6135968972960654,31.49465411697112
32.0431071538228,0.777382186702055,0.33890199975512403,59.32871880366342
38.67943114767289,0.7069231034808444,0.4058804029041381,68.51924892137627
28.205592414053324,0.38725968954971113,0.15323787122947438,37.41665643659791
6.62971891275751,0.6502538265570933,0.47631699642707875,11.17171229486133
23.528250815922444,0.05626436629409124,0.2959332386872577,29.5884659088337
4.927329499204021,0.4578178780679067,0.27795066045628253,7.6368416226206595
31.607853186783263,0.7394387304115762,0.7585825609104528,64.92553151206006
11.39634392018054,0.317108117992592,0.1318267465471979,15.758505793356768
27.86954995778874,0.7680805037304925,0.6639788672748375,56.350396110352044
36.42156903038192,0.17654807738328426,0.22517485680647528,48.92326796898848
7.404192056672861,0.08450704762671482,0.0229245032160204,8.77426444370835
15.835741976326435,0.41980986886536087,0.03237046386306197,21.630896367951586
25.955327765327933,0.7257974975849795,0.34334199406869725,43.88280089812922
16.90241199381814,0.24902337499579535,0.36356872491877895,19.47887594092449
7.157793876663666,0.640128255519162,0.25620090275547885,12.743092696949853
1.3570502439181205,0.13535781270422476,0.5350236844514928,2.4475151064679443
16.38260611933812,0.5964563168007516,0.3882742227941998,24.703623453262516
26.038519257960427,0.44562155310994483,0.05929045306492551,36.304431624368284
23.044571484469046,0.1400135803154978,0.2784569559306204,28.912540982912095
6.418401342473568,0.5744697995500869,0.08157018707992317,11.536943116874106
18.137599065921986,0.5710048907651418,0.05033255511219359,29.107714354141255
14.90494763801386,0.41234818331475226,0.16664529999795372,22.620414160021284
11.113255611277314,0.18037411011413973,0.5604603689292537,17.092954337075405
29.224995505643488,0.10583511379599725,0.5568013165805822,40.396440704884384
12.524150795081935,0.7658040387678314,0.689111301682849,27.538406009699916
21.69764970285456,0.5246500306073242,0.6051354339923251,43.221905327326645
36.944296703730735,0.6473931868587073,0.42839654980891684,57.903509768318706
21.66318409369258,0.5575764232401933,0.2500896704074087,28.814482572112958
24.757511824390317,0.6635789321538312,0.004649196134200562,39.611412156611394
3.115190249468546,0.12999265579913874,0.5177099850302356,3.298118106315103
7.2897389209211045,0.39756017963763557,0.23177055009187753,12.067967092290067
4.217857732064916,0.5336998164018347,0.20008008138233438,6.170667239161156
30.639555344562435,0.08271191991617438,0.7798604326193652,45.371235935170915
33.469659020490326,0.11996555946272665,0.1393921539250009,41.30918288599713
7.620920669144191,0.5071860754007572,0.025947791879517547,12.256201955652392
8.927015686739022,0.6949646434030561,0.7595123161536932,18.138853193324984
13.063650121812756,0.5283329431532782,0.24480537764514754,19.770971172153416
23.724889154762646,0.0289638507648605,0.3147360404965204,27.061220005790727
24.947488513240774,0.7763463336722585,0.06474792315473739,43.62501189126854
27.53280754995001,0.11160552072499606,0.32325217156265684,35.87448118571171
36.226671697295814,0.1860497868419918,0.7777770326148402,56.90048824652843
11.942597591762217,0.7799738255237795,0.5552157742704611,25.78448836816239
26.41860777042967,0.6168263973227,0.37905987586655976,49.16260455778827
22.476969261952146,0.7492613443028053,0.2459773168098824,37.61452938992225
12.372322168420169,0.6452957542464238,0.29283516742483356,18.909269723263087
36.3151244264282,0.52138758000256,0.4889825199681588,57.76915275260987
4.0002397959768565,0.22764239909040482,0.20356005008424774,2.988573629962292
28.537640867915645,0.2615051533596203,0.12155802039616007,35.59892926755844
29.169373778299555,0.7578168584354958,0.5569829391549186,59.32830399615873
36.62999580206047,0.6885004929245158,0.6955758216950795,70.30052992276698
20.83950757558387,0.2875923587538612,0.7212311267366509,34.59573227400068
13.000569061125985,0.29861393409656306,0.6731348255024082,21.17667938705195
33.14407866042882,0.2381555122207078,0.4244797453599354,51.84514837559252
30.878249216929223,0.2609041141000032,0.6310647752032672,44.68789067225475
20.11256145389492,0.6885339730310286,0.7410845854139092,40.82705482721469
30.760723550225677,0.008405485271877478,0.01869007168570738,37.631683085498786
10.861448962674979,0.3488420968876198,0.3296785741665536,12.935697168840587
23.66235195005802,0.7542717428223263,0.16330038365615593,42.01081986453663
34.63430150055745,0.4341090841462471,0.7974150283396185,61.71541554474639
12.855783283737196,0.3603566321151228,0.7436528077065394,21.241091795094
19.44528930074358,0.24989584375967047,0.6417487608607894,31.19219502073545
38.051585196081,0.05913010388952307,0.2367038441009325,50.20432997551222
31.968831310475117,0.1795891824220103,0.7616818116361045,45.419415166150046
35.504153009156,0.07236672794949701,0.023400352049715425,42.6820069048086
15.532833023439764,0.1013595437723426,0.15043176521406051,16.063151257116434
39.86090933345544,0.13081323530101585,0.4934990033847411,54.814630965280195
6.272111066415756,0.24162354566742278,0.6344053696466467,12.161185055154043
20.847069212009096,0.00881334399642837,0.7069046824924563,31.825198389102187
19.275080615390724,0.7601151084745982,0.24040688856100703,39.685626987784424
31.97760119384535,0.09905527414157965,0.3126436808556554,42.861861408303035
36.362987346097476,0.3065190978876697,0.3638619215629971,55.79862286459395
29.299347200940776,0.7036220477718245,0.02157905482713192,47.025842725766374
25.14728619798605,0.0852543761526098,0.6911754024416817,34.29840814494929
17.211681795770446,0.3868834014032967,0.2703587323089453,26.936088452804427
20.510971499614218,0.6758268780331167,0.1594227630042922,31.556761742541447
20.47015246634791,0.4455700992273121,0.3273576504799624,28.754730579194533
1.010665252638231,0.16827487633820803,0.5684506999192197,6.315620418925031
20.22122303214157,0.5884076251300651,0.6967324635150487,37.092848979030904
34.26763784693017,0.5450728502940063,0.17230117297249806,52.587901580024536
28.429105643461476,0.2897487252375394,0.1380903736283166,35.425956281603625
31.86920316057519,0.037036129265100116,0.7550263742562746,45.22875970603114
15.741302592787132,0.006291751916875122,0.4407144153308542,20.143101911633362
21.25313482913573,0.6603143065017374,0.2926176151935388,37.2693887110218
1.5326460460845988,0.25724588924725483,0.1594555640512983,4.057975342618457
15.443318098339873,0.1102159188847237,0.7961982577587511,25.79457062544995
19.08175858672723,0.4148409809303857,0.5753474296732412,29.702383890616836
10.35731420404345,0.7366666365800721,0.1743082465417322,17.359981082880473
1.4433909638278626,0.0067846916179181704,0.07300755586172229,2.547139722827467
27.67824272940229,0.04491483254113158,0.1594258751745967,35.09673470905308
17.516492483783956,0.3336359460680579,0.19819408312606246,20.449078991244747
16.743992085866918,0.5407727254040507,0.08886851940928234,26.043794252680414
10.149472810334652,0.3808803670136402,0.18372109657098934,16.158720887674722
21.605649880121078,0.7180387507723238,0.09342376394634472,39.56855895644173
17.63346589457511,0.035267644429982516,0.3021853607092501,21.537503201489496
19.06458202655782,0.27211269571499486,0.3889562073358736,26.58736026110552
23.318679667768002,0.2810783115109766,0.36422797806473445,34.954778113922174
0.4517209601414673,0.2721017807890734,0.6633680546792518,1.8089462245754495
36.32629696082922,0.3901487296987125,0.20319630906776914,53.58672247903231
3.029278398414234,0.6324616361556884,0.7096750591106771,6.537082003022325
18.14680494317658,0.2543060931222539,0.7264982548230418,31.0634201466954
8.45344043452738,0.595586565305762,0.7678397696029153,16.225425102066282
21.046538300921036,0.11717237702325711,0.14478658710790784,24.13277341837332
11.353158330126083,0.44857988450716024,0.19660091698829707,18.057061119117556
34.42825862289163,0.3000704205324361,0.4990658218859257,43.69535228581903
15.975121391704324,0.4313686418364565,0.11271330656407114,21.431303559683265
25.622471119583803,0.08619980029779956,0.0684970642691396,32.44545967354817
10.10541318028558,0.7627702774087268,0.058957769625158196,15.60732076708028
0.9723647896618965,0.7249712934414223,0.4849197077329991,3.345369065231095
16.285350517408386,0.6611170434325032,0.6437425136079893,28.345133360806233
21.552162284419946,0.7142262587104415,0.20710853012735095,32.53746176488437
18.489976620217657,0.11735029614518888,0.7468271097006308,27.781339618413917
38.48817167999063,0.40297741841573276,0.6335484063192407,60.76083971038544
28.332199119071927,0.2543273270052187,0.06196832429205701,36.99054725817528
39.82765806489073,0.7099087530433269,0.32584250281985183,69.34756016914432
11.943391594496083,0.15155014599957317,0.05441189282740702,18.078372757484324
31.60432052836443,0.1759562841135779,0.732155326234796,44.76221237117526
22.311227008355228,0.5493715650840086,0.5942417155781163,38.6104488800934
24.548062107050274,0.07111972727013453,0.5492361042837737,32.42712438519149
39.43695737760464,0.5858937415333119,0.5461614772913588,66.48415603583722
26.228690550094452,0.2145018306512979,0.22814600151659487,32.78736853388828
35.97291231500933,0.5287482922137179,0.746831324160567,68.22494071431707
29.08485934182603,0.6984302290885284,0.7382213265763159,57.334286770155046
5.269967644645052,0.4876890985879925,0.5915910474993846,9.594785169411908
28.037063670828037,0.17014698662888722,0.3751441656574344,36.70358144276691
19.47576042968218,0.039332420431373284,0.03769258463257215,24.639247739991422
36.76816012069723,0.0356911773560527,0.02264908010962854,48.72547451464753
32.312010998180114,0.07104950561120633,0.11050746633909424,37.49368570912785
4.344560566767564,0.46385432997577275,0.47661175495444613,7.413006208748172
5.529842617411626,0.278574283232521,0.6384795033637551,9.473245405273698
2.970517871584502,0.19448558191671853,0.7587726082188953,4.633008384093549
19.83114601483577,0.17544524623775298,0.14028966342091742,34.22534788876368
3.41471601645265,0.7588652255224793,0.22042230463692666,7.841941241121744
29.00239779567282,0.09505326071365952,0.043280229643532044,38.4033561386562
22.18387154172722,0.24385152861812376,0.7912377335047036,31.781591749831826
33.46822369861507,0.3771818096153545,0.6247320633688584,51.37263294381684
11.335872389118386,0.0003596208594043304,0.38457130335202194,15.916629453430607
20.8618032096134,0.7367625499805797,0.4604522842419564,37.894516243278524
4.875691499239665,0.07927887260808308,0.4497395290664735,8.305125110936745
35.40747810548116,0.545976480548938,0.20348860251452028,53.81675997454847
7.165197499135564,0.5030923817299907,0.14831255543473568,11.939453490347423
4.274017603746119,0.6472510840837898,0.23758057329770557,9.758055587708425
8.361013821222695,0.521110184449722,0.19772283983691993,13.55429187170904
32.28801325117466,0.6155099337727836,0.4460224718914888,57.25708995021246
4.411418201850376,0.33699888703082204,0.24656224467188556,6.842197435886982
24.654214294559,0.3909635956412986,0.583155833292541,41.98875247227046
29.898015764482,0.5613296817315355,0.4543517862856285,48.40093609332254
30.093030187218268,0.4547413768440409,0.42581101233123786,49.352732669284855
7.764423287003619,0.40923084021337597,0.7610350136713973,10.86084563141462
2.652635135428958,0.16444672484363948,0.25792762830425703,4.538890598401282
18.062494074134257,0.20648660864510032,0.5082158905919423,23.422566910670543
8.258916740732934,0.28679779284751483,4.050162194291218e-05,11.068664962993665
28.03097819875473,0.007427508338802547,0.5895389178218154,38.90210857316171
14.396373426285754,0.3338907596641896,0.40203514321340894,21.748634894972085
18.084286853118655,0.0022147806111302514,0.16670796582756778,21.070955223027592
4.71670033744813,0.4520123487370694,0.0012084451428937548,7.576057025769911
22.788501404618028,0.5632230151778791,0.565555171203003,38.87206800622196
7.583862747349911,0.4497189052921011,0.5301605628404591,14.185158626595884
27.22362930441449,0.5548159785639007,0.5323256931836536,46.241787144354575
3.032519137406169,1.053484496598145e-05,0.3499638584963689,5.124191686136872
39.04060477279667,0.04755357862744765,0.511437860615959,54.5601101300891
27.444173747715304,0.5587699527004443,0.45706783208484825,42.95874683085459
7.4328367989146615,0.6423201183654165,0.19111603568901492,12.826114586976374
0.7609668893818604,0.5741612567115156,0.4150144331747429,8.590809993155776
13.511623109767704,0.5304097940428413,0.4116742356951162,33.18689839681826
6.281967909277855,0.565906131049248,0.658898310586699,11.150386144866154
8.892771058157928,0.5916719406369326,0.3467912181365888,15.505225151948299
34.935460285828,0.5795019986940554,0.34886834861302163,57.15227973097872
24.207545470023806,0.5904067821506719,0.7875235770198531,46.40335115670634
7.223014590550199,0.059215765932144664,0.7155710982871466,10.219971503631916
22.35504414736046,0.05061724119569977,0.1938287920349934,29.070771072075054
10.38007000631473,0.28889595458355116,0.7282344757349337,15.636299810790966
39.05279440145195,0.4220773716390365,0.11037332507682623,56.47050076087883
1.5037377644950711,0.6100952431373822,0.6827128469920004,4.4518785299761054
29.346273202279036,0.26776625503281004,0.14665870138401385,37.71079569821773
30.9652816424188,0.22009366130690788,0.34048267911869123,40.921753340678755
2.8730780055164704,0.6251586464948237,0.7871373050146717,6.757851083746866
7.040400696407793,0.199469481163196,0.07763914924178428,11.41237387034477
15.495405032337509,0.6566731014515708,0.6718302559744043,27.264347533383184
34.7525620958569,0.14170683977603088,0.3957871596221277,47.86951049412923
21.572597549056272,0.28757881829798143,0.0887930926200883,24.024515468600164
26.28121263029016,0.3208604875411123,0.7619931032840023,42.69824095602369
31.363910851182332,0.2396083578461143,0.43938509451138075,45.936789949279586
33.1592869758333,0.0026855311096101175,0.7045128175394684,41.63001926874513
19.156124814730504,0.1884074062569983,0.6952855535894007,27.151211407814962
20.449966923184554,0.270122847103099,0.011707666352558288,31.36067688834798
28.776633112093617,0.25089991562133024,0.21187256285266873,33.71053115847802
10.681025877677929,0.6284443971817657,0.269537263690522,18.462615339176274
34.20869150734787,0.037894210029178414,0.42789123643320415,44.20767952807648
1.0273156141384945,0.3111589597241926,0.05749280787286457,1.0
7.991709767947041,0.030012364463553,0.3111735186637519,10.55865796126846
32.04795773285283,0.7445180529032075,0.6517104988984774,72.96162947186271
13.742276833328354,0.6321675496248771,0.13855289200581328,24.33746305481285
6.163346741153777,0.7857292793904108,0.5610211796611062,10.121698839121015
7.632839277313852,0.7281284253568149,0.368263527509819,13.535691623123974
21.324104797055565,0.2526502176928675,0.05656409511718783,28.596531659020364
33.87802486793051,0.5532667298644642,0.1418992525031638,55.459702201972256
3.0118984876902015,0.24524326998272672,0.11282458538708369,4.72982178655491
1.4131401831610462,0.7105689503436992,0.49577427705500254,4.392531804939739
18.713691806306354,0.32860229597387314,0.06985951910625739,26.831050096680073
38.25625911913466,0.3007100335233857,0.6584374246219944,56.41870472841976
11.304590175882229,0.7312549953866667,0.6453273047495176,25.317070669662133
38.374987454868524,0.6693922300958834,0.06404959769662595,59.91226983318451
35.529710828282056,0.7731308426914413,0.7105577581841468,77.56188333799247
11.468776040222942,0.05319046845955749,0.767328660540959,15.970862580942732
32.71453295739464,0.19467110243108793,0.03477447854499607,41.898983630924
27.497518642238983,0.24068619829363655,0.7602636545094654,40.54718960792187
20.570531078409335,0.3394816487638097,0.22356973551174866,27.814850227940234
17.032062493106412,0.3785040367588288,0.5318095526425525,25.36879793966197
32.65700968583318,0.2331779424533904,0.1398525969895734,42.68274451950739
31.764561421261842,0.6323603385160228,0.6539646796836825,58.6196710754413
30.32606617051385,0.1785953155880452,0.6735306732483393,47.855805413335396
39.93058685836878,0.5572138506392904,0.7826731241571963,72.41006357085658
19.244795945467075,0.6814146524736779,0.7940267697366662,43.70856592560521
32.31553451723265,0.48295859132766905,0.06068616622082246,46.599374455356994
34.52663900594244,0.2833271407142567,0.5263708810224597,46.36293469145336
8.62178274185662,0.15031299375732107,0.21843694172183392,13.442232811024924
1.874244393711827,0.1074769555229568,0.10046222850491615,4.690996337496838
16.30898640710547,0.5953397913192493,0.11903633497207844,25.787371058081746
34.29812004058368,0.3753055980668128,0.7491497911427243,59.73682957640595
11.706310591541506,0.03705564093389411,0.546919390676276,15.292010891064187
28.060404131883477,0.7870716055540963,0.04036876077523291,48.95836984611149
0.49245593475765476,0.5370425463911921,0.7873840625168742,3.513866136069769
14.34350440634546,0.6753460411415818,0.6462497890885719,28.789225051873313
24.697564451374415,0.3505509370536092,0.24734344452058005,35.77147079483898
5.364336164879008,0.76435089664642,0.37669335488456046,8.852112296266082
35.884955103467874,0.15962001673930182,0.5812607833616338,49.76129811500841
6.419704289259753,0.14810889835105287,0.5408256686715571,10.571594182582109
36.409783091158985,0.7122677878162871,0.3704647190513886,65.83074834169304
8.812294485582392,0.7133736512045825,0.4099119205592535,15.499514646771496
39.772291221850466,0.39921558839923377,0.034566144333146025,48.07291692384375
24.268998789164513,0.10062908428318292,0.40050659558955887,29.03150981605931
3.556926798644789,0.24417316656261756,0.27219751337922915,5.548409637218067
2.798033932250662,0.6033218704275742,0.2280409603799651,7.130402532241385
3.181883511126857,0.6767935264010427,0.2156979398145488,6.1626184527921515
23.677731342179882,0.2781237981958537,0.5191575178851587,30.572436357302948
32.421252252629934,0.048986945453494274,0.3434060965770549,45.71380723250227
16.237917122466126,0.5325813452582245,0.3406419267423396,24.52775810509314
17.904463219418098,0.5915976331506348,0.127349593081183,25.648211547717654
23.653650605852192,0.33921174069095406,0.7694908545948936,34.89733721997218
21.415016070496957,0.46647808929429546,0.17914096196044113,32.089818971876966
27.58485697743055,0.7898971980192666,0.3248873652806277,49.000753791902746
18.977071662488456,0.19599887948772754,0.1521638113437912,20.294599095379578
28.611655265549885,0.4583821550394007,0.5625142819113184,48.0242641529666
39.89296755335604,0.48876833085011406,0.34890299716868345,63.62376100239407
14.141854121500842,0.4392857568195705,0.33091995121448126,23.32372788738732
0.6861754240309621,0.6953036463550366,0.7000759083112538,3.1640072393891985
5.19987681295586,0.4840060255376932,0.6075838798347627,9.473133760135504
22.22986456248076,0.406312017913032,0.41590004231134475,34.923889560466144
13.90145992835715,0.09841202132893852,0.37487232323290964,18.711861872641524
37.6113072294587,0.5625673594347405,0.7679211182376446,69.23104155428017
25.172354386273838,0.1056858891957603,0.7651697317529895,42.37162077345181
20.91013640142562,0.02125591469137893,0.5638166943279102,28.30100261658658
31.96197215062634,0.3908249304507698,0.6081183411891464,51.19383438042569
10.491876867753986,0.4579562177181859,0.7192743265230527,18.201735125111384
32.825593903237916,0.799243249099104,0.7714470046965901,73.27888984592887
0.3218319735908992,0.5698614355642292,0.06581981301665865,1.0
24.86315901300156,0.6788722561820619,0.7978710659764654,52.22591562551289
37.403334611622,0.27711043122460427,0.5624177719755189,54.75537699878129
31.556826090948025,0.40713174606397406,0.4741958833533021,48.84157043016926
34.1746408474649,0.7794151925294845,0.3305337002615182,59.09833101571391
15.998796867825718,0.33391084171422103,0.26911191494882997,22.70589296511887
33.00471005478503,0.6458323398419071,0.6433681668191819,67.87871450862858
22.12310026820461,0.4207912941955969,0.52354804523729,33.65036137258326
24.817901412827315,0.1791694812240513,0.16056413505719525,31.619585078924956
2.54483050556498,0.4643349097687063,0.4879288297072048,6.322965166008698
8.221757547540806,0.17444962269625722,0.1129328813771723,10.96062453618529
22.12838373743939,0.0024215919005929013,0.3974998612049029,23.233371825932494
2.5402821013752064,0.18871681237867463,0.46676611026771875,4.070583547904734
29.709582902190984,0.1545150658840723,0.5085472565952259,39.13974859420421
33.63426893917168,0.296736941759547,0.11620975177874815,40.99435402542973
36.830421979533234,0.7108775230474306,0.07647882292061628,65.10710510912425
4.250384675356275,0.3102824588789407,0.2069665327802863,5.729918698878395
37.60086587130744,0.6761501019927929,0.4856238657236908,68.02347578973199
2.8912763036459403,0.4444904161052651,0.7453462511767383,6.276957249364605
19.067437393927047,0.00609176337805355,0.6232988247202829,25.362399559732086
33.64199062098691,0.15098937032257212,0.596568420137942,44.44831559160923
2.9983833148653236,0.7450224361664292,0.26418587564617274,5.249535470606327
0.9255967049615486,0.48333875695817485,0.08936590382012684,2.3051688062582216
1.1929192045246975,0.7436374868578192,0.7135515248962017,3.5559957727114826
20.548555529554132,0.2480960162427623,0.40068280401330303,34.822042956594615
32.501550434947184,0.5732499026261942,0.08040867696340159,47.94992365172062
5.271581508689465,0.617620127917808,0.42797498409374335,11.251348315694454
5.159488112365717,0.7805596821890044,0.540328194132205,10.89239707104875
22.828164830981706,0.01454118653516856,0.2559200236818708,29.91897357245881
9.52496491231456,0.761789772098597,0.007399145346908664,16.322328052209105
29.26250665876598,0.31327217408333213,0.4972855697182097,41.217453788915485
37.995488449434646,0.6703939245958936,0.032076414743588,63.936315643150955
30.688129582696437,0.43577033457686715,0.3462346326969498,47.20370630907761
35.111579581880875,0.4517196344266924,0.6598201825014778,55.49569655854835
20.879525091352477,0.2875023105491601,0.7990781058739842,34.232686202527475
33.32630830785783,0.662778072302558,0.296242331187334,57.395215786204346
7.479546722669958,0.21121085667026673,0.016101541200157676,10.063864059220519
2.92024603774597,0.3937931089428852,0.3943224815510177,8.013528685378489
26.3069337829625,0.4481395990139803,0.22102031794559382,43.37881345537161
2.267709649570626,0.5940168747419907,0.714220010871354,5.0576067566984655
35.720760481759285,0.37730826963322966,0.5692025202621552,58.73000444237286
27.72385505487526,0.544226319071595,0.32345861504476203,44.814715003868045
38.097588871274695,0.38823527707838035,0.6096225847345357,57.890006245121626
12.692688921266777,0.5274565095668757,0.272964695138346,20.72443519485304
19.549100706224507,0.5393147809665185,0.4174108680910319,32.76524741358334
29.71927652879573,0.567553248423395,0.7382282238393363,54.624695875948184
9.862603621340657,0.6586398350882608,0.16012581298962358,18.13890333016163
21.76558304044434,0.4325780487679339,0.25044640152536485,33.22598799690302
26.446797545218026,0.15462253109591462,0.7084747300215676,42.91065855266605
39.15658444699224,0.5437126732952443,0.36950268824832944,60.577078289443634
29.83919111084691,0.0616944667937295,0.2543110629388631,34.62316602153437
4.901607841107145,0.17516401796894723,0.029838936147152408,8.565761961024995
19.118271365055747,0.6337260229318393,0.33516243006952084,35.72395533744009
23.633077162984968,0.3480561154640528,0.4004808890950473,34.5683354357955
6.035601086001239,0.39843533412097365,0.32506629385686986,9.44303161707322
17.39224906784692,0.7899175347868241,0.22196738701644705,31.9567538974245
11.503431490165754,0.18813798867913434,0.2953041388430929,15.169480159579834
4.929336182028633,0.015642199628747643,0.5139558388429758,9.118882260630816
20.57926895184549,0.08909808761427529,0.713023775970402,32.75798132060947
6.792196624291347,0.1956014877286637,0.5197406580620015,8.135563536584074
23.703388861711787,0.5807360195171754,0.5169299487790129,40.253899392838605
6.953937903226244,0.6206576255878096,0.6534998895847023,11.850785418088789
28.999077959392277,0.4523911632112911,0.1321142221866131,46.0579271117732
7.970616596580882,0.2040371189585291,0.24087810356651077,10.829011352969914
35.87214701089075,0.41739351562145893,0.04047278637989678,48.293812377225954
1.243132390642592,0.011966044747147376,0.2797102374985925,3.654166935759831
20.97549600442029,0.5454407541934371,0.7990590258132046,39.33337298855378
12.940169682284566,0.4914380443273343,0.26344991629246073,21.051088858990376
9.158045725828712,0.017437231505234862,0.6878183968207257,14.532552048502946
18.96979061077289,0.6536093069062365,0.06862217114434595,31.436233588420635
33.71237754570558,0.6107412281296974,0.36776989066879956,54.43506830074534
36.62803277996062,0.2465789964546505,0.2811702923053093,53.10749798631808
12.26929500228426,0.5083013205058448,0.1612662905851325,16.0094292198037
6.338896159383836,0.4811943707719786,0.2980050056454912,8.226409475349978
28.861589813139027,0.11454422338149622,0.5210224891311577,36.699875390859404
23.363549273148333,0.1546074408914927,0.3922464599112743,32.08427975918725
8.200442717366883,0.5465649089825036,0.6754672249667695,15.118964049286962
30.459772365879974,0.7468413170160069,0.72395728547867,63.765804126641314
20.853431322637213,0.4610274565590025,0.38551426493555585,31.928270228600287
26.205128940394818,0.4542505164476359,0.7853810513208958,45.71824773778597
14.50169355174287,0.5173453557630708,0.05761661082926715,23.287031298321963
17.67608293983456,0.35246264014250306,0.2210713770689985,22.941562492475434
7.377615515322699,0.043337634801075,0.3333690163268608,10.830362309150763
30.309331532284567,0.3172030773797578,0.46616120828666185,43.25636620036303
6.449050701241316,0.7202017680943118,0.4367437930505685,14.996613649870241
31.17644327109224,0.6439574403132389,0.454381411025659,57.3537749552707
31.960712624406522,0.7419388548616523,0.717000578086905,60.86776152708549
29.91471836939384,0.12226526810592847,0.2220521535626448,40.02858535187
0.9730269647378689,0.40476620563106364,0.653482996470903,3.5699778119011305
11.070701861745606,0.467782523850355,0.4464004433021274,20.035974646682945
18.839842163114184,0.16794040799437956,0.39239238633815304,26.1261364547638
23.90266627292847,0.16077619141517607,0.23953074050037532,31.812891659340234
36.7850395548882,0.6256263461142418,0.24325504220800226,61.14228906394451
15.149117690722349,0.5374815336417653,0.31078389715590965,24.688069265588656
35.025928087203376,0.5177500294521281,0.6108083904797532,56.39965556310747
6.704485667846094,0.21358996638641195,0.38138631007381685,8.184745324160996
14.976963402843351,0.4054155393977655,0.12306694820499997,20.139701548985766
2.2808240306886556,0.018455962791462267,0.60789054187424,2.790021502947628
29.751073784013762,0.10395684208034234,0.5307039903326948,38.83820567039577
6.195979745829935,0.414600690208633,0.7593910147209337,8.663067994820935
10.429396622808618,0.24773782050553025,0.42353128129563467,16.323174078944685
31.054283437289946,0.7725358055172133,0.5235377139662434,62.03498028228604
21.481725353423855,0.3771877786136085,0.38346421820896914,29.072342178236166
0.75611423285481,0.06685132508548053,0.5446241666223716,1.0426176341685005
0.28896114894640595,0.014273877804249935,0.34889365056014676,1.3165188190519812
20.524293143247903,0.5802062990781371,0.11028518298865952,35.9958603365439
12.337229447217952,0.13720539044025112,0.7893465890393048,20.063689290500914
7.376395550608049,0.15024989520404725,0.5762909622366843,9.682909295166512
24.62103872110121,0.3390457781125369,0.4869006601838812,36.247555406102805
9.291771574353596,0.21124847132277172,0.38513660014841555,12.282778770753092
23.769844557460925,0.4932616637969516,0.5691432017509322,46.99841680578485
15.29478483333366,0.38855400577901106,0.10141993770814475,19.2700056288516
7.632499463257631,0.08916048118178406,0.2608907185133553,10.667405975297218
5.696568567176197,0.6277926783275588,0.09975948061030869,9.928832845269541
9.627052004466064,0.3406870835313985,0.1008200768785633,15.64288264608906
1.387317898916806,0.4886674556714405,0.017078035901760647,3.7717152601895028
12.463453089043481,0.00315386602614538,0.6047147321132404,15.051213257716373
36.09779666923541,0.5011200267492296,0.18184689970014337,57.18929491175652
33.28821261014453,0.22627988562474757,0.6656061752557497,48.576749140844875
15.005749517442423,0.39549659456799485,0.7235476113309858,26.084957479888182
23.11817801955579,0.2381764830570318,0.13485284772151412,29.208019327153764
22.780950248759524,0.7970085957137942,0.5670912338687528,42.19736725375365
33.18375405990975,0.18467385176929885,0.36824458279204875,47.48709295340798
9.60434604037523,0.7302876811914053,0.7351689259248407,20.736159023218857
11.99622205396189,0.7343733054639335,0.38753375504132204,21.936006306895514
12.211060263075337,0.3368005223474942,0.3030991091542216,17.187174674517433
1.8266255929126383,0.243202492418685,0.23565209522412803,3.277704509288377
12.724576958909847,0.30482843751903294,0.7228971521825259,23.589834211315793
35.14096830820268,0.7914712699134384,0.18094344272682258,68.6911608417244
36.49710837334494,0.4950369818700849,0.6621718332875893,59.71529394374024
4.5634867615883055,0.43582419025651087,0.15534995806235008,6.711994240813576
18.43072995641357,0.028734305071541844,0.5147174834027931,25.63133680158577
15.377686283188035,0.6782744243176206,0.360852511779357,28.148618006159946
19.676496025610835,0.0670443646457592,0.0836869400133435,21.211419800494077
22.27783705753535,0.03757789362750508,0.10074640345364189,25.85223414896435
1.0062986487062935,0.21988646889439362,0.22520731993253573,1.0
33.721241467262196,0.3806308840460146,0.6133213479632562,50.577438123862024
38.95183011229887,0.7162311680035205,0.5831520018125215,76.56808918918759
26.205511517744963,0.6320630392662709,0.16409620112589388,39.65806661731021
26.485999092036092,0.1581057156046744,0.38096175565351986,34.79386636745734
21.213598341662195,0.29766362274182123,0.0775895701415962,32.36294348427944
13.504081786232392,0.6241922116951062,0.5727570289465622,26.788913576338828
6.12931740234494,0.4216739579752779,0.6346416280139207,11.858673343329725
23.445721039302814,0.1395935536192634,0.7148096000296217,29.634378016913406
1.9886678596664407,0.31684416214266675,0.7085967731121391,7.304091174636969
33.015202194136585,0.5007486436077655,0.2703138457168048,47.30397075740785
16.952285638930494,0.7785805398470678,0.20362706675201825,30.41576565528654
16.707218121646598,0.5294496438851273,0.717271499797095,31.591816842076724
13.221400167341049,0.012956129785117555,0.1168055798556079,20.946524848531254
38.78028477020374,0.5640066213060225,0.047475257354101345,53.698171390200315
7.1616947202746095,0.2006918459657844,0.25139438241981965,8.604476729696914
6.2220512947134035,0.6897271313710519,0.6082400351317303,11.730621641060402
6.7881537614922,0.30711192658091085,0.5553598337243708,10.559869645490872
26.409393817460405,0.1596920302034402,0.7896442232214852,40.06178618206848
39.67743368543801,0.3743577492081876,0.2876268568863485,58.780930241706756
9.571911781989835,0.20415837945200438,0.22067785188550354,11.809606431741011
36.24357240328602,0.18865719079828047,0.30256608739594126,53.3556015175903
11.28893905648526,0.4586094406187944,0.6258050091443633,19.784345442443914
25.986416820986946,0.6138770166807036,0.1714399608969105,40.387258948870645
1.811858286948035,0.6679634993279006,0.7581983873971623,5.161786951337206
19.92702818813232,0.31813589637631284,0.41003946602375607,24.897957738784527
26.25188465790347,0.05344301087755143,0.6265159966195758,36.74099950800054
21.545527133460617,0.3871799987724427,0.6618094595871333,33.33157114455996
9.665848318295286,0.34702518162270873,0.38305209387020006,14.205009903024143
33.174178541063036,0.15758315860243155,0.5930971043220695,47.79922189048119
38.81143314728197,0.7169159209152962,0.2917554591483687,65.89502897272547
18.476004608544198,0.7793186024165512,0.6487424114185635,37.35081170520773
25.509586754532293,0.041397750426465145,0.6591224068939444,34.32114539929255
31.658448080153786,0.636597103885946,0.4529646555507351,57.562358612459086
9.811264612747399,0.516573246353231,0.17451825269842988,12.785396886747716
34.60512520076566,0.2091490065327264,0.7761785401442918,50.107432639705664
11.351996031337901,0.5081248946262503,0.7575838961401983,21.020439713900313
31.0780659799065,0.1029145533467796,0.49585643566346943,40.46838491224048
4.661549450571598,0.05552520663799783,0.7871048006248169,12.64682002821193
11.677790795883954,0.7947912600418084,0.40223703711298536,24.22424282702414
21.438073370806734,0.5090958867669281,0.30038749994082603,35.68007864392247
21.09189940903174,0.20257809962658682,0.36840241261573026,27.257892660800135
34.04716114255738,0.36002716472301277,0.03672561454840802,44.369584107448176
39.84586485401657,0.7600705458382724,0.43929747855308954,72.52193034415262
4.466991665233596,0.35098005470944776,0.5329859524505579,9.013592368830597
11.001247686436473,0.7203556256018754,0.08761597898451923,23.060811498356824
14.432408766878416,0.6950473583827694,0.20447805735693578,24.388670775275614
19.260952630838197,0.27532505287267467,0.5769472878806513,27.1783923206955
19.85760777754508,0.5568072032616821,0.6348721426870922,34.89078937518181
34.27656351330698,0.528398803026074,0.7886936394755563,58.8253970498469
30.86826025084697,0.6169694964958735,0.20257894871260085,49.76389319154224
0.950292845710542,0.2927433314139884,0.6731515773316649,4.45220623499099
18.309866071210877,0.04178919879850618,0.13768237209133324,19.652948267934583
24.799338762114733,0.1368313928900088,0.10470271631891395,27.40714693547649
18.52374436630233,0.4932429501390074,0.5833628649404965,27.704150448348226
5.399681189822952,0.6200801495178828,0.3566978971529232,10.053227013045042
16.019468530887796,0.6048389076284768,0.6351387986776009,29.311590765408933
16.583896666163493,0.4669452680920245,0.22605183626751668,30.399842777597158
7.671093713500398,0.06780651657191399,0.1705551016797589,9.287606515521006
30.301023155943945,0.013830901748649982,0.43903899505844013,33.772445591535075
12.991747069670575,0.6257134058576582,0.09224837973674466,23.556895876387255
23.641694164630923,0.43950114735189016,0.22299937119319707,30.48112336249905
20.726061202158945,0.6261696821852063,0.1329896091666309,29.40836522411533
35.12159775281227,0.1302307691835111,0.2560378350179532,45.13201147584032
5.05619428814096,0.32593853661691485,0.6123989646812386,8.01095683265607
4.747667728487714,0.7353354296623785,0.09659386976627699,10.462166869088442
12.152722831096026,0.13727839299773256,0.48949513533709665,17.829157956714656
17.362355731408233,0.049221523050035465,0.4678128563865811,24.235505441909726
12.081981500335152,0.5227739070253987,0.43050450333382895,19.59261873891363
30.5748458793307,0.47562907249740505,0.38739808277884924,49.03040503484424
9.961580555750125,0.7616244046861866,0.531088483350613,20.814985283511856
3.57403476233534,0.7251747368439007,0.6814485243646049,10.982846358374484
16.66923243338907,0.5995443121764569,0.12962931067907277,29.229910041307495
30.98049566791166,0.01532579030260175,0.6513050578972743,46.23312066924241
34.052365354752304,0.3843095747252481,0.04918051547524156,44.884531973612866
29.387124964861357,0.7168815492296311,0.3856995598741647,51.3580258946343
22.40388980428981,0.3469208704915818,0.4091724167126876,32.63666781240421
29.02282972961723,0.7697165756903958,0.15806866529133004,50.72340688834244
27.31930350509368,0.521990384515186,0.07173848428523,41.018249055800034
9.52779197330342,0.0875657020342353,0.059928780369578494,12.669369236825407
22.12020390968711,0.4074176601493468,0.02978718803463041,27.63443095522224
30.870251439009593,0.5564937085161181,0.458874419295186,51.391255370051695
12.821402342630499,0.05229517779169655,0.1243796884436847,15.362767967497653
26.228131239333866,0.27571962565661395,0.646963799543953,37.714511112541594
19.36292101524818,0.573664850443189,0.7191621768267138,37.22606341078517
20.225722267611793,0.1256570898456273,0.23392652816009304,28.162666383673628
3.784190503729957,0.2786719186164181,0.1315731439829669,6.08960489062501
26.715443179154114,0.5519282579737872,0.32768950049606627,40.5817688795117
34.6543440071099,0.6204327214912911,0.7052561610276475,62.31277375460902
5.828965263429339,0.41480943506033646,0.3198553466729858,8.713154048741389
14.771005356214683,0.7654860221600077,0.08666903681089835,25.061340233214334
2.1369647026652334,0.7402646870391972,0.7877344742100048,7.386771775632697
1.3793490618603659,0.3787496431262281,0.3997403769754173,1.9454629438766238
39.588408167535405,0.1282195280890579,0.27389717695272936,53.01199166860591
19.840166030594105,0.6183452511071668,0.714896631875364,35.24476147423887
14.349656941682804,0.19451166031451522,0.7419227950981544,20.613938408228265
11.140107649675752,0.674257047999284,0.39744357320692486,20.855587827383033
39.204503268809376,0.46971547292407867,0.2453731150347263,63.16287821936249
10.239581263763009,0.31527440511819727,0.38610705564972536,11.246129948167454
29.08319415036218,0.4451066868660354,0.1754255609361497,42.26899470873828
11.493572213076163,0.4262470147663418,0.3825904783511451,26.297044009738585
3.0054823132053805,0.7397862767199341,0.1835448845408837,5.595456184261833
27.39440925781406,0.17149043980925027,0.49776220886280875,36.345744825968225
0.26490773566862197,0.7425267620413412,0.607911344855744,2.3451097991516705
27.094790760110662,0.025072833167884404,0.7755422306204439,35.824639021848455
10.16498863979496,0.6153626252264613,0.674056375443507,17.270955463271086
29.894948436445745,0.7357345045692522,0.06890787584524292,47.11356127491001
30.836056660555844,0.3152417527892237,0.1692183039533271,41.01811386776
29.019468104938007,0.058453749596213814,0.42535348630296443,37.85228867926373
1.1744409704108933,0.6437340251949681,0.2060727953511992,2.908698710745883
28.20871746182198,0.6742918845533881,0.011492165666640464,44.363548399039054
39.60779543941938,0.2690059103907628,0.6038327599288165,55.37353997005916
9.856489667319789,0.4148746285487249,0.28621760607005664,16.317793426537328
11.114695174568473,0.6475752544081197,0.052880025935889474,16.58960664539929
32.57835667330547,0.15363438180009564,0.4070691332181091,43.358704296025024
6.583792841232006,0.503180605113016,0.7817669705187124,10.637512835825513
26.491230285081148,0.3445045276126553,0.5428309011382088,39.95380386301218
30.250049824523018,0.13953260180341084,0.12701289059414292,38.18344557256462
1.6789943404104155,0.6651521658007677,0.41143646874375783,4.835935796718244
22.239731351756,0.2597446657599414,0.7213779639147885,33.532530128817555
23.119914889728136,0.747540892524013,0.04339493356167071,30.933549884206936
12.277027316193408,0.4551470958558416,0.5103145606119494,20.260315366400466
35.078517842021185,0.41160798510779073,0.5770183918247181,59.10470917542461
6.677438828134283,0.33864475537548727,0.5632093594516073,8.275005641874962
14.694949438333246,0.32053671188504435,0.12013633483766784,20.766832276451304
33.97701374846371,0.6543730198696832,0.7258228253722092,62.217884993825415
7.787581712918501,0.5420006795889009,0.25781706617045813,13.016972041572739
32.890690625841465,0.618952104898738,0.04139361871280407,49.00714596598832
3.3469532592446374,0.3368673276889669,0.06657674758603892,6.6842682521560635
19.6713168741616,0.20914977976218838,0.36606190543975886,28.98558307510326
3.1981603653389956,0.06949217482254558,0.031985601663237696,3.1666763734136074
27.180562685448265,0.6213247919872358,0.6236420142146109,48.81113996906669
31.665939264412888,0.33222114441416334,0.6926588047762544,49.206129297069566
34.02437022022276,0.40737887367734643,0.01069854001704389,40.54048863707522
39.25423757961075,0.3754745881576363,0.648010802661795,62.36623447465439
26.946225747523552,0.3449102850953922,0.7849651752795183,44.88113234280448
30.808664170832806,0.5471196616542798,0.024294528884599577,43.81462138858071
20.329179477188905,0.4869872926068869,0.5799737956956932,30.59425170709691
36.526928667008825,0.7776430389154445,0.7992752630381097,79.13168265985978
25.821583611538607,0.11112312611938534,0.6376948690351635,36.26672633117876
35.36534596880347,0.45881545058617346,0.4042856024281101,55.014028994275606
9.570990277152456,0.05059213072185118,0.7078583776584998,14.958992627644564
19.970163672578956,0.64633473496656,0.5663459399220286,36.156322997131475
29.246793058339396,0.4930490666008745,0.23396132036831707,43.57010398135787
8.268325831594792,0.34270305279403035,0.17945582566181584,10.798277511855336
8.611323771826735,0.6417885237151569,0.41003551416369644,18.936987706122743
39.12610106814437,0.3640020867932626,0.2983924192172883,52.79367978235298
17.4974923573408,0.18222887625075776,0.26357439264640137,21.78303289691448
7.436255026366112,0.37800060888826953,0.1423398533815079,12.277812513504076
13.392262502863938,0.05666543730987135,0.6762288025373584,20.972700196576124
16.015570700983837,0.71828888771151,0.5640116005159014,30.949302792684403
24.9987932473148,0.5847666997875689,0.2650571757269948,38.02900808393203
36.93598343010055,0.6082526289720223,0.19013366526814945,56.027607579346885
39.46628502169922,0.6995946432147538,0.1025103304069087,61.97949628501801
26.137610604662274,0.633258071052067,0.09001036373788232,41.89042771238209
28.056909959749444,0.34548207220275184,0.5003825481736719,42.286737660731994
13.008800953924242,0.09490912122035972,0.0870537424535403,16.548516230815466
34.31491209886021,0.2986918239847622,0.7681700991815739,52.956490432085296
8.868373741768531,0.7472677715037779,0.22330808128965343,17.335764282476376
4.433949842576509,0.7592723929851037,0.0206438884654653,7.961206030761648
38.935588405886506,0.6142966924190365,0.6842637790745479,72.13017396639236
34.59271933745718,0.16354446645711002,0.2940699166802402,45.001935981980864
12.285076354617706,0.1555598867713285,0.27437270637996775,18.090588599066287
27.071794511965756,0.7038172087045763,0.09489648945310664,42.237943680579626
18.78733062504534,0.11353273840889982,0.5283376465751267,27.125086415784942
13.06050260458974,0.4673099818659914,0.2870346972715468,20.978448789149784
11.613613588259733,0.30260134582325426,0.6583956236533783,18.41468143709164
5.613892319792078,0.24160880636894122,0.5044946429041034,10.522491454471854
22.062859674578398,0.5419056205415844,0.703929882075173,41.28864272562142
17.97454826667681,0.7676552613215503,0.49804892639046106,34.033318983326446
20.58501952793778,0.622106990592239,0.623422583775799,39.84737960811528
8.771215265680297,0.38893007448124317,0.5572314279237801,13.486059819014283
37.556704696775256,0.35256920656177315,0.370073939712533,51.04869440604142
25.61592961395555,0.7261313506579095,0.550939193568441,47.773357610703286
36.004106163856804,0.4624856787790032,0.5308936140466747,58.70739077721927
4.548992408103667,0.3973112184529562,0.005362895940899559,6.463490295033789
24.989468441075754,0.5462686956251385,0.5589103509822814,39.140513809202744
34.008580382037614,0.18972305370362116,0.2097276014582767,45.20981623291026
13.370647036615772,0.05098839005990374,0.4334582576000247,19.845392348977455
7.966698131612258,0.6840891523882753,0.08906591072868393,14.0980270712171
10.747847971063662,0.4858093605595655,0.018418001257872074,14.67453435180342
11.062762324641998,0.13190168098005506,0.012095767020456184,13.037988388311632
17.9985188039567,0.23843834120059776,0.12655560989834874,22.678392454529586
13.173351390617395,0.7919468100716247,0.015914005288121303,25.07229167395915
10.996708093778052,0.5075389059709242,0.10591793668081478,17.383630551729013
26.010789476524486,0.508889712773698,0.4473388842871795,39.637162318070395
2.3106883925410013,0.057730930566977624,0.3202182652583968,8.396336067689166
13.74647836996125,0.7751933873951455,0.7845984980725227,32.63240700716141
27.652128244430894,0.7142263116469766,0.6469554881737618,54.61467417390528
7.198820021384036,0.4382259538105764,0.11742060359090437,12.027042666028358
8.992928916073911,0.24751113316069884,0.3334315147688444,10.96678032233152
8.186531691434114,0.5584441827088734,0.3447766372506566,14.88565905327663
0.23685904790991577,0.6666995155774953,0.2896934231610286,1.9359796875639053
19.055956522896594,0.6288971278586029,0.39647182454042895,35.007384221012295
1.7505598187617026,0.7816378976383032,0.5358996363563722,4.686005832592822
11.063004508641024,0.5094843189335541,0.5127117725277223,24.603605089783663
39.79317629876047,0.25698034524709223,0.2856793313068427,54.6592451620276
36.752169213333936,0.39834209045482694,0.5640364985188181,57.72338096537897
8.7600171646221,0.6530537343604932,0.23158831893074608,15.316161697978194
12.53809679017452,0.21227406977230193,0.6683742753811042,16.573807944055407
18.65544237428835,0.18512660395519315,0.7714976346112206,25.712658980993737
33.80765915703789,0.5798676642611766,0.23578932355911617,55.562202324389155
32.14530846744503,0.3555419412123286,0.627750842216345,50.28185586850352
5.22440917533803,0.6532563161517781,0.6507406430861818,5.014351567532425
5.153064164264414,0.11494686892719114,0.3926106996279032,7.629988579967712
16.785943704982976,0.2685571705195254,0.07019784932243534,21.9085199130665
34.82979650662813,0.21447992527208096,0.6289455120794273,44.98444401336845
35.306982964000994,0.5582945184530188,0.32598259058601586,55.126643082713485
4.473160817523901,0.6074633706613196,0.16645702040140167,6.758259369826702
23.05703206102895,0.36480215670924504,0.5013201860486236,37.1476963415387
6.395872845579493,0.3824235011191485,0.34955048454461135,9.827041612455366
27.50794653811075,0.10562550623130358,0.07005795894414568,32.65572060811115
36.674043267570475,0.561462475050442,0.7869397032533656,67.1644583891629
18.299817840528625,0.793854106879398,0.19572949619531627,33.12000780884293
3.5066944327436493,0.6223374726654476,0.40877204438371645,6.030872435294852
23.25431699660291,0.17848985855010246,0.533830609384819,30.25047083993461
16.458963471407014,0.4984981916753885,0.09207149151895325,23.698077138118926
32.47377034289162,0.23596544853140236,0.591528075088607,49.2499572532265
13.74570966427023,0.02414124233302637,0.5186310638713004,18.340818966973647
35.02090857880905,0.14385828452466684,0.3950023178454414,52.72670084573236
11.093276223864436,0.0820748578110731,0.4226639933349448,16.417890733020666
6.4692019083697,0.15674604285455535,0.763836021952262,9.695694827338588
12.397919017279479,0.6364835371592028,0.7287182698151713,24.402817545950683
1.589648514545311,0.2342657072243454,0.08958665909702984,4.795472077022333
11.393589481594802,0.6056319607560896,0.2950016424535204,19.232854756773392
26.472681828504818,0.7590900438742167,0.4134171454156949,46.36519041076925
5.862862546552375,0.45941849205421975,0.7359806767214252,11.752171547146808
4.6323259169062005,0.3883271536080437,0.6532506635632367,6.36948817094095
5.468934591923145,0.6001017404722111,0.3091861623955313,8.874065882401878
3.2865566356063614,0.07767211191447201,0.7089683244085164,5.0006869956633615
35.010489391349,0.34256966998790817,0.3025262365056987,48.090629130477524
37.775781596761824,0.39905967594564856,0.2169543486434476,54.89309145274445
2.0531338388056937,0.6648410483187022,0.4879141012460796,3.9920686384963355
30.4508569054329,0.6513741281850396,0.2847214038518427,46.78824762293819
29.538639519344468,0.678612287879985,0.4979260479380685,55.32969644296644
39.87699509947961,0.5582983422941615,0.32774726003617954,64.39736661062
14.045252336498512,0.4244446457478701,0.6366153117015056,25.1975368555478
11.563257869278564,0.6623034570747057,0.7634487786991306,20.899370144961512
18.23266840823112,0.6986259322042158,0.21624734309714314,33.9411262219244
34.29169205053778,0.384387674127051,0.4080080673954252,46.67363185145627
29.19802697300837,0.7885295263110174,0.579545948242071,57.76068963236014
18.97062779590661,0.6998544999833429,0.12681527616571975,30.691451131240687
9.933601162777752,0.4083757323371264,0.6367249184618947,18.043508299892906
29.135226502481167,0.055430076277685106,0.4663775693163419,36.292674048118094
34.210169348079404,0.17959364069751704,0.11979241912966519,47.70857042115216
16.118058996486134,0.621118863501028,0.69458366944327,27.009154953034336
26.80970074367517,0.0889234055989478,0.3413610076206475,35.47468493081511
16.128438442828607,0.3758400530554106,0.14129547673971904,24.53201108605731
19.244038838031095,0.48388175368378206,0.15631709147092032,28.111731774113192
21.09143312220556,0.7026774626964123,0.62840511981306,41.31818852616574
31.073887398086658,0.6776910903147839,0.7485729284679827,64.34233394219574
39.10473816833146,0.6114223368477862,0.3025999378033195,65.68659260614179
17.885773273001647,0.3261553940889592,0.06306246024578624,24.34212575303229
13.824137248654713,0.11379940347383766,0.08065846356308591,15.37254784223881
15.068922057601172,0.5357194476462783,0.5235828073550808,25.187611994781797
5.528784961132229,0.14503089799077815,0.2966013684717405,7.004156104467059
12.018161765145363,0.44905158672689266,0.34090519787663487,18.59858225931431
3.640607048098488,0.7845425459706755,0.26963790251875114,4.178261808085002
17.230191674534037,0.4402478206458197,0.3724308527916625,20.442079522409955
6.860819318579745,0.516445493808358,0.5148395623040518,13.308899412131968
13.986988489781464,0.5420603775329391,0.43291133112382874,22.80494863318934
31.784394425785926,0.664310686140404,0.13139313932118207,50.32148091587458
9.987920493447612,0.34798454248563904,0.3930309215550432,16.095338872539024
24.553405929414343,0.3980079208419982,0.36849044728507324,37.64953149933064
36.06702048609479,0.14077761113967197,0.4365897984429128,44.564898102931764
22.763781643775964,0.49174391019000163,0.0885360248323071,31.85360921066651
7.912945988342024,0.23660640505951136,0.12282169843418816,13.58185208224836
13.92169451984498,0.40609979911095967,0.42419534248635754,21.057168803051052
23.696694445925825,0.6132457548079183,0.2203480340397067,36.97578089051299
20.363123362442167,0.014055923745589283,0.5032253509690776,29.434016325389337
6.11506948382077,0.45113242126749853,0.2982011061433282,10.810223408800534
17.982494518684643,0.1387560138485518,0.17658779813234862,25.332711944168818
21.814054457427883,0.22350667182708295,0.5251158306618627,32.04467128666166
10.839842035411381,0.027770624069598338,0.3151261357140116,12.955838571646398
24.575331510526105,0.13557020814872178,0.1260899764077797,32.66642668079522
2.992371959511352,0.7893035146297215,0.6470471834162321,6.038618117414464
13.596959935907567,0.7988182089594495,0.34540696955249156,27.89307870622804
32.210217944547466,0.575878335911718,0.7320562717781148,60.96914862136772
10.519535076144585,0.4894854838169549,0.15472074281232198,18.33346148222555
24.28603863012251,0.6216055624794121,0.7010801876851787,48.823644186058246
16.519182605670412,0.7172434177481294,0.6527279765592553,32.438825897367096
12.79511366812682,0.41544404765232656,0.08313265927058469,22.413213096010097
36.66204117881907,0.028227199534160974,0.42534505252025395,45.87889829497415
13.861816379599263,0.5675166564640421,0.5229462881171575,23.96924603702869
9.619700879183329,0.787682001657938,0.396385755781804,19.211172702220818
36.390192362482765,0.20644236477756905,0.3122104673487486,53.27067479346896
29.88858536624543,0.37077245236888,0.755073701890963,52.737626714269354
27.33562860518825,0.28901952084102495,0.5606566877937756,41.02467814405094
2.171490694261657,0.3123739953838907,0.7726959020515928,5.522395000227775
5.421957436487877,0.5771199951002856,0.6769842486825532,9.522474021020361
25.60593055962458,0.3027235118048401,0.6537051185729247,44.11346203630356
8.535426893745155,0.7528673003669814,0.5805058322400077,17.747463820528186
9.18039182808829,0.6317267630108483,0.5168633937162135,24.2399172239119
31.2097129106757,0.022117620070156097,0.7094896728898895,38.875131125586165
11.579812963710316,0.6548391056269799,0.49072781813045063,20.924507453873126
3.049174625646257,0.6182859379509269,0.0602307207401533,6.249229384588578
1.6499915029324717,0.41319498270498684,0.4660508151946412,4.012032199834061
17.83848389236245,0.3974539173971309,0.08226812126941976,26.984424293726274
24.761717391848908,0.6684215227735627,0.7594408560979413,49.298142286426646
34.781632288993755,0.33982823133042794,0.517335180881029,55.68607160820764
4.610014922299043,0.12756987463463876,0.44451702673068544,6.592542050771796
8.027578486274193,0.2503190662792261,0.15825690618647023,12.79590293014328
21.286064314117347,0.2121619226859915,0.41261363989982436,28.62672752937944
14.691512817230606,0.5448472237211602,0.27402480306347377,27.74681772056023
19.404990559570685,0.1430986800326762,0.5403089344069127,24.37894000151713
36.980161029571775,0.5158179491462457,0.4835278379674858,58.280819765876274
21.886687823814547,0.3727735578110095,0.39944567200564696,34.57506199683849
16.72180030236062,0.6717287435294255,0.2021928011554807,28.152028158301224
39.57970828664984,0.38799899457397435,0.42059450432089723,58.42111520930109
2.7955836620015453,0.7438431476555064,0.3693575085961798,6.796758091062637
37.298115245172646,0.7203753023084702,0.6810127019698605,69.6354409474354
20.16614131420622,0.14823006328321828,0.715469873090228,34.70347584893504
20.249502243132095,0.5489330818815069,0.6073993232867275,33.96150204669509
36.89418050128773,0.1716997992966202,0.25571196528984874,55.51143650519013
20.391494387804165,0.6586434449843662,0.030471608334522938,29.695276677300058
17.64860220309992,0.5085785236292554,0.740268767395103,33.60490282907739
11.045045966264519,0.23529415542532092,0.7936098013269355,18.723024592100057
26.42090731933335,0.19929890270680517,0.10161660985800643,31.225189285607726
22.871874620994507,0.343662124036344,0.548492819026562,36.412065360195484
8.730948390521766,0.6405783771689049,0.3401172283917763,16.77536217188814
28.434634019440722,0.6369292872315614,0.11881632387126358,39.80159042386147
25.83465692199829,0.026700980443948377,0.7984810487724536,38.102753697362765
16.013888591420322,0.2418297723767201,0.7465830835694194,22.495772547124126
0.37515669176131267,0.3382807707757741,0.786087101026171,3.7139410239537147
17.97392977701227,0.4684656107553946,0.11511700349611607,26.26737493999495
0.44111306178401877,0.11962160705175924,0.3935396202583957,1.0
3.184939874101786,0.2682264164231398,0.7166193306570913,4.426215654525964
17.338274118737196,0.708477616454367,0.5401267566232326,32.17310342461895
3.4604113905760423,0.3812380107309197,0.347681442633267,5.946458663349404
11.171484264729214,0.5953145808347515,0.41335539270366217,20.212770355842366
26.288556468646938,0.38782280519707196,0.03088128376084498,36.69000118398615
12.482890635854876,0.3719860611203709,0.48921374145143376,18.989903530000028
39.90641404603611,0.49754042006680327,0.6877724133602097,77.24932285917427
36.66882094981625,0.20749160975169403,0.0022349012330255213,51.28231725576441
23.49533420250384,0.19984167944499998,0.12797174211817924,27.90187400700373
38.68449611767023,0.7914830839132873,0.41439209760425727,75.09782491793607
34.74708831841438,0.6951936074553778,0.4487714608166926,57.852795245211766
12.892161049851381,0.5902039171597157,0.2746818761331408,18.030390369002255
30.03393059021531,0.10971563124442661,0.022347583995632636,34.55868469101488
5.645905003357105,0.024179768947813332,0.5948800764398711,6.843359301730345
27.44514669027389,0.1403300033576744,0.19434009459611437,37.577225728550346
19.745056694484298,0.750184771606016,0.5156618415206411,37.88278097990534
0.8696723822624237,0.6530318161991904,0.44731739286211786,1.0
11.114346931136755,0.4184608099908611,0.3446704659679403,15.600051957343263
38.22421225268909,0.7750244730947018,0.47223160262269204,70.15190710700152
12.77009310652153,0.11726568232184081,0.5560309951765295,17.305488474207603
7.421887320997338,0.4473203520048295,0.4577954543567696,13.611129739079447
7.663751573573891,0.14657770111896787,0.4460203456821458,8.212398231847324
19.27268793274957,0.24514288384344474,0.3488621974856694,30.28448288581663
33.73743977868729,0.7521080151705806,0.3440276179776922,61.0486020953168
30.368470252307187,0.6946228132389468,0.39277278802353105,56.53027043563176
17.586709900003417,0.08143902850446888,0.3616623297248318,24.135175598577238
8.50732996079103,0.1996350444487508,0.3512196674456114,9.793158826236889
2.033383024067206,0.4756059756656405,0.16829605696833083,4.34668455747296
18.612686715412693,0.04908222987265951,0.5798703368444553,23.986412323397985
32.62805887102403,0.4400677178811499,0.10636197512760354,45.47999671945313
29.241343345053686,0.4675931486352085,0.7269683381346584,46.8985708341299
16.46231055156456,0.23277374506436763,0.4998769686177269,24.030813744292583
23.86916634232049,0.2344983841000987,0.03912054329861983,27.8571550715629
17.56261153365946,0.18326341501605664,0.5271989597986033,26.586007715942547
23.244841169649074,0.7485410961568343,0.28921140920465377,40.80056820664334
20.796708726863255,0.311096912559262,0.7438118755045163,35.04566728324777
27.302470684981323,0.46821525049111234,0.7488603891917665,46.6814721380027
20.406811972618332,0.24125965940281163,0.6767427054822772,31.65999430588954
37.63631772706883,0.5621312035319235,0.4542791215791617,63.07919668448905
17.23552162695111,0.08115301684691403,0.7353421530441691,23.148500507894163
0.8334688609804946,0.05731323447573118,0.519846551258287,4.924550917620986
9.607666709277582,0.595427008465509,0.7001032443768884,19.38989263577181
20.124152952644906,0.58133436665228,0.1280425594169139,24.494993528265933
21.714759705168746,0.2120010689125298,0.723344250744963,32.32599708005781
22.184914614619725,0.28403737017975067,0.529272555652374,31.61326621005381
28.639173511149266,0.7658084010662578,0.24261913851097844,48.0338324820307
11.13099607617761,0.08346423599625147,0.7982508217447202,18.668902967353628
26.66316642585079,0.14651765323733681,0.5495071738835785,35.734685708644044
28.220484470144665,0.3440306919785866,0.7267328464165831,47.668260571659076
16.568973954308884,0.2256791248444201,0.004468416781613982,23.439836396599357
16.206330146023614,0.5192068389057657,0.44187072763934865,26.0094930082714
7.3212064691267,0.5524813783573476,0.5700260988581624,12.210206106384593
16.676697574963875,0.42111046711207617,0.010989511294969124,24.492505797569684
31.51528840993909,0.4889578411222159,0.6100473800982797,54.7706311648381
36.37712562088538,0.3467366656162759,0.5211585545341175,54.733904620613345
23.82580501445502,0.6083098029801328,0.21980772287415712,38.235049600713886
12.11493966550109,0.03367879827701579,0.5511559570781989,18.36631982595091
27.355130802657307,0.2503130693247047,0.10472083119755507,31.12156934064002
29.657819106100952,0.5475440331159153,0.6592297590150453,51.450795100097736
13.42206859547036,0.263716086300306,0.6929800938068033,19.0378558773253
33.09660488728396,0.06282822435435956,0.3883815442227978,41.900679652849306
3.133094119105935,0.27601074277342025,0.4059537343586572,6.946738423191942
0.6279979604810159,0.5691958174309306,0.32164348869308124,2.088317169579032
5.094236750755693,0.09758789220265421,0.2762671881630399,9.114580034290597
6.409132243534887,0.5797050913693237,0.6983186230827582,12.667755638523092
35.18137551131931,0.6203645730860605,0.2438985406300317,61.610299880337074
17.114271748406974,0.5082405955381591,0.32228000948351343,23.329945868697628
11.14228134042119,0.1953872388465154,0.23993303715560987,15.394339423748045
17.277189616275408,0.6442362857560492,0.5253702086341812,31.338776154637355
15.914667529485163,0.1715540014227723,0.6513746648892661,23.968315265906295
12.198174385923075,0.7246567617370805,0.13146866155531303,22.17622908375406
5.6884033799962195,0.5653165593136656,0.20379401271618544,10.363740430763343
26.305435386560447,0.043775941317647775,0.08328616682299535,28.043256589810635
5.636855230630283,0.6394296949293304,0.1281471656215137,14.180569869892222
31.061893216372436,0.4051468322879259,0.3255052995645722,47.510281096054435
8.227182928562053,0.36211911705044114,0.6207010317673112,14.25557223783828
29.308578023905802,0.33640895415878946,0.4332943479751319,35.98545080191938
32.262327006679584,0.4853040531527335,0.04262102230973071,39.74836393764449
5.187975189023139,0.579662800626369,0.5000693997471827,9.558281574728303
3.6524815778625617,0.7167812925796486,0.636243335110656,7.507329618209868
37.99299627201566,0.21835585035778024,0.3147742412612504,44.396276645372396
18.62926290875271,0.5046210183283389,0.1960100810977332,28.62578138191494
25.283372699924936,0.549074089174504,0.6111501825576702,47.44038830817888
1.1257655168463567,0.5398377118295141,0.01912499116874038,3.556769485739168
11.292665186142326,0.39440051822637595,0.652472819532587,16.838796424101254
20.31482665146357,0.31281803856296087,0.64340766523536,27.00264858649355
35.47148887289828,0.6099030536536734,0.7103887445553662,70.05741818253307
11.003288819062174,0.2400078432326411,0.0715839524988997,14.903207719169755
31.052614530377035,0.1664425299185945,0.08620678552369992,38.802333890258346
26.55607454469633,0.4366633550080991,0.6982022591417149,43.467927412574134
4.787776558668649,0.21408868612974158,0.3802102137297591,6.713905604145264
11.87633187712146,0.026586530211631224,0.313870805928692,22.878032017434734
9.666988650257064,0.04126059470584434,0.45863485210429267,14.544364309088316
17.812597985416758,0.5560084211094998,0.046866456125152035,24.030017636468347
25.48630287329385,0.7785166767936585,0.5149729359168647,47.93708266516305
17.450106269238564,0.36375070690086003,0.7560665228715184,26.591409955321183
9.932555714921877,0.11764890046778734,0.5405759153336415,12.925376439755098
27.89597497548536,0.6544665684234825,0.37162808984734685,46.49722750141854
23.461949569517294,0.20914871757897588,0.768704790889191,33.142717173429304
20.86869351514454,0.7965011692831045,0.5508131311227308,37.18146134739869
22.265899978349935,0.4506113326616481,0.04556834856805319,31.42679116897855
9.031645722494176,0.18610603884808052,0.5360372254505053,13.460172328654615
27.281156231479756,0.39680381561947514,0.04775669020235407,32.23522904449777
15.622521314442976,0.2683050174637189,0.2457839062319744,18.16669577473611
14.666019225254779,0.6235775877015582,0.4925467843221739,27.53644556902456
6.1594214890174666,0.08465270864644464,0.17249281294949076,7.8547456617121805
23.954125915107763,0.6856021736260387,0.03055134767543928,40.5556004014223
24.18604353975096,0.6138695154113077,0.49436295102390954,41.17158012211662
13.743965617927827,0.6890910431211901,0.22868582630640885,24.56737132539264
34.422032263248255,0.7159949968333319,0.4263713794713586,64.76203393662787
33.84922436887405,0.183822258354465,0.20891646312369688,47.65243425313478
4.5403613980007655,0.41680464578289667,0.5491430775430498,9.216745534092556
27.862527834834744,0.6799377761331019,0.7165611129277633,51.560083696070336
15.874623296163884,0.30191037769288925,0.06925184223651355,25.20280787083566
39.988651072303135,0.048326061436505974,0.6290549483638069,53.77125849888856
9.155940461449164,0.23330748523081324,0.12487604409627924,11.58897258617061
11.364863375496677,0.19353624917984869,0.2635278297434489,13.8001820593004
17.795830523317953,0.6960500949512837,0.28589223665996544,30.401361076792774
10.894862917490393,0.3710770795273186,0.16504799121460875,14.8264674914729
27.741335982183262,0.5468353899570506,0.06018747269042999,37.04358909330283
19.340142864822923,0.7696953197532683,0.6147891842102503,40.31071367927556
8.990977627011699,0.239350281908163,0.6349020314186204,15.30869405146571
20.35368796556519,0.6089596460219167,0.797466632302419,41.8500134820485
35.57375310132853,0.01821129721497714,0.7476833991962617,48.41769986622009
31.7373467446321,0.08329294024922254,0.34771393870785794,36.654958932361154
20.053391192187476,0.12949207200262247,0.10671041163341864,27.931187856466714
11.682005605049516,0.24993466949800675,0.008560006415620158,12.401848525450886
7.359481295160605,0.3223897721035027,0.4252140307977202,11.122600900631493
35.15963851203844,0.38161271258580354,0.6884531286662784,56.18029431796036
28.464644231848112,0.196265077026718,0.21432299166441632,35.471559373081874
22.972099465268844,0.05297225568810875,0.15915309439045533,27.351566313817436
35.201498908956005,0.5420184734721947,0.35116269741665784,58.4248038758442
5.043273437488762,0.01892908282741157,0.7148262407617875,11.498893653606903
27.363073582882315,0.64757650788698,0.36133906541635574,44.90327276975196
8.825150034046631,0.7433238601209612,0.5781703247981715,18.525814577548275
4.998982152436282,0.5682951309277076,0.37002096813975466,10.860626117366218
18.73121869827594,0.47676841381986557,0.2983671051543554,25.129968583963375
15.618238604621276,0.5256148234629062,0.352729643596914,23.52206178780127
37.65870965114238,0.5217776372940754,0.6147204261387036,65.00132513272362
13.09438596072229,0.7453641088532005,0.6035248447024077,27.200124328148398
32.633109910269695,0.7714446969551739,0.3454065428923203,58.715326504543384
30.00331461864012,0.3413693135265774,0.21409394034293242,40.080414724383296
26.783370028329742,0.49366334091873454,0.1113016312669962,36.60227723603625
36.83193882381037,0.6422456429873379,0.0010957555001853692,57.80379178879704
16.435398856377414,0.0008305257377100085,0.09060606645863177,16.025845192454582
15.708913202118051,0.42161273346217254,0.1317242121535184,23.463708205288437
6.605707458544073,0.5223010718541582,0.551950232784871,12.48997621605212
11.17533060470375,0.5737643597900653,0.6543327015430047,21.065534689040135
35.215102951222654,0.29503152751702494,0.5895565329849671,54.602398074116074
19.080408889872444,0.23651553648927381,0.5785862137618842,28.85768629114626
13.785862223190275,0.14571405325432682,0.7954564917792952,24.273045282821126
8.80125979227041,0.44625243924214764,0.7700781914567925,14.25492071309192
19.501417959695875,0.7354427458016972,0.2150777561033893,31.836230715976715
28.723281744488244,0.7167825205792386,0.11608059963868539,48.43467955697823
11.6103426131916,0.2879727417261539,0.12263859034855057,17.976811608586498
30.357117528343633,0.20628411195056212,0.7164853365690262,46.95968611437902
25.26555343405175,0.6310350581366216,0.08187747836462736,37.547785099485665
31.544989989080225,0.5799840145953506,0.27211533510513636,54.106737213440894
10.186203229221508,0.40427186490999384,0.424277222736858,17.868722154969625
25.314920160375202,0.31122420763108605,0.49076040294655005,38.005316091661925
6.318664123655908,0.09903832299613997,0.4765861102518998,9.314216469505386
14.67911989015254,0.6281108712737893,0.6291261777119399,27.740230096511365
29.02953177474349,0.49397155486535793,0.4573546108342136,52.30850328481999
25.340401746081444,0.3015053437904134,0.6808372314651419,44.35077136199695
7.676856868433374,0.7350303808534396,0.06770417925774784,18.416792119025807
34.362038349282656,0.5277381651294898,0.6871723628481152,59.40968721836845
2.323369097338239,0.743391093474997,0.47200252862160286,4.570248756873676
23.889584402962647,0.37952996827171515,0.1783460526802804,31.489848491671765
39.35605590921793,0.36369425925114396,0.7821945509582933,62.42713714082614
21.35388832734139,0.7497914322512638,0.7517874189830639,46.87209107189366
32.066738434384945,0.7678331425948266,0.6765806573389692,57.43494964811417
23.888202732926263,0.768613855103109,0.7292769084907771,53.8128180429204
31.366914933935103,0.6551179151259543,0.3057133768362452,50.939994342676506
26.29264658714043,0.3699249158594709,0.18224389795967158,31.63047711120921
27.70705417859364,0.16823943541524705,0.14632308932738552,30.521393923835518
9.266883813238085,0.30675270502226265,0.6990079748087339,14.095433333345058
29.72447236020212,0.750637993214231,0.6613050791208694,65.70554965324958
9.668813489240364,0.29084343606423996,0.78475070666795,17.283623893872125
39.229482950675006,0.6053739414588301,0.6786016811632777,62.3105850516687
9.265930200255946,0.7384034808728863,0.5058927311411922,18.585980139744844
9.62002334318672,0.7763137303051437,0.11382540069724004,19.40652179683829
34.375190195257794,0.758139317500285,0.1318780306833843,57.35078316868095
9.8708373061202,0.44404607817782077,0.3789596214371006,16.87911035883818
14.56393118095306,0.3935040597206963,0.6142364249154926,22.50966198631329
28.64267841492527,0.790112407014389,0.13862031214220175,56.75698333258955
6.5181934917515765,0.17454336366424547,0.7324140063430821,8.25062927896082
6.531055842134589,0.1500242093478101,0.5470325843894848,11.106589504315727
19.557065246011433,0.7705458381966681,0.24984727235713564,33.268026088558365
9.899130818462528,0.5513558574593357,0.7086076737284402,19.311263387697768
9.579186631647534,0.4290432078385263,0.4789042945447526,15.38201396372102
0.5677090724568046,0.10563983427304456,0.5865267856201012,2.0519675363945713
14.943893729678328,0.41059219921306345,0.30835376500444617,21.167824479850353
12.866372073812448,0.755376922817244,0.31484043145066204,25.0210282045041
1.440001270901482,0.48231305867893737,0.01009405638517631,3.7384043322999148
24.925080492903806,0.3237028979516279,0.4303216182040075,36.34703506881092
25.140876243733487,0.4408824011721027,0.6086374446670935,45.46228113302738
3.017858776591624,0.7089160696142276,0.7750596108692831,7.256232251344221
12.818254203796231,0.7302789289082621,0.71378146936659,27.03103764601882
34.93766017341683,0.32007053252231626,0.06959287308220397,42.01163856472898
23.37024931613422,0.48644880194745765,0.7844160962854468,42.00133415158168
16.596594015677116,0.22336209014626462,0.11958455120068044,19.56090061277059
18.711056752871016,0.3608682369267812,0.03289143871366642,27.68184474429001
8.489543778545043,0.17590610942651433,0.5991438683745803,13.916295647589079
32.51288372817553,0.42517780949246015,0.7247091602633211,58.075966881334885
36.57738727694851,0.4625921079717296,0.7598263248201518,69.75551266410591
36.44442888155174,0.27026938890461855,0.6599808862129697,55.69323382031658
9.112588789353525,0.21769464051091855,0.16392497256910438,11.296167051995244
12.567462657502984,0.12082048530516154,0.12320233159552885,15.677594369930638
6.592786437419564,0.11163493296492782,0.04717478205716228,8.329537602490571
12.426605118566062,0.5691688925712941,0.4655752639152986,21.707916432538482
13.44565381047949,0.17731040285816269,0.38977694093043286,16.058109814550445
25.39760833517249,0.0943816168852484,0.08742688674909722,27.167795490458506
7.74792598561536,0.799097351811431,0.37186169493725035,19.17679838841991
36.79199758983619,0.2079332015112456,0.4538588724275897,48.43136308837221
4.303358909395336,0.7168386523425058,0.5783637148083988,8.090710846604566
0.47374483916645554,0.48734876300153396,0.3313580560267366,1.740709885915507
34.22681611949522,0.572056133445452,0.25468195766275176,50.87246333209326
28.210038349088776,0.4487351291997083,0.5325433585233038,43.99200816559656
14.343322840168737,0.14464895604797512,0.5473789144364363,22.75647271488337
23.900888295222696,0.6776412571620821,0.21634284533585496,38.78372037622523
9.097055213401488,0.6623782131894274,0.01585846578970136,15.607157731296176
6.901908016085963,0.279748372280214,0.7565524557940155,19.558567417018523
18.951735578521166,0.6110805571291711,0.6042291251673378,33.21283146277683
14.25687562289424,0.4344322066755423,0.16088346757068317,19.872972850830667
24.686156011304625,0.7272393124480518,0.45253252079509204,44.863340965054874
8.882337545529053,0.6422594970431743,0.47595802454085556,15.423556167197027
26.58452248231262,0.03279661584162463,0.10079090559654338,35.566289664107494
30.721088508051963,0.7034207777530067,0.15332566987164659,50.4081795575526
6.832118492533281,0.7748531343827919,0.7653652131710303,14.115278761873938
1.9455596800330557,0.593724962100083,0.40640868801671814,3.4532104430068458
17.69557753699328,0.09593082467765442,0.15315377551478085,21.414232938525082
31.006158622498994,0.6459007118696962,0.6380598032752068,60.48744938515053
26.101037455850875,0.5179912340988687,0.3764586420267782,44.38217327040411
28.13489247250073,0.2710610540175842,0.510729666618155,41.605325822763334
16.23300573173606,0.7072244409541334,0.23800122691086312,29.877088377297742
9.55083270107218,0.4524533507625383,0.046323278605024415,12.039685202343327
21.364797962727454,0.6823423448155218,0.1319553788512354,36.06870787502805
8.333754611218035,0.5360909988673942,0.7784295225167881,14.808514189556078
29.103902140005616,0.23081288296394256,0.49887074866257236,40.427763414291825
8.039264947187185,0.7800149566888293,0.6648681588595244,16.971815567365162
11.792278015230787,0.4568044383516468,0.017215646339055368,15.657093900877845
20.360482177255612,0.4134041934611672,0.6123700009234937,33.111058664404155
19.571055378911097,0.322807702602604,0.3879616532334911,34.601961882236935
24.11380518099977,0.10907536246214988,0.5322463014969578,30.11140167336834
17.610295099896693,0.5489703040289293,0.2865640322726199,29.663417217124064
36.79503767870163,0.3446393584046512,0.4966950614551123,56.25105672333373
33.629376949048094,0.7476900082845137,0.028495814230206397,57.69970386047194
35.18871535921821,0.7720777348951187,0.03647097002936866,56.487745646525966
25.25475954185681,0.6141126842799608,0.6390691279241183,45.22798021288926
25.47331505126009,0.19399581096202817,0.09957221424035217,32.78488719864333
24.446107611894753,0.572783744643173,0.011187147668909249,31.07602773017809
17.508389345973956,0.0163374007720444,0.7299651917093226,22.616750811896377
13.01981884247705,0.6611204022467142,0.21242541019482994,20.130996029185038
23.761714920465035,0.3948948536724233,0.4659057306371507,39.04077708398311
1.2161671181103222,0.7493917199081492,0.6711335764308038,8.752430836928475
0.4967659706673607,0.3022080330607721,0.596725663540343,3.2451563744927627
34.095344686610595,0.21053888358707545,0.037302256648746646,41.60069330210301
2.047676982149363,0.7960450710048315,0.44875896068707466,3.016259723453277
21.086846983270036,0.4245422972096602,0.4334382936763517,30.85623465077179
24.676512965395872,0.6905460339283506,0.2800641425683697,39.011121877400434
8.087214938972936,0.728845731216807,0.6028503850946813,13.593480023686439
35.850087362952905,0.4147749702251387,0.7712045263804157,56.83402537028349
7.765811715585325,0.36457114041535016,0.11774932314873121,11.978967992380039
35.40369649719365,0.44230876381788015,0.11617920299548974,52.35499826329517
30.567012719454794,0.6781916023051313,0.5877888155686953,63.55194649045869
9.781569550262917,0.7717281852806397,0.3635331281330226,17.840430897011966
6.199617817788523,0.26265768749577295,0.6361751444637729,10.242523360598735
12.786061865412156,0.5909043056958774,0.11286208771765649,21.56024588721923
16.038432537556933,0.22829958183196758,0.03188603531376808,21.12337029047394
9.982230124657152,0.48876243306520434,0.5583472598813128,18.120727871553374
39.955883640426045,0.6438316705746164,0.7957688423632883,80.59659009033126
9.340162982335324,0.7091890597290347,0.07583856823656046,17.592563510350637
33.259266113917704,0.3589729474233974,0.691470311560376,51.25407433699284
6.532886334200816,0.2958045460527132,0.3082317926187318,9.572266971831596
39.21373608598271,0.2027612896087103,0.013431636234485733,45.94630222887101
9.175833639666775,0.10673373633455006,0.40801743437696864,12.587463393792746
16.98320448038697,0.2919340549149393,0.22308336569985593,21.993389003720086
22.430849857362677,0.6975822437982778,0.5547225132161442,40.110999159492636
4.987371463212514,0.3350476129685106,0.23026449794807358,8.150753876129775
32.70943868566823,0.25383453264897765,0.38536009874643695,44.38433780421432
11.132484200697027,0.5913057956691319,0.1604522010753514,17.22683525680402
22.060942083746216,0.17246757730075102,0.6624814064348483,28.50939898612794
22.075425665591226,0.20502944199014594,0.7403451694944865,31.893185353334168
24.185097962566243,0.748726918670642,0.3226686033731711,42.24134179121151
2.4083422636677247,0.06527175409377338,0.359104026054386,4.321139108082254
6.911026720896401,0.3317049441947386,0.7861469385692256,13.306272715442876
6.615451268349895,0.46140095391584346,0.11369238137973073,10.932653042418629
12.221640124750904,0.18420857249168449,0.646895611672031,19.138865509732188
5.967583442961926,0.22480998738777577,0.45382288468019305,8.091059915481118
36.89246856681673,0.17747629179893157,0.7045875367233504,48.72500860488917
20.615587130349766,0.2761484576485133,0.23394283586152956,31.34522607258547
25.018290878566837,0.7188046040627587,0.23692637297627464,39.523041543936024
14.428029380845208,0.3452698772573321,0.26065595844432565,20.26635980668641
11.194596413149679,0.3342632132187454,0.013304865858364323,15.926034568921551
20.226451375242075,0.30926470413951146,0.13591431926244663,24.908540175905575
11.914054398426376,0.7712925815500595,0.7956693128958601,29.2801366010189
13.877107844044616,0.09383954897585252,0.19915885902714603,14.299166400897521
18.21948479598011,0.6975003367514931,0.01593367820851128,29.957028247416467
20.32820074993735,0.2617288541823804,0.22283225123079653,27.08087638513033
39.375697668917184,0.7652092733642828,0.3267121343876694,65.34560144515856
9.08823900884523,0.2521817969949271,0.4382298234259069,11.28297664194712
19.621451362329356,0.06629949060505638,0.054852815892341145,23.637174540888157
6.150567231675689,0.41603350748201273,0.6323431357638128,10.916563982547665
14.129969461777309,0.1822924634479283,0.6604010145576461,17.426953022400507
28.748966604514887,0.6023918523787007,0.1705284630973611,41.047355686581554
7.143593321670867,0.5258444946623636,0.6387345505879829,12.91601992976029
23.337782040491714,0.5491753263379014,0.2891415259530053,38.74701469017186
16.784700738006684,0.15479159088850933,0.3384881423061075,20.781810236748278
2.252865867298025,0.5669042119081124,0.7491106034512133,6.638195912226174
37.33639461084209,0.24906482158426987,0.7135235127680137,57.041005936073724
16.661404983656876,0.7989392224480569,0.30008857055239124,30.584768561726715
31.40027612289641,0.5854141304592051,0.3904882445780821,47.16736486875008
16.76927685152565,0.47232920592681027,0.22921903042639402,28.423385091296574
37.50694079883563,0.6936942233724385,0.41234740667892944,61.520792025207484
11.760719310270117,0.4714493597755417,0.5455263222679545,20.721656673878986
16.606779857570334,0.44219989342042676,0.07413415782050521,19.232130177123615
30.402796762319593,0.18985248224430365,0.7358729009405518,44.71228966058865
13.877959148178103,0.54248959626034,0.5750991745157439,24.402781570107216
14.701411439140136,0.2997155425995692,0.07740214652925773,23.73897376537858
39.79396230188609,0.03446610224970428,0.695191193583074,58.746251397238254
22.313458122476007,0.6528494370959662,0.5949462929942658,40.33964647813135
27.63734205607189,0.041498533318993495,0.25050145346619906,28.267543786080758
25.80979691931367,0.5378400982724207,0.41714647063830235,41.83656350763825
33.151381056831575,0.12537671318793217,0.6881045273517328,46.36105722504304
34.50063895778137,0.3460556132566911,0.774500498472223,61.93218936550298
22.61759407231832,0.6872733268373765,0.2248619167581059,40.5081118676599
11.923331783662693,0.0755356392913173,0.5204465458618597,15.358428743357532
1.1074498534837842,0.5337205428420967,0.6881975391942086,9.364091583328284
24.65324939235994,0.49009499398886824,0.7905334790743561,43.121235750608385
33.053659563971664,0.6940237970850343,0.056574790917049714,49.2805901101307
18.131484259364047,0.13818789705925338,0.40289757265666276,22.61787200200031
6.755304391536399,0.639830003708644,0.6989326094715856,12.512081076714313
11.665666502838507,0.3600969573930626,0.002526499439622576,15.563511914069554
20.497559394572207,0.34291512999459645,0.3497881756843545,31.692338296182502
33.49991251531113,0.28942748067189994,0.4673589792957062,42.32363161688221
7.035775213523141,0.30845931695673434,0.42119224684529144,20.621174182323685
24.563565053238662,0.4159677011401801,0.5862181490673986,39.42646375177221
30.184070835231704,0.08543985833877264,0.05241766956318479,36.380571925136216
37.454691309325966,0.34005269589836634,0.6283333788686746,56.41968081833622
4.844806928818604,0.5215849720476183,0.22653642890678674,6.932801034557711
37.070387039749384,0.3985538827506517,0.6593835092191646,58.38645960156499
24.13840789994428,0.13266357507969825,0.33559034142340716,32.91745771162589
30.71472317980498,0.2904413614333056,0.03433487344239712,42.448084870004436
2.340233440828507,0.3543693395407439,0.7711318125371052,8.991648893256691
20.344696594495684,0.5350998517063745,0.6244394323976374,36.532476217201236
24.98066102841559,0.7206130580299983,0.2782528258258795,46.56675429068025
12.411986826939037,0.4403004100702548,0.21602189457469054,18.095197729701958
17.379678282429854,0.5410945024938913,0.4711709827600434,33.00317632464136
22.261065784128,0.06175170035152355,0.789835682259129,32.77530795090689
22.191408002964597,0.7635736234780746,0.23213345934379817,35.825273554380644
1.8660887111921551,0.2521669522844183,0.7586168933969223,3.652385715751252
17.691374309839915,0.28343339975033716,0.2643096956948712,24.03013916641115
8.709962560730787,0.17827422451321012,0.56327821220624,15.434024588190345
36.68446410779692,0.06773605741243936,0.3053874862336319,41.10677701130899
39.067883606908694,0.632037432113481,0.068041779206919,57.226577178790784
12.125946474812348,0.19239206536493825,0.7489514924906312,21.51220529078678
7.1723788105921376,0.2261501882762505,0.13114239577327674,9.432964616688121
8.936265207744054,0.1454370212850181,0.755753174398079,14.558065010660837
19.214539763047558,0.7799082242391041,0.08264546074308399,36.10057129918479
35.0053228447045,0.6248278378233636,0.21355795596519905,58.57053567977207
20.101441354518055,0.7439197199845604,0.7367387989556444,46.451086938450864
2.4046040562688464,0.6893786936428083,0.5268326903260585,5.953069074140354
1.7874469879831314,0.7250374396362094,0.15158674867335648,3.1828902878734513
9.250159635789371,0.38322724147935444,0.47367464916422525,13.676593181697536
33.74229684885527,0.1364331498856804,0.14431296642844318,39.428634288274985
24.93492618989873,0.2615042674860355,0.6995536541362735,36.265814386350655
22.605722580694398,0.23396121358536287,0.03986288587081806,30.567018628705238
12.894989784789155,0.5737070700810851,0.42382215822199876,21.5051158181584
37.19113112083826,0.020538149045873946,0.05077842066357006,40.42946046942857
13.38089414949287,0.11363377193438168,0.5560182008541003,19.620300824069854
33.43078762358728,0.5463080962038888,0.7486377881549339,57.67881618796059
35.85696001544019,0.09875388304035315,0.6648531597373228,54.51507659606095
19.43673352600224,0.03863348061632017,0.2973822601221081,19.736105536177185
35.792712925333554,0.08737213168895269,0.18952392438380736,42.55535875476033
11.216770838163672,0.5525393224344771,0.09682199390950644,21.555573431881033
26.405650362094374,0.11146020752376007,0.6988991899060264,40.60783537324825
3.7009571912705734,0.1170434889091851,0.06488730323792993,5.7979800528351
19.062581720877276,0.18424015740727945,0.5030633532622133,28.995259340542358
8.849805725902245,0.6007285633572181,0.2938139755973656,16.611242195982392
2.6979784616379945,0.1602823298086208,0.7966226546967713,6.0184379862273705
0.3482752214893051,0.02830031737936576,0.407058650814676,1.2565850294425476
13.125134234344172,0.7246906844607525,0.4390327597627288,21.42218344213104
23.66331766256316,0.7010547394327382,0.734311028011881,46.279419579960326
18.31816783651606,0.14785520071717792,0.7757095226006582,26.923708957367406
12.210418081075943,0.21227407181876395,0.4669091688756317,19.79446922820435
39.649761224894796,0.15084605715491275,0.6369456597938801,54.6319692533128
37.59309659119118,0.575627631169384,0.5078133992867572,63.52224217974857
5.201001612132376,0.20000710735138566,0.34192037119489493,8.508225841250656
16.72127558140609,0.7451598059028017,0.04585228581975747,27.282227132954798
26.024107972945707,0.6621128195068552,0.5741950988334267,47.2892488048018
29.39293374169148,0.4707209020557386,0.5602102178885193,51.63583224410466
14.781611765397715,0.007150579770970555,0.09336184535098023,15.091831460285537
29.902016146866835,0.7069355251333334,0.18405509996509262,46.574914459149056
5.141170513844996,0.5822093172260433,0.5857025494997644,11.205778831819112
13.406142485256646,0.6303259172328052,0.11976958207563185,19.440841400728424
28.714040395085018,0.057460163657592836,0.5527480275461895,36.00672114093999
25.102175052362927,0.5668481361748338,0.574381752963902,43.2704786212496
33.52096655149386,0.643671578899315,0.2826750847519409,59.83790295249659
2.064909502152772,0.7653082849256438,0.20654547982354166,8.432257229975555
7.1407903693573305,0.46437637822594846,0.29843152888289054,10.928834357554194
2.130084374424265,0.4064334815994173,0.2873572971143152,8.53731094944369
7.84614612511861,0.34031743198552944,0.4856158445636659,10.808740668434
0.3704558631908133,0.5610301447717151,0.5950786397750908,1.2321800393342657
20.267570006818875,0.7366570437716911,0.6894021078802911,42.54182234498742
21.226912943616565,0.4798040389728286,0.023993827201691256,30.09803976332953
26.384092899958592,0.18182691320667185,0.5812412458954956,40.6668197547073
15.519515398601527,0.014059160247341397,0.25134881463132824,17.519513829192576
0.3276660892703234,0.4952904946140221,0.6709136085683776,1.0
27.020867945423955,0.6916783104152422,0.06057356779280898,39.97224175516612
2.360785292366921,0.052780222058727504,0.44093960813845323,4.324866489631904
34.67358314654621,0.3180569671690767,0.43893887180321073,47.5226927360126
1.1016287107759068,0.7520375408647223,0.26120916974018266,3.969220306443237
21.31290990561397,0.4013415966854442,0.7762452778826923,35.55231400678793
35.817731718943726,0.17652658383087447,0.08553852093495005,46.55160668661813
22.985085116393446,0.28292512941507875,0.10911778682793782,32.10246504138236
24.41498651244841,0.32651165295584506,0.5154076785506202,35.333311820356734
27.328111763828744,0.09383161153343372,0.41143937971492256,35.84732968701988
5.071872139672586,0.528633795078729,0.21157370284163746,7.150588978385734
27.062098612260264,0.47373146327398113,0.2434174371659535,41.580074081389654
35.238124304110045,0.5181783022924619,0.12561864696705546,52.0268512734132
38.9739891468456,0.48863325494415033,0.6942113111294986,64.8436283240582
17.83346957446221,0.013337654630671736,0.45561509851175236,21.53194091174989
13.911293096766363,0.1395702796530557,0.19586766092306532,15.45030240471186
30.181722700733417,0.13245760155668843,0.3147366061674743,39.25368435365448
21.806396666193518,0.07836118903839157,0.7253480434439066,30.822931790817968
10.440725247310212,0.5883806185586211,0.7094729293224504,18.191044023971116
7.051883821794178,0.09610977158279335,0.05528535289056622,12.013185993960517
6.9751659635911984,0.5345552587602754,0.5232801106237623,11.691434616983722
18.47524605692485,0.14271224772294033,0.12237693677577904,26.660867781826493
6.9709513435028745,0.09464814259834108,0.16870669243860573,9.050442867043024
0.9848139716571338,0.13002403889286349,0.6913660737971331,1.0
2.273133243793662,0.406722765230416,0.7161522539807664,3.1343033195913703
37.20940484932804,0.5163860078862046,0.06615353271515882,55.32948335951253
3.103861378173403,0.6495398880461094,0.699138663582955,6.5810691507384655
3.11259148512219,0.10284976437170448,0.5827948422745797,10.52789960421338
18.15730013223459,0.4929493979086641,0.6205682906133593,32.009364872883914
9.954991236934294,0.6190716795289979,0.6334522621166485,19.63105561107371
38.51521531646541,0.24992413720630752,0.4057866173903964,50.9143681503926
36.457236412012605,0.06377246349395015,0.7575261143905614,50.25013734377291
16.30878129711643,0.1247567704532111,0.16028768318447623,21.317364891336148
18.059514472767116,0.07324691804836539,0.4039720860140344,25.16559183470022
15.129523392407693,0.7097695448181424,0.25484206391072367,24.512350412596525
1.7070714423965032,0.30136133468818765,0.657944994242006,2.9090345821383297
11.855304202337404,0.4186788841086288,0.06616056970302191,16.136761014543815
5.082404090556968,0.6149505214434517,0.3469427895394144,9.249075665472612
4.2743391346018855,0.29719873769657906,0.6187821249962636,7.802342508561084
22.52229060286823,0.5192821237020903,0.24987272924619158,33.592152133410956
4.130841336999777,0.06134388257475019,0.192381027416359,5.0977452405263115
4.296666687051491,0.3847245180548804,0.21003932383591695,6.971803875278544
19.324445849810072,0.07721517293624612,0.5708720859252362,28.858400645800703
17.80283813188102,0.19862731254418248,0.2294261406710647,24.382513469850622
5.677864448268301,0.23467266207637494,0.32214683637038394,7.205541886015911
0.3770711873927474,0.5740670431095574,0.4365344699513422,2.0443554768919983
7.880382782360185,0.5392833490314031,0.7526080631573535,17.018028395596946
9.58851171644522,0.5976640711448526,0.6354780479095432,16.928525655914374
32.04988805563293,0.04940403778986813,0.14822533137921381,36.08996742111605
36.634446350983154,0.7951313697384376,0.7064673860275485,75.33845032791092
16.356587020021195,0.04353602296781514,0.6758139465481628,20.115173639594083
16.320063714738914,0.6605982331513233,0.5961796156438951,28.981257165190133
28.556755093642693,0.5922151467844284,0.41352477981755587,44.927416845263096
25.151496225046618,0.4734094323934559,0.05585196420584895,37.37081626543713
7.528779430397684,0.35108573211598976,0.5692041931113327,14.046635182869881
4.486027067375282,0.6057058826161462,0.4146737363382612,8.355820214021927
17.61695324807102,0.5918862426150769,0.24781994065436477,28.72108378005871
22.680168853877962,0.10974266839184361,0.007950400014619064,27.75778804377173
5.720562605720608,0.6341059783686962,0.18483918462107907,10.925832697843845
11.872285037656091,0.0628455979479722,0.4845521420635138,21.46139300315738
12.376531257936879,0.40043691370282786,0.08984526906556499,16.52322023300155
10.599668400761725,0.5160654612537554,0.5243349652893698,18.661338602210172
18.538298398413282,0.6573510859001822,0.6557376710576095,35.930049338940734
26.191930655925592,0.37048817447444304,0.2545426725890012,38.614102587883515
20.473717367916493,0.18948646205211617,0.06558843156397139,24.93262358615801
8.217971177444298,0.39252769236528523,0.11175903234097478,15.776318003780691
4.29697407248651,0.20016648834969608,0.286327146027924,5.417541116544576
32.910444423368276,0.4229803051649187,0.6507474022067421,51.323351189617114
19.27632637216787,0.3700065464852143,0.5074229757702041,31.05672131663307
2.6731395285283126,0.6244035870003155,0.694310118476948,5.9366687630962405
10.473235686052407,0.19207209075402318,0.7955416901048997,17.08623571110779
32.20054437968936,0.15998814735227163,0.16205296231932753,45.48907622563133
30.118707725987285,0.379348271653568,0.5558571489894348,45.608689433560556
35.05750198931563,0.040403492152680534,0.37321336005034933,47.99745230833675
24.163095474867344,0.18347250274840468,0.3947824487574563,31.05432874527954
17.031656187450587,0.2829639313501535,0.2604651228486436,24.252270610666457
17.180072902667135,0.3901037700487282,0.2740097719995284,25.774732836855843
7.9212017708191595,0.21554936898029126,0.541025558718214,11.070656992969155
26.101798668411696,0.4485091957667251,0.4966423337568133,36.486200431631985
23.485736492495587,0.7027317331561372,0.2548028565019464,39.006503939173925
6.3636035748676685,0.43498196908608167,0.09486473505526867,10.477396809125283
35.44938421780592,0.22947161738914545,0.462593029846562,48.74633758075371
14.86503449176176,0.04958477760185192,0.5915170759719083,21.405729454596493
2.1796028677385255,0.10933304379865892,0.4468974321716078,3.892988406409933
13.249660647035395,0.4489738948377525,0.002920538765313019,17.983318412562085
34.82029724552071,0.5469670704835038,0.22585240997904218,55.403313457778566
36.69487211729903,0.03973435484325645,0.6228634717080095,45.499373158549545
19.71785700693341,0.14843986377078533,0.5940385642213907,26.115490950521764
38.26232961492203,0.25526501654125644,0.008328202033194199,47.11268388472279
35.03462400663665,0.2558184871044019,0.3762369862081427,48.979120714044406
33.04418254054917,0.7667256113423688,0.349854538120272,60.30123094301953
34.4164605743518,0.16301647835393807,0.5218251010327536,48.427007915037976
15.398641404319173,0.05001627958328712,0.0999840320519982,18.691877778564223
30.307463842070632,0.2824118634498553,0.497132186305816,45.4642815851861
23.17809232243074,0.10755357682374359,0.7575344161288406,33.465358728039234
28.843423269264203,0.1012655721086313,0.29739962769219996,35.52080587493257
7.27588708171483,0.3259605288937027,0.2698851341278065,8.274887692068761
29.309477688642687,0.24511291139995894,0.02261881149750238,35.82340178269038
38.31217888092804,0.07338142092428761,0.04591604716434521,42.16921932909277
12.246000230780895,0.4834427435419595,0.7452579575437749,20.664370981539253
39.44922069343396,0.4013598128162801,0.7804014772309514,65.79924605528393
15.259365389253768,0.0616797351610443,0.004513360349269391,16.925680256637666
8.148995181437108,0.6901955792113155,0.7205437490745319,19.26785219114564
4.668991946049488,0.2277704465698662,0.1391680245446567,5.608720687413683
31.441484148869474,0.7691046279577436,0.4490869749251437,61.05500005295418
22.282050934987417,0.7452309060450606,0.5425127388229994,41.133250311108156
12.423825487748747,0.34727730097500226,0.2872469684484633,16.738852749538953
24.41632471779156,0.18285355235066794,0.42319047341657373,31.364599801009376
13.417627276071986,0.667882170024178,0.5020337505242443,24.136024001234336
18.044638741672657,0.28902867329795745,0.15514103950783503,26.817257620905075
34.53403220497303,0.1308405557370386,0.7954052972685458,51.483468632304216
26.793025778994753,0.44128617265515296,0.1631054684683888,40.52193729316358
30.54359322024771,0.39152195416101265,0.008270771749294959,40.005116278903905
23.423043348489134,0.6800143030511652,0.7554276736837985,45.16459664041057
39.657642345647716,0.5834251038714656,0.3433021606913145,65.09023451201496
9.808120638377527,0.700911589469403,0.31889577514118284,17.690849568921717
10.639188196608826,0.5877623299098995,0.22053705477305874,15.184573316524663
3.8838457617856483,0.5137399685182377,0.02066554143293411,14.604921065778052
22.249976182414276,0.40014172182161023,0.21165455470412092,33.83910612707749
24.61169760905304,0.790042631597158,0.31464027405278555,42.962654581277995
29.093270601373025,0.7673318592001379,0.41626339909337784,56.31080408145269
13.550747852780587,0.6790823852285998,0.36611537609758593,24.55881175056596
0.6878207142280826,0.6202553710284223,0.7032289661632183,2.0684980698784754
25.36273557611513,0.4620476400948097,0.7290638895441193,46.42194969380715
39.94808060231123,0.20780268842096544,0.25372393745257205,53.4260563862555
11.923064280841698,0.7003512216703719,0.7676436751003677,25.480416092590982
7.5205912082669855,0.008652907903166173,0.6919473376962837,12.629481229068713
11.414324921488856,0.18195197343514657,0.7421078532277997,16.349790666243283
17.13153589612648,0.32298595606757585,0.5650647059102377,24.019258546713296
10.186334572312072,0.4689257241872576,0.1586174746604332,16.950215977165957
14.009009009627688,0.4487034562882848,0.15618223412621957,18.861996900356772
25.60062819545863,0.14065266110822777,0.7269212504671546,38.061205182690614
13.932113876336064,0.08383855985082543,0.40563636794755464,16.687043529880768
15.963146002389454,0.17786314206822373,0.7123738457229902,23.457401443542395
1.7932442594107048,0.2789670311171869,0.5764383033514536,3.8303368003236944
36.734111564590215,0.01124295033606897,0.17000984346805412,41.674701765984935
16.394061204611173,0.5539646564398847,0.307807856050363,23.84560650451225
13.260111938184812,0.19818194858999316,0.7742601720180067,24.208893895596145
3.642071010566303,0.28112354923868993,0.01566620915480348,3.5795077976831027
25.440491972728307,0.2679213524671196,0.5716670904741952,37.65157436779833
34.580233020497445,0.4094638407028175,0.7830237576601649,59.367949950541686
1.8378973620855321,0.6878397776756888,0.08331755673890236,2.6974042002881924
5.9818442011682125,0.11951196280443295,0.2175942839575029,7.870167647612346
6.026315189671052,0.272581690585016,0.4376104965449528,12.213531356491636
24.170539242842157,0.5536230461854269,0.6750119421973594,43.17140175971863
36.864974008191076,0.03538513062434943,0.4052094958701826,43.69984247801773
17.62318100920728,0.663982908129779,0.04767683759565733,26.195264611909142
13.883496638115254,0.7694601123979412,0.1017474586649228,27.57189025566798
30.68045928674831,0.4861097620655927,0.30075469506605157,46.4091854291104
29.754248657874925,0.7652066968245771,0.2580325390084392,48.27196217913253
10.020894343232943,0.3304494635453982,0.1757429049433691,13.269017806699871
6.6008892198538645,0.3320253845241095,0.6721029889486325,10.62679008082062
14.440839290131182,0.08499912753074997,0.02150534699898854,15.815814183250842
31.06901501061992,0.02835754799981576,0.6634753982216622,43.88881478884567
27.863522918616134,0.19560345450762712,0.7373441389166105,36.34256676464318
26.700977512976966,0.3825029256809182,0.5040888196408514,38.97108680450113
33.21125669449552,0.40614591269031125,0.5002803188702113,45.78268339459669
11.229786431187469,0.17406030539314665,0.11921417038838547,13.781929652469447
13.7194122736865,0.49024453972914206,0.4546541905686655,20.898994077049462
1.8851101342452041,0.14496469987071034,0.30013951515044995,3.7488136822543425
34.776081876980626,0.2609689122152801,0.1832398092161566,46.255812716398935
23.380703449902686,0.15656761215146198,0.4666636446844251,31.52177316225022
12.065267216970993,0.5573308799921101,0.0009523736498770141,16.391925268673905
2.962777951684749,0.4132580065778495,0.2211302332337268,4.469206229373194
28.991698225865893,0.5888808792580924,0.5248336194307502,54.140311819623044
29.99975327805263,0.045798535673319755,0.36403248840587343,40.055168398078635
26.713910354177898,0.3402896641881132,0.11651243240355909,36.87945800347204
8.310482643679833,0.7735668631851365,0.0010544893999662186,13.278185454902756
36.54599912864247,0.042895611765090894,0.21635145125597266,42.08224450867238
30.175689157030874,0.33470295175676973,0.43924744476410216,45.14696145015678
26.378701678642017,0.03231857508449645,0.4276364520909004,43.2030902249747
26.10756815218714,0.11732265677663999,0.10485751949753591,35.47268289466028
36.193436463647316,0.3700211612584412,0.4909577144133496,59.121023768382685
37.14662389726553,0.12601071814724207,0.7991395025800601,55.022822975634824
23.90636923680755,0.4150043399710745,0.46789352500888265,36.793532292334866
16.783442556309424,0.7381853462160557,0.42211054056740355,37.36441769452773
14.676612386464765,0.1603260465579414,0.4981064988743331,20.850194002594748
32.79933787501275,0.08574920776975824,0.7037367122085864,44.30311763120016
25.855292525406472,0.6602212495863616,0.7567994757565082,51.359976527802026
3.2751880040954147,0.3682158779310042,0.03282681260212703,4.238176206953034
5.8590033179980825,0.7060888790753103,0.16399504233212303,12.014829558006804
36.027398625172886,0.2448986357323098,0.09261125120477143,45.246587722894326
35.40302629455913,0.5020256041496717,0.617883028562112,57.04773802599817
38.08293145815926,0.7386508434413315,0.03645028716155672,63.76568942229056
17.228468499667283,0.13735663955832475,0.7221079575929045,22.093360129376993
31.40562412410014,0.6405828474443227,0.016444291922504652,47.53644732653114
33.163356087109996,0.5052133998761018,0.4820374503592989,51.55548537919288
12.764736852360084,0.6503573957016427,0.2204609551842137,22.0722065898748
5.984440906840261,0.13655467596248655,0.37645081995284874,8.616504602637564
39.881649193239085,0.34726917626960985,0.353508731203906,55.2435684447843
1.4027243093037258,0.10306978278156215,0.5991146165791864,2.5598207746059343
23.97396956471543,0.7680656863882918,0.3973136808479346,43.34556066261628
26.07844851243201,0.050153378368107585,0.3369766641012407,34.57475579013091
27.335215810392,0.05238671839551064,0.5842216820674835,32.903591474496224
10.37398420996977,0.7185249537453618,0.7406455354438846,23.70909905822836
28.918853923094257,0.24060971851014,0.6351379212188534,40.675412868866104
8.812702618594367,0.4776160262777201,0.5893736252020432,16.61351393891206
33.195722578916964,0.22998042312584543,0.39017766490852124,44.185097069571995
8.920843628568454,0.5190067005020252,0.7201726386250651,20.18684401485741
27.92889995722788,0.1539754954160218,0.38905076593735066,38.116906921034314
31.379856736192234,0.36709556644117547,0.7442286282524293,54.43750005589773
7.720040868395112,0.42679373982431557,0.6423378099372881,13.785253997989692
9.67186220777759,0.266914312229704,0.12020818848810366,10.292586363883299
31.2083288016278,0.20136048901516165,0.0375937381818817,38.485302238095976
3.622759071071123,0.11216533413697345,0.5926845494928525,3.7120679185133154
7.792285908173232,0.5649154690463359,0.5486713292802707,17.145775235495236
18.330130066358624,0.1346261727955386,0.4816711036655805,25.393266662810856
37.221240764041866,0.23370111295051574,0.780991424013877,53.885396648997606
22.562737828741813,0.26952701169321397,0.43632243821756883,32.9317683225061
15.629578358687372,0.3634934375837361,0.2783198936810904,24.277324004349108
39.13913484445457,0.5620549596400536,0.4519726806580634,70.74491677424294
18.65570998760728,0.3423561077229644,0.022729402004364997,27.667417575317
17.46265195276178,0.6968748971483868,0.4634113876562399,30.019681356135287
16.583443812131392,0.5438285172961476,0.7219441640328186,29.3308945310593
12.62476688975049,0.6707893729041441,0.003464054814512263,20.057207279363027
13.162653427555856,0.5730831690647525,0.6762430497424933,26.28155132370745
27.57591498519402,0.1189054398696797,0.6415431152792905,42.53565338317685
1.825256774206869,0.7823418414912722,0.08488250383686823,4.089731536269146
27.33630568072349,0.6292690126146925,0.677464394497374,52.00617307950427
8.207939025409736,0.45817741490721,0.6108362125867277,14.028713364930162
15.491478527538815,0.13218475259050094,0.3928371660478764,19.044973579273023
6.032251107901213,0.13814451886317958,0.1961711507198185,7.49873636576258
22.199491554084293,0.49146493988811335,0.23048033267828175,34.6496724128748
29.228147709095154,0.3329577064016091,0.48981994037759224,45.207223679667635
14.315291927043312,0.5406876004121166,0.1970431995003973,29.22499889167012
6.703979786102465,0.29794217991976213,0.26028454053917466,10.187930552066538
9.214922160860786,0.41027613716527594,0.7446707449202459,16.201666722873092
32.760894157317786,0.15036643037116965,0.5834628932050022,44.62542876791219
10.852419655382125,0.12416091543506128,0.5888592397735848,15.140505386141744
31.033163201846836,0.060515810958792486,0.7647491376973434,44.79838603943679
13.381736390887198,0.6557114439188418,0.00463521584250115,20.997400497380085
7.711555662849909,0.444309001263729,0.1955886746981209,9.524100175686772
29.14688067317175,0.7577128319253299,0.5263791703683162,58.95004271173292
18.848092173113226,0.5995890250874625,0.3506172271497131,31.84454187522029
1.4448346007372947,0.6150105281995952,0.0902439585058966,3.66361347825417
38.40570828990707,0.4072467473576124,0.6249869488573291,63.58992206262787
6.080587113869875,0.6523631492205206,0.037658027263941386,15.115866834865226
14.265597662833036,0.7536507562510535,0.43508088975159054,27.720264778598924
15.51482647282915,0.5773922018683502,0.44997146523401366,28.563931023933286
19.679309990484846,0.08447115270960107,0.508769055688523,30.494238165779215
31.46067208889999,0.520815887402805,0.25250104217745045,48.281687024479226
0.4423931310700452,0.09634656979287355,0.018880752985449778,1.0
37.312387643175775,0.061777937934934274,0.7111866288645459,48.08335739742521
25.910380516079844,0.5543203240927504,0.7433638358627648,46.055898573042974
38.035825390127634,0.6678283455392309,0.38559098152325255,64.81939682395108
32.732103589176134,0.12707319258349328,0.01651228278522261,42.13999367754633
37.12796107971203,0.05931888637283578,0.4646969281787592,51.135209923381694
24.119821927239983,0.7092183153536351,0.252743881330337,38.78886225131304
14.420897518511557,0.10576746959269512,0.14598846146695746,19.323420373553645
17.827979711921426,0.028068874994989737,0.1351621251049643,21.43809317529924
26.389685953287692,0.5768434950131912,0.14340435226653403,38.7069463323379
17.191888018700183,0.6781724432762744,0.26467280046344943,29.43591768132914
29.32057678201801,0.4115786731713811,0.22449617255413923,41.86649107003188
3.8555510399851767,0.4319401952750303,0.6691398659625517,6.426523460174141
33.23346862959857,0.2694884101819029,0.39625176591201944,47.59813786094724
8.326707857751765,0.19077055909298607,0.34211799397203857,11.453221115605665
37.769114859083956,0.6041856561404689,0.11666684569157466,57.00568217395912
6.3907228375032625,0.6794275264968341,0.7007126344969312,16.423367297918826
5.340735004875433,0.25699580653215737,0.04385776463503124,9.925455348776156
32.51266920137824,0.2190553479005211,0.19162508709958426,45.06078895809565
32.78433274257997,0.21423337563604009,0.4971778205882541,45.49953168899342
29.60262491127364,0.040476334417884896,0.5618499424082949,38.565087528654196
38.42911246340724,0.22486001987230486,0.6409252598553177,59.90769081076638
10.967477221679557,0.02052073357520401,0.32823304117608587,13.796633107483144
33.100619811813445,0.6307260979746983,0.2773920693131342,53.80447545989883
14.211213095728148,0.204741463224768,0.23084129437034193,21.00108732754042
21.58846529765976,0.552124151481091,0.4544757368621811,38.49792098856295
17.934881182112882,0.4345507084324449,0.2789084921162898,28.746834346919275
0.432830902409568,0.669970903981759,0.2624753925407465,5.865144072050777
23.063595302858474,0.7683029820456174,0.01351268274831723,38.850137225163195
29.950734333005325,0.293833291303332,0.7586527900332862,47.7518083289378
7.147184866295795,0.07067265591170972,0.04847539545643205,9.883804471929762
37.27990330334289,0.5997166115087382,0.21669721464875158,56.66122095072238
21.30990166885645,0.0170418609593467,0.737135701872557,29.825732315262705
7.294190925413521,0.17837066758899703,0.5882785562098763,10.966447532960043
25.90871332249203,0.04260053477851083,0.46251184334995205,30.490626511536767
7.83852379891069,0.7185186972958524,0.5286511305562983,17.080915002327917
2.728627262154389,0.004237665361257826,0.07764804225023642,2.6752642605391355
27.47554664828584,0.3941937320121855,0.6469178749241777,45.61072058553168
4.60565635555868,0.33919930172718415,0.20008540942608244,6.155083252303481
4.427454445382126,0.5221957316385116,0.7649711823030965,7.032209515001788
29.649753814636167,0.23179527085539986,0.185099683035215,38.573224713730745
2.3970488816812323,0.6989563203755668,0.5002915329854604,2.569403651155052
32.428813326108596,0.5874765932651147,0.4362595936097356,53.18994328871621
31.886720594183537,0.3458355407937863,0.11448247517493498,45.258786053173935
5.827458437495086,0.2864209996100331,0.2903417342534497,7.508262326229871
20.831549761623357,0.6527105979980676,0.6250342037911462,37.564777070344384
4.045694540563905,0.6056482388286166,0.17007045919928646,5.587938439049704
25.376334547482287,0.319200046419238,0.7702858518735625,42.469582271993474
2.7046145162277533,0.27309749008810175,0.2363869109180855,5.391378494605347
37.79033808164534,0.031110391730033715,0.5013773275840686,46.197238024745076
8.467683267709347,0.0653657963521165,0.495093631671892,11.998393509247094
27.379207306756072,0.043134764443387756,0.37662259373213225,39.05103269382852
5.3059986902089795,0.019532389078421454,0.5242883713326074,8.557875516203264
8.541938643405702,0.12229790571262474,0.5948615550614171,14.904078879125741
18.14779602555815,0.6857134541444599,0.49520237707271075,32.652485036952804
23.00922642539234,0.6385274486046921,0.4479956954671833,38.81610201778031
39.954756967588985,0.6764590782625577,0.4853019264582109,74.17768796657604
1.2318638780195765,0.49904028914037757,0.32156473632156796,3.074616253242343
0.21251390183466104,0.499250480992536,0.0566985337052401,1.0
14.144610369654927,0.09914539724241332,0.12775870334622558,20.02295351437878
14.77302343853631,0.5591722829139094,0.4853632344317557,23.250433620555203
35.376721996725536,0.22402112869637839,0.7417391139339538,48.87005663530485
36.520785398352615,0.4154026638289609,0.020592438856945797,51.09158472636787
35.244894059100886,0.763778083040686,0.4352281576497566,64.10225145496126
5.898514269344702,0.6964923154547419,0.20164914640735176,9.255439012826091
16.60177244020672,0.18655480583663372,0.44939192438761055,21.559692780394155
29.886229459341923,0.5893204925602348,0.5997258861869613,49.33013312360511
12.641920497812807,0.08327259996736887,0.5883625057356743,20.363203774971765
26.596873534719936,0.02139398859522608,0.5799086382545071,38.82259049266548
9.638285955005461,0.02253941982548815,0.6231387727515496,14.551134155848908
13.07208646684016,0.1361971873744099,0.05808854945676609,13.014237166579267
34.44510004406966,0.5559587216750344,0.40766226713436177,54.39996261314664
10.170259636342005,0.29064471476641496,0.20942278829771857,13.742333710636528
38.58009865801755,0.012753951173353428,0.7370164488019304,51.993561741664
12.389130525286506,0.7904181051014736,0.6263033776155771,25.531531626384442
1.1364187709664386,0.42670272258559455,0.08603587788671181,2.699625224002952
10.345055971342303,0.31510417208905406,0.19459690322414397,13.831626796419801
7.013956701288344,0.41507991603906513,0.3641762043985157,9.897050847353205
20.371713255458477,0.4159767278868399,0.7703268974451405,34.99935245963985
4.686099439848829,0.376189261674395,0.0877385472968415,5.615995440481901
25.116745314367304,0.49035912357197664,0.4543778948337037,35.7322321513856
35.020983008148484,0.7085012958946453,0.27303001053964676,59.006198671264755
14.62825149578868,0.24137095366166925,0.5170722733860459,22.292880067152527
6.906010228355096,0.3895748982767698,0.5189653816181636,13.083178923369756
16.120994832219637,0.0029151969574149564,0.19247318934721483,20.39927418186176
31.481479493734952,0.6878514250545621,0.6286475202448529,60.45310448922033
23.741209428367902,0.24472311113049303,0.07300997706784633,29.948048956496734
4.225499890438604,0.21703751866269513,0.6545110968698664,8.388607502261038
21.580048742215926,0.7980297353688277,0.16957348686359525,39.85058746600732
18.829798181932606,0.46751435099615035,0.4716634387933222,35.32292348031176
13.219067789642224,0.09843459691279222,0.27784778152221606,13.175595601543787
4.584391722922267,0.2124199759148568,0.48782386129751576,6.933217247412632
39.24825503768694,0.2825812706130491,0.21393427861950196,52.80850539075081
7.206524131751573,0.7888480382965232,0.45517093756040855,13.166781096345618
7.87116705347167,0.3444973423318864,0.006558608170851344,11.982690903141068
5.994191145668986,0.18410719063424727,0.2995635660937616,8.334604993904282
22.893682940217733,0.45578477393025374,0.6611115032497513,40.923163671535484
17.858049064411475,0.32380772644560835,0.3704052692044062,23.81742353154877
10.132375844656925,0.043968310513496346,0.3994088791919726,16.045895821958595
17.29105064425682,0.6887356899634605,0.4972614703311944,32.076247722216785
27.00616967225637,0.012550021826643132,0.3473676790671859,31.67369229772927
11.41168115364548,0.7187869085963814,0.6936613821790509,25.11932691021163
36.62678188600914,0.6334869628814418,0.3226597358785509,58.77584449101288
12.39258023967269,0.06065856811392889,0.7540419473946005,17.97307358518895
8.08752542674956,0.5788888622504431,0.7015504186594067,13.905127065426159
38.19180030553802,0.6167533457114551,0.33687022612718814,63.77931615553473
32.46031228270354,0.4818456587429476,0.29264069967890977,49.8713462434974
13.856877468769927,0.46213664012489863,0.5413024151201347,24.48915025992996
33.68898767552626,0.03974962099837925,0.60424539893925,44.847075495618846
20.84880711632124,0.047597097458226045,0.14868926185967046,23.785910639649792
14.000749430790298,0.5818309198685575,0.1928361625491859,24.005256096647603
33.61654126366073,0.08445214313512786,0.11700201331879434,38.667886651383846
30.136169661204725,0.19347528056518204,0.6085535025506549,40.61397871813037
12.05541873719561,0.39906927505868706,0.571521491983268,19.307072413537124
24.345804907267354,0.13133093889014527,0.15124305145470096,26.123939224162434
14.901730896087928,0.6318716484400205,0.42949982892347444,27.036290759489226
0.24186850790344785,0.645902419023271,0.6113914873627199,1.1472228260450683
38.480266507731116,0.6737145690087136,0.7576229301946983,71.25839758782678
22.0752372276989,0.039654496619763974,0.14281812330482513,27.04612515195774
24.01761754629817,0.34229852898689955,0.2434638239117514,32.55712761680435
24.075678741956335,0.6775341381714687,0.2786718269112591,39.42240334458906
22.11553014061223,0.29057551224535916,0.49998188730656745,32.65777185177305
11.743904221989018,0.556656302658418,0.10913508016718972,18.055792638950056
38.86872977134064,0.47139672335200766,0.15474325540111425,59.7579879756274
24.942402818108338,0.2777668933657429,0.624349469913589,37.718232050637894
26.902670150047662,0.22112386327233902,0.43364293268485643,36.41287251159669
18.30075174121858,0.5221944736795254,0.12830898522276657,23.823913174944714
11.656883739533145,0.1068993096023176,0.3107461984065803,14.272029224880512
2.761089490562188,0.688098015270207,0.10759535626538624,9.548150138879333
14.13916182340187,0.46115475286456276,0.2901520009894735,19.154450740894017
7.208677684882006,0.08920280410067134,0.32015943616930853,10.472859536177884
26.55111307662907,0.5628221161546909,0.089688329300317,43.52798660247749
35.18435461514823,0.3448900399059352,0.047866740948833635,46.49752123188226
12.249643358176959,0.16326513229054057,0.7052815122060245,20.25982446449858
13.448728491479052,0.7688554343398929,0.7101184717121751,28.8002494539566
26.88050725239466,0.5757182280115405,0.0020631001701199025,39.791339310963714
6.141003082801206,0.4743948986623969,0.5129632771393092,12.014926223324359
37.191609581772425,0.6790937448474894,0.07494320603118387,59.011543823906905
14.681101884814224,0.4350958319057221,0.6481133164250543,27.63132233358721
4.227737947885632,0.3531764898663231,0.7036499137230012,11.014194587618741
7.152423395841532,0.15155748788856666,0.49329212429618075,9.684232344419947
37.32329382509683,0.12271234009454296,0.4905243657623537,52.1642800841528
10.035347677086994,0.3455754530974786,0.2971852072429794,13.75754614611794
26.558298392485195,0.36477966322201266,0.19957517549028936,37.64924669713555
6.415375896822951,0.5866500041845818,0.3994166633225971,11.002473527503888
7.9252473554813525,0.35366800802950116,0.10697377878124321,12.849319684961737
35.19368111221911,0.4745273604523343,0.537779915888731,56.29562274646313
6.09172216008196,0.6660148192609969,0.37606951630377483,11.884885013285611
0.9462733521039106,0.7946677564084335,0.1420812048247446,2.0720324062124202
20.149080943145794,0.258020252121026,0.4706514022314263,31.00136323363919
34.5365271678648,0.7215635709826951,0.6362622692685833,71.22754750856528
13.174443607541862,0.6448406974828792,0.4710395693337048,22.79288198663487
5.300858371699278,0.05440535225564247,0.42372912932523543,7.861706797272697
39.29278701671238,0.267327144683113,0.678173982504648,60.24423176702416
27.13419745367865,0.1752343678675067,0.008604308000663963,33.79467407563187
34.05748715153663,0.5315074179383984,0.4933981022677036,60.307015029116606
30.135103238691162,0.4442393089741506,0.327753746555654,43.625802132871065
27.990042504769765,0.3958808420716429,0.15485291892613545,40.2776785537784
15.505649871810625,0.6108510110460621,0.7836622800688797,32.02788415969063
13.108731729504845,0.26664695664958676,0.32305106331775146,19.558050104866968
28.734952116600066,0.3062018364426125,0.26821024995377807,39.954534308530164
28.725177725453758,0.6925071585803595,0.13520675179251737,48.74732165002208
38.033417685153914,0.7777668074080053,0.7982127609963873,84.5202555024461
22.832660750363225,0.6210858726142658,0.6848410848237414,42.08329726299793
11.925920010349405,0.17365677982178102,0.05597793493996095,13.404289458029577
19.683246213353,0.09012130573107786,0.45260310090174666,25.675856924795834
24.625809905691582,0.16736411821264163,0.1179209687003727,28.507770103746424
17.183846023161117,0.33820909201831717,0.5726251320103576,28.190044215381654
31.687098309710017,0.1893576221981106,0.38726674340834966,42.38173321426991
23.467605846190338,0.7208329184576094,0.08831117135942074,40.73844264037687
0.5755419595804918,0.5365783214139522,0.4456311130114319,2.9979841472818682
22.879627551633934,0.3333833958264113,0.72854052088225,33.92008929904374
25.417430680486063,0.21904938628924864,0.27295574586652205,36.21231086244416
36.62739781145401,0.3045288041127715,0.04064449180958318,42.62893016266266
16.6661226118347,0.3808404762933842,0.7561656890117154,28.625367227737755
23.06381283900006,0.5710578817405829,0.11343935040756047,35.05085468757254
19.10489853843208,0.07147324658310313,0.38004160070498694,26.60331538829708
21.359925853061636,0.6790663518311566,0.4357417022786274,37.96145622685426
2.8787020126260594,0.102048024904144,0.1896699705450054,5.404527236470476
35.91188996781744,0.20996006557795033,0.1419344256305112,41.94393087981998
36.4344111252987,0.7948719166180671,0.09051110449188773,59.24124251591196
22.012772471736778,0.15216690723540094,0.05596422588317873,29.053763820003496
22.35090952569363,0.08091375022907653,0.40650123814427586,29.375023365662088
2.4907302305693904,0.5107242415350387,0.6736166214674532,2.598639811246703
23.99843042216632,0.31450326388097993,0.10140701709328104,30.01488459366592
17.280241237190666,0.07346834741480697,0.5604952227563987,23.775460421003125
28.419936483330602,0.002993942679236028,0.33009661633887993,34.49405402765535
2.075571680503781,0.06332926110518225,0.028179391176468907,3.5962537199485114
28.49332977263369,0.4181884630175254,0.42877784800377716,45.5871315302382
11.61837418852609,0.18471435610475384,0.20160661290654114,14.908034281811188
26.137872152033694,0.62204170745516,0.4842032744324019,44.22988906678202
25.159613817422493,0.6860069064573944,0.27945840867109695,45.65577255710658
9.228291088362854,0.11586641417223548,0.5331618546103672,12.722627835283092
17.730003339607414,0.2696158965875761,0.7348026903448233,24.071522151368036
33.458203710322316,0.11725930037455799,0.19563564966516733,38.571470550898646
24.302547415072,0.22935416286555776,0.7518723751901581,36.677237660456825
2.9357844187407762,0.19136353500045705,0.16344708820026554,12.435371427019689
17.82777148656902,0.6294919207497492,0.056555905778690456,30.325275219162876
12.608504059361096,0.27638374241125296,0.15416078991046378,14.71486965956573
25.73749802068298,0.3964518389953411,0.6519333596124387,37.610146513975295
24.659644863551378,0.5391160843783852,0.5420449962116335,42.22936071921222
0.6138444401035932,0.6578053193217493,0.776667322609145,4.3879535299675325
24.386281274854824,0.24096727225796144,0.5678618483399446,33.254079627372576
29.44701622860048,0.16737653416321532,0.3301050120293072,38.31663383066947
30.7954552895827,0.7827626990046941,0.713944779306301,65.48868427603047
2.547235661520454,0.25611803571799757,0.7665028145667679,4.2756961946670735
12.285605000972783,0.5368544793447004,0.6333239367680847,27.124298325118744
16.966687709950648,0.5422728325422435,0.4453116686680808,28.135233197124634
7.354913970237489,0.4112235564796328,0.6606126250444503,13.60033271963233
16.94520807236739,0.18275795638764558,0.14323576586742526,23.59480119950487
3.030955525858575,0.113165936763341,0.7202800183435092,5.023039729609488
4.706047863680653,0.3896129159315449,0.7996471859892288,8.793934818193327
26.814051561168093,0.4087436293691016,0.5321121331642763,39.86366834383758
10.650383954174167,0.6186934054198381,0.1567112316640068,18.39677536374833
28.51395272968698,0.5678667551617548,0.11554932975625745,42.27912431440602
2.114719415063386,0.7296330230686934,0.7675315244802777,4.437801313889134
22.595581511131414,0.7766884495101053,0.6970822570946604,48.359932372243804
15.779656810756242,0.5822810609596326,0.5989430812518136,32.08442815259629
31.919461398235516,0.06120899906420272,0.7592954028923291,43.95979901745748
31.40127289218136,0.3240946473736821,0.40272300229471303,45.98005220139403
15.147273769808823,0.48704189587254637,0.7101971224018916,25.910487954971362
24.984017760691028,0.47215605715996606,0.13025625119070333,40.375266472955
9.256444979015626,0.14515502866447855,0.14624777448588996,10.431670211150987
23.30019207998072,0.4663557835606971,0.40987443652831196,33.964855930716496
3.4343348191113936,0.2797444063051553,0.26600772867561945,2.559494708811901
17.49725050792068,0.2711414758749728,0.3460154144117262,25.761319252904098
7.472561725216743,0.667205604240989,0.6385575890404267,16.400756329884235
35.358571047242606,0.33754652693457604,0.04272597675380725,47.018442913149144
17.907052555079904,0.42191676325156213,0.5766750674241837,29.01938426020324
23.712795195773886,0.45029828882758305,0.07058341476269243,39.939457577020576
14.543198041134412,0.450397423881293,0.6780008402243363,25.52950410506044
11.691893202544152,0.17049721102669768,0.16151984522854007,14.717581411884261
8.276207365849036,0.4795626905192057,0.5879511362783965,12.501472606788358
36.49248899014738,0.26769888715529566,0.47350351919015127,58.48030974911527
32.01873814059272,0.5240162356769357,0.3084976856582781,49.55778206768725
5.503793548355029,0.11655807917258168,0.21402900033513222,7.210408302311785
29.919650076413568,0.7952924757069356,0.04596745301312728,48.94277597731554
16.857524926058794,0.6176346331627165,0.28270416553040567,28.012897949667387
0.8127868674306802,0.333801146787446,0.16042300528094078,1.0
21.229019350973633,0.24108148069142638,0.10873000316158583,27.273945101726785
5.37584831537767,0.31024162785427667,0.5907984980713074,7.301776147859835
8.555385661125067,0.5769666182190999,0.1700119928105604,19.24000932669397
27.902430264678898,0.5243262396676521,0.17852643817293476,42.99783323017525
10.434253078219603,0.56167400960047,0.27238516140323493,14.49079325081673
35.6971504333043,0.7111993563612314,0.3701225276974154,56.94719223119023
26.35535638528196,0.36503618104832747,0.41097019543176017,38.14877702189242
33.3248826994502,0.5356169187581318,0.5316370150723305,56.33887947164798
24.684543625541323,0.3532063639678946,0.47081763827034184,36.84727882615922
34.78021372267623,0.5104784624959012,0.3853471037813134,53.05625533071236
14.595050065881576,0.37985890957035773,0.3151521717099763,21.636915007439363
22.05579496004607,0.6213309018703145,0.21262896954338759,34.62939781253729
20.732437937684473,0.0042080986269864345,0.5679540909464316,26.28694892906168
36.170870181503226,0.17256876463182547,0.25400105631499814,48.89634889572092
6.763633262622818,0.23715010013059568,0.6796651148207163,11.726545113777986
23.206818374830355,0.756315605000893,0.46892996471038934,44.23778127604643
30.226361530233817,0.4056369703735343,0.5071554228225444,46.52946717794738
14.92798046923968,0.29148150399851297,0.4070321847021867,16.93217114650164
34.72974467971586,0.3234496924909375,0.7428448517216384,57.934396406226604
15.045987729693815,0.36145782674602905,0.3372764548941956,22.368821392138255
7.0976886438574605,0.6942643120911769,0.3415747627350501,12.437025465332807
23.44512454512026,0.7698686925441103,0.714411596617464,48.6212125667781
16.938606799485036,0.6753317117921845,0.4839255367681372,27.853168982411614
0.8045661663437809,0.6733254107351588,0.35931897257931233,4.0744282320512415
2.9795759812414278,0.159212088764369,0.20972089161338472,10.887721355962405
7.972031772222282,0.21494245740980428,0.19603555604153416,10.100135466098589
30.81933238882246,0.4768393444464793,0.6411474510041888,48.81125336763908
35.70317273814318,0.5249099307530488,0.2235728620989761,53.55646570851865
21.916506785766053,0.16216429875686506,0.004590152242692547,24.506999595156007
4.401505408062114,0.597025498197214,0.015568511438658917,8.20568156088297
21.469874299225467,0.15997084233566944,0.7827220892772517,29.305187691595858
34.25309733175841,0.21040851727153137,0.4478703492983555,55.21592469251735
30.029209639079063,0.2454364303852885,0.39121970548751633,41.24978247562769
11.785706915155522,0.6767931331922536,0.7343008552866642,23.923719212644958
5.130846249676641,0.5856671174967066,0.28134991919223423,8.56034136734079
36.047131650537274,0.4245483485793451,0.6359980477241864,60.263576902721944
34.192732115962,0.6557994385079162,0.577447850224111,60.86156157330685
2.3378715327799866,0.6503425978687388,0.3816771858574704,7.413392173790423
32.982244695017656,0.3118664767589787,0.6197055179669528,52.11831298095793
4.069062983840592,0.625149829989936,0.7726227100741099,6.127095493075796
2.7186886094010734,0.16499421760132604,0.16048590062965654,2.9338229749868274
30.392315706421122,0.40258307996440745,0.014007531600817203,51.77812101730905
21.54516275261333,0.0945933843109363,0.6571635250114396,30.030616820567538
16.69901135879469,0.3414355884730064,0.32286965827585096,26.09277014365398
36.17371539984567,0.41629261581375254,0.43552199481200654,53.6763979070645
33.6042821682966,0.06393468633285622,0.17796985658602563,41.84641822406422
2.493414167572853,0.37009020938539994,0.6734310094823017,5.129268508978816
24.720272229258658,0.5213364343681065,0.5769649992581691,41.47385083249724
30.936242647656837,0.4912705877957903,0.7626933025558386,54.73017934702728
22.10952507504309,0.0434831103128456,0.3802014972797474,28.306566369143166
39.32361886323229,0.07627174872656087,0.7812520102086622,52.145079403161446
27.504690684972417,0.28108499676411286,0.4086843143791189,41.15811885927197
4.344891905341607,0.6741485783328846,0.49713767269021797,10.713586207963004
8.092260877598147,0.6958048425338901,0.5393019518573524,15.148071828480676
33.08457572373859,0.24769029576634083,0.39181716457613985,45.13997848365145
39.870915591143145,0.5751136681931651,0.4502241527751396,64.29562826878781
4.113902821521109,0.4619124738813145,0.178645651761192,6.7094789922142235
4.193106850232926,0.7867378070075461,0.2898904465063266,8.14530488423361
30.58280475490268,0.07571512983175338,0.5615945960737986,45.09277085230164
2.7613004123182745,0.4383045937922039,0.031191168014347428,4.068999717440285
2.928692619380929,0.4740301190970031,0.56033049597382,6.052945795560494
35.57489602378457,0.2461348567608929,0.24302051563399074,43.94181294344495
32.05790253027435,0.03756259799317663,0.21746866909937773,38.57967414169059
35.28621535460241,0.04168362855026082,0.5547907714820888,44.185261847931464
26.090433404883594,0.3628944433605106,0.17195613017660502,32.07669002070794
13.036949593166565,0.5539790315551353,0.7693467487114514,25.021512400726778
36.27126497524509,0.560140628642502,0.7925432269704573,70.83648884606808
12.089196293982383,0.14477587977745934,0.36648032628116695,15.330595186609267
11.165331410303002,0.6863777128046291,0.32113466867383444,20.669107348234462
35.4787366838723,0.30172994077579596,0.06322996511898626,44.73497856102871
27.296739181229672,0.7714943215779343,0.6225749470353449,49.86298546797413
35.84774897142786,0.09452770754050946,0.13017919723699042,43.09818490764284
6.404871312308101,0.6691637589083855,0.7464382883808648,10.748725306550318
38.10141255107213,0.7266705225963582,0.7924741911641683,80.89962680127432
24.587137836673016,0.6581404209149851,0.09792782406536925,41.56484426609748
26.787794754918416,0.6470729129597472,0.546404705674166,53.348777772511745
36.57961109699277,0.289048012323956,0.37279359325418177,48.9539614623751
15.353968392846218,0.5706744853767785,0.43291668336841593,28.501281215346484
28.839084788895313,0.46347725280904034,0.14365974372382553,43.15097145883442
25.68555672075446,0.33958330514497476,0.5788167195559311,39.04053118437936
31.552558210865215,0.7944893568429439,0.13329017677209604,51.927884200600595
35.89832311496563,0.23236377451609594,0.7082399821949901,50.5808657470619
27.266422046117764,0.3305152177502273,0.36317969147452867,40.007666976590535
2.8920542692219615,0.7222888298704939,0.5078944794940358,6.368928721264604
7.488985764821253,0.23120662327701932,0.7374328856386633,14.19165760767622
38.168331654229945,0.12214491370283023,0.5903516038420294,47.257849514907505
38.752288840413605,0.24799979973558806,0.43267830675997554,53.68751667170568
38.70304988519483,0.6074493416814328,0.32214211827468797,63.72186255444077
1.6646161359246954,0.6878832077618129,0.36970809759496337,4.40827414856486
15.421437084386845,0.0915559900978889,0.27333844768843146,20.104479944207
30.43497361872224,0.4973701448598613,0.7569470602019241,50.20331034864115
30.164854985581666,0.4538295244757944,0.20228627531811913,42.256305797974
3.6191744170083484,0.5350382284106922,0.3274770260775779,8.549314592787992
24.457657706162852,0.5368450969014368,0.6225791397208607,43.00781127476961
5.886210817926126,0.7675739762132228,0.2914733381008513,12.262653968414401
19.829731448138173,0.2772233667413914,0.7092887171504955,31.734673772742052
9.739490893476635,0.23981353738862304,0.1944581121176391,13.467899595970545
2.3158146350421616,0.4649802286574602,0.025075873367523108,4.573290443861192
3.3847731359590605,0.3435347673909294,0.503000889801495,6.647420889468101
36.453539399250346,0.37900341785006264,0.40660276618810437,52.50469474231294
29.83690937522105,0.05542159480359424,0.7464464639126581,39.232450415621656
37.28659447456343,0.11859374156287439,0.3385058607167694,49.779729062138436
18.905599306875395,0.7482999492742896,0.10847220636655514,33.062710640673195
16.64904145832161,0.05463316133609739,0.26379642979707996,18.553475855483224
14.464610241583403,0.4721164741444967,0.3145694479683385,23.222640335263137
24.72902242287318,0.6036600232143122,0.4665054510606439,44.25345384479611
14.192063601459076,0.009490822752661998,0.21960039287134078,21.181419767241046
29.901674712483842,0.17819851834670786,0.44025065613904407,40.38837863421572
32.092429583391315,0.30165762467950946,0.726436692452771,54.301216498453954
35.05861481848937,0.4054539576549348,0.3389842798388588,45.687534252443974
9.863477023762034,0.27327623580452837,0.521255595150105,13.93576370315587
21.175477561836537,0.51919940651924,0.18311886970063684,33.048229448483305
9.093095745847585,0.18111801380057013,0.641061636036818,20.32408437985216
1.694721772129577,0.0203863491432152,0.21573650428804722,4.831793609903387
28.371447105959536,0.0012568406546033196,0.4638422348044454,34.20471155143088
22.049454702617957,0.2764096095597074,0.24019797578614802,28.14037152119116
29.012305726212727,0.28933023935539776,0.05392188004947762,39.225230615210265
3.687391873980177,0.7588832939092351,0.2557301924488246,7.925042375858426
39.82194192666529,0.03582457001618904,0.1696245285690794,46.841461076243505
39.775072964491876,0.4240520481081449,0.7141390147221033,59.27613594281742
18.706993055039803,0.4622506514110771,0.21292969171051457,26.182966431636572
34.66913686431668,0.5594200095181757,0.7795385454151376,64.96305089320208
9.89402852106116,0.5109876801125285,0.3938766493798922,19.682043019776042
29.555133216687217,0.006511594979154278,0.17685197325411936,29.019635038676853
35.19318910117992,0.5054861387272094,0.3130753065325565,51.894928428888235
32.62371739001499,0.2579103517597857,0.14674489399806986,39.316541811776645
32.50860831399807,0.6182951690782416,0.6669466030763631,62.0336244186907
18.62845995713683,0.15069230890855928,0.09597541544518028,20.73774836174774
32.835599921595154,0.5729645215817435,0.6988222011963307,59.60922364477968
27.690051558247756,0.5003962669512488,0.03673363876167057,37.145161502170595
5.471565646139334,0.5218327082619799,0.23968634522346638,7.835688086015153
4.744539281767901,0.1407581496700434,0.11190937619422146,6.126163258511611
30.922501010198665,0.5353392010659699,0.5482124367365898,52.10899003083492
25.093470733162366,0.589582726913532,0.40985738479443284,40.28855353575106
20.87116946421682,0.39152820899024454,0.7514716582782968,31.028465624661003
36.30901927578336,0.2722925463900362,0.2929446088645193,48.18890927008431
26.451696203474498,0.1332438794305407,0.0325992748003948,31.26044190828677
15.966640454514344,0.23196842008859245,0.6093272505561068,23.70521460031238
16.674485965412114,0.6110626899620168,0.4636005197405739,28.114454073172187
24.288725560539877,0.32752057963700465,0.6619482441955311,38.32659959864553
30.458956330516664,0.5621705935946061,0.34091085765888657,48.63331887489783
22.66126161657514,0.5920730599987895,0.5905449290851605,49.91538015730927
20.44868311232335,0.5393361792994317,0.1368525649195745,32.10409727856088
29.130647965636435,0.5388307389463588,0.7996212438654728,55.69105933184723
28.269529086300043,0.48864656346084123,0.13891757989528716,35.14361821417868
33.24780425641973,0.41473758297097085,0.6638405021270928,50.50537971863835
2.6895610938363173,0.15825334949621583,0.16995053517018094,9.304831212893305
30.247094856862756,0.6742427095374802,0.6260063876753343,54.91416624635514
20.647665947877258,0.7714113379900763,0.6890019336219785,44.87749221732146
3.1727861773194443,0.37318725248013307,0.7013127249678144,4.3874144924012315
27.22459912114688,0.7465910047077247,0.38057475753054115,51.30500981052504
28.718299721277322,0.7983956301786268,0.34305037849330083,51.3552498608288
21.040361347878438,0.3889567300686565,0.6670329041045892,32.438571439769994
31.793199310460558,0.5794842989999744,0.4635913783606513,59.87048798315888
12.1498747234462,0.5150322706004181,0.4970214651908227,19.108050534617576
8.235907297551156,0.18981185280059779,0.18885369696689722,15.531884801010616
14.159211279382482,0.03767155500345503,0.35692561136208534,15.353495116536505
16.520010429179905,0.36268424893956547,0.2955591104534296,24.714810114474428
27.898157375606317,0.6297639979170179,0.5322572472704273,45.03050329131961
33.85169352755346,0.26010773015175753,0.15718662401535682,41.55668163194257
28.892543965131324,0.6275509769545475,0.3246015413778309,46.39078538531365
7.124704850970139,0.5238413455703644,0.6789856471985262,14.153663266558624
14.775439975050242,0.5564330814540698,0.43715654167082585,26.778620715700708
6.504865795221564,0.228592710701912,0.7168351818598495,10.530428574322535
27.53162314241044,0.37603790627443756,0.18602195516534456,36.40951950721505
10.077240753032385,0.14536304002017372,0.35192266927861565,17.98388095243014
21.1103999275035,0.19726442246378115,0.40033297855608413,32.346037248645736
31.71482775914843,0.07188003447393214,0.3204539258449491,39.889481990362675
26.90338314188028,0.10141872503696643,0.5475948498780243,36.10335224286328
12.075284828472281,0.16841078343666924,0.1189758492747763,17.579792877331283
13.448096674530364,0.4641873691006696,0.4155203121374862,23.078147156492076
26.203898606800664,0.35296889563811185,0.11101788038080738,33.51880611021793
22.068816423729775,0.21355161005244963,0.5033579910300439,30.90960600192451
4.036460801307767,0.6888899575181513,0.6641985066195737,6.985037047118737
34.984865253087136,0.4201181530735889,0.015997637354851248,45.714839302352075
20.60200727253442,0.7384875789086349,0.36554897736314756,40.699540304675104
19.03976832525912,0.5079719698220542,0.3941628734482362,31.252481276904202
8.097885597964039,0.012630077222973313,0.5762033685225098,13.800652124258725
15.204353995027382,0.7307805528125562,0.05977594558002863,23.25022642170241
13.446429520140944,0.6859706685446612,0.32481662501607683,25.630614258658806
10.975280176611186,0.5082169782247193,0.6283849849380447,21.52579384671572
22.782781670941567,0.4278188445846544,0.4257156492086995,35.49561746011751
18.598559339155223,0.36234085865486804,0.5998769504906091,27.398463106446137
35.59006787552376,0.38573987661346537,0.2912078242173265,52.89863709473516
37.665490286477,0.6153765126738798,0.7360701455086841,72.33598652250575
8.935042483278016,0.41051328188694863,0.06187620657561191,11.750003403808865
4.184196064934978,0.1408197589619525,0.072931524642238,7.175415681363148
31.456434549212425,0.04654205373839418,0.4227887239272371,40.19227714275752
39.79548386481664,0.10094902102920998,0.37665907922852204,52.45238646713272
34.57128278019534,0.20115288706990891,0.5107740219719212,47.24190430238032
1.1431566043256418,0.29418729715176534,0.18324490779137445,2.3650730253867276
10.200289318117346,0.713932809740167,0.1808226327815005,19.181215592381495
1.9250226262423038,0.1912697857597344,0.599287654215763,3.47956524102791
32.86701920623843,0.2556788464020278,0.23341216056373854,46.203130911747415
23.339997656434186,0.1784116316214191,0.5818333881280018,31.29134536041478
20.64599793844874,0.4365934549649067,0.5125655880636638,30.570722761475132
22.267105303461793,0.4936693570355895,0.0666617226633389,32.584212306158044
10.247560096124326,0.42570202551772857,0.5689037117888592,17.298242542083887
24.14520709172674,0.7614853209735521,0.7036122996847405,48.21292155048908
1.4205457428683936,0.7963024141232995,0.6533170058780979,1.8086022090974985
25.911266614039413,0.6699167918444506,0.007089492711820089,40.23018906402488
29.430466441117463,0.6442369159122419,0.4317711249108991,49.06286008563987
26.986445295730718,0.29284222139968685,0.7306697694187374,43.71705273053857
13.418277228826364,0.4638268049295987,0.4789805393593331,22.646022582628824
33.0852640220762,0.2811779351591081,0.23226085652248127,45.493808067321645
28.678651085275785,0.6274846769389915,0.1556357135998379,46.51955745105723
5.306233452386259,0.1374649112734688,0.5479580234839696,8.075220934207485
7.966739977424938,0.17333737143571445,0.6170031477702984,10.3330354573298
25.556914844493896,0.03095525669624708,0.7300678119339203,36.631602010461556
11.718762115529838,0.4871517386703939,0.7245732668264843,19.5771716026462
4.953431069560231,0.5508306070311656,0.2714241328925728,7.937111021996693
6.36776592736571,0.0026898289851030378,0.4831015452046272,7.080855500717568
6.791563785507945,0.4086286111954005,0.08121534868719503,10.548621815536135
19.21607809137161,0.3014996307918192,0.07557004013103796,25.78342318333776
24.373941046493993,0.6339046254550142,0.05717485344043727,37.831879621402145
7.220810539205715,0.03111259679891472,0.7417153968703297,10.373234318137126
28.557365092456198,0.038852551054462836,0.12194594098199484,34.16368023899093
11.38430177856083,0.49616727898070395,0.3858609587909029,18.11092624248691
12.60001390807964,0.4733110836638112,0.34645789183552583,20.845822084598932
9.09524511874948,0.6648720183984083,0.25981688770132355,17.249625001891378
31.451204210539,0.47381351132588895,0.4301845218811491,45.566015330926426
38.400590550887706,0.7594966628732012,0.0022327123788708826,65.84011967914522
19.801493977388088,0.25150771378753767,0.30411947065567796,30.400905730685754
1.8728195289932894,0.3183371251238402,0.3834752483757233,3.6068779125083568
10.570658793733939,0.7821397332023333,0.6426435089642405,19.34089340086419
6.490401586530073,0.08601939469742251,0.5607707434413163,5.978630211124202
33.74193893711031,0.6367238825570237,0.6798094432143659,64.2594346375698
3.577188699841565,0.009254971728352235,0.30103858821209695,5.5327756528324885
38.665754379397676,0.38921059952268183,0.11272442223791082,59.68009261269183
23.622848309660114,0.12272186989493959,0.32084517114644245,29.380991285360015
20.806043525551694,0.479089362982452,0.770447707140006,35.24782491427356
33.924554772283635,0.6385359757662625,0.17146207524581483,58.10045704710513
1.296395327399955,0.026433841880549827,0.1398042903792506,3.4547309886547963
31.13067942639898,0.1310181812733962,0.7554698209272606,39.22498893390177
4.840841013626958,0.27408830492952196,0.7599384678481703,8.654837781408293
33.6629683378292,0.20463917268453918,0.11938948354393251,42.90906793949827
21.2612135256669,0.3065759118450041,0.6155622892409593,29.979807942363085
2.6329502139316534,0.7614946398539615,0.3437940033486164,6.461602670490908
33.36315254429271,0.0809649019521924,0.39377257280393735,44.63981086122538
1.2871018594358152,0.3386256869326177,0.39895051716651697,3.790338370190095
5.7071535771654185,0.3656730972860663,0.774697248894675,13.291121825189464
31.95341604829983,0.22427364146333018,0.14772889140007087,41.42338194558562
18.70187072954406,0.22280524615005579,0.6184509882022546,27.237667022561524
35.27927043332238,0.5718017293994565,0.004539286687686684,57.567879287912454
25.49008505708512,0.4942750741207862,0.5028880855270446,42.028239916722804
25.016444423942236,0.6502656157865225,0.5221423813592477,41.59172615276191
11.83095722405419,0.3240585779824418,0.6029649675605503,21.63655865616094
5.520484837358995,0.48536882158373845,0.7407698902449004,10.12472562957588
38.454661157687966,0.7148705125460677,0.6030680845245113,69.59718293761776
4.370948027907127,0.6810627773731084,0.5857151886716071,10.26677513166397
21.25462188292799,0.7360187139999672,0.20303001305677998,37.55339119687641
11.048229915224253,0.21518001802257994,0.7942717673371836,16.938668904381117
10.712798410541897,0.7883369476256963,0.3747270487391407,19.57531409138463
23.86453152825196,0.6531119323771333,0.3339600818233785,41.400138526102246
31.957777863718977,0.6358462448330426,0.4015020586216748,54.97807975457747
31.131743416684888,0.5340628807669274,0.31524516460294677,46.75634693088125
34.778307229903426,0.7866143786976524,0.4749100569807636,67.36604334470928
11.85752896891221,0.3532505824371843,0.27969967182802113,17.779333902878314
18.736904992259934,0.5932314438099285,0.19195587915567672,28.297127767350418
0.5715160141569933,0.5590490303908172,0.7423959214365916,2.0320708021398453
29.924933400827346,0.5856711251576525,0.7422627839766496,53.90515114864804
12.233255863262864,0.6011718513354054,0.39699633022455094,21.356040920689956
22.54744262415342,0.15260471289697072,0.7697178751554428,36.465879932387104
6.9381512243741374,0.27924117576192187,0.33257372787548595,11.664292971474204
32.81210038394627,0.313803196660724,0.3099030947732948,47.659732367205116
32.72743432727545,0.5983998511839697,0.7335249085713396,61.17238253109796
35.12262600716763,0.5729983805754435,0.5063336024185391,52.91778938811621
2.0282924848475687,0.6666929641885755,0.6100138959975059,5.235005491011564
39.69985664904554,0.6308153263122689,0.33019506525121706,63.81935386661477
10.06162069469984,0.4768271035115286,0.32560133158081217,18.792987664327377
12.515460704684505,0.11195878918995401,0.06664296390248037,15.830788015591779
10.123562021779755,0.5083642073858922,0.7733951076910186,24.509344898639906
10.847801394987988,0.7096474269099833,0.18236717347368483,17.86645710590129
22.195921972925134,0.514539490711785,0.39541365090714486,39.25644206641175
9.744459663290426,0.7165011428621934,0.09168821747685643,15.597760736468272
15.87209819373611,0.7992424145095196,0.517562890683493,29.19345097894502
26.29314198123997,0.28736178641882637,0.3127003601982137,37.987253811569246
33.47384290239353,0.5786317554782808,0.6141294992739421,58.03623899007882
27.771111710621803,0.43196690608040433,0.422702923590372,45.207720625467964
23.854049222535462,0.3639774405665325,0.10358345214795017,35.06499238420875
6.079596789134534,0.19189366295396892,0.008592406875956816,9.410845059268242
32.68140094134305,0.19673167679674483,0.16995894584024357,36.34095052972561
1.6835405421229395,0.14797782940797682,0.5794771958563646,3.786065688012628
10.714828196765021,0.5051868051991532,0.6628113020806908,18.379854836803197
2.4709448938920553,0.11364247731448246,0.2730680285276916,2.7111197212086386
26.763673228261606,0.34510917585364065,0.4287400569862836,38.89277646573995
14.861169087221874,0.4186665914177553,0.19201063236684482,22.325970069683425
26.151529631553693,0.3505875817511759,0.7043545927359687,43.82452357589447
14.011832180282893,0.6839436107791332,0.7721657167273456,26.403233448705507
18.338481085819865,0.35453548783508826,0.602352018981552,28.575698643009837
18.426848204613997,0.06626567437144208,0.0711093764734649,24.599120546991685
2.014110015968275,0.7937596329381179,0.3496948644951352,5.663497674095816
17.32301574857094,0.6759868728481702,0.7924045453999815,34.94534042024705
25.71436165198506,0.5280347883247999,0.18350786345061182,38.221642395325915
21.932879393802263,0.6050588966468861,0.5363773361403831,41.72274070430282
3.1962938978758326,0.10255255980387529,0.7508507851421253,7.3599490902915905
26.788628230332602,0.6127318352825398,0.6185627106107099,49.511415810615524
12.492737645627384,0.1661991533696761,0.48708812453142314,17.642483475866204
0.7745051506050793,0.3911809036591806,0.4053641271164501,5.750612441045386
6.3927031719529595,0.14238623145942686,0.7430514898696265,8.538997250858513
20.002874361199066,0.6030279714657535,0.3157866936861563,33.31673028100905
12.55398602939673,0.19674710440995755,0.7210151999076425,17.99158028387255
27.83644394739132,0.2025667347933542,0.3448423432060566,37.242680763494995
9.778008327517423,0.08737787947223925,0.6052360190070624,13.709915373161204
30.957287505311708,0.5764851655710974,0.7325711194139815,54.3753413820313
11.6017918194804,0.2366757046247023,0.44051432690257564,16.84227085619983
24.91037556185974,0.41462401056157394,0.24790387866740637,35.35106064039718
32.00881193399697,0.2657948458936314,0.04078937572693944,38.366669972284555
15.545133920021204,0.6197610070577867,0.6474079708038202,31.677881141634494
2.062836684255724,0.18118692519520102,0.4976079365547337,2.1984250044268645
21.510731738143456,0.7526676000371134,0.21043651826039664,36.91067752083723
39.81728064947111,0.25707197991176617,0.7019293225292718,66.45606701606614
38.76587628180116,0.08308129703260053,0.7362422110206411,57.11796041878979
8.996683318977894,0.19224418625194595,0.7097328636103007,14.7811519413136
30.27672107508524,0.05915274325374016,0.48121431868494685,38.43118906058564
13.929082906438623,0.3749909847939399,0.7812652857354347,23.692769879370363
6.578844711287041,0.20020097657877517,0.6998445049614145,12.168875389076902
26.703405083979227,0.7088368355559012,0.08340832395652749,41.93382723663379
20.134575435165402,0.4137028961761171,0.7848847807674755,34.95013066345004
21.661376194695954,0.18669475898342905,0.43904509813588066,30.006815116942235
33.130227956973236,0.36101626392395314,0.7360287228463775,49.03221492709648
13.594438300319437,0.15679541771233946,0.6082731478661455,26.245426942065556
26.750371430315386,0.14298350073993477,0.5180533402843349,34.347006533067066
14.774420385112485,0.2405251761067552,0.2613379053250909,19.373662381489748
1.9004110839010815,0.0866411718151574,0.021624018867467322,2.817506482307154
15.245001271986684,0.15091802952871253,0.22138900195366684,21.26872974507005
38.01137163552456,0.7504374983963376,0.5486562582988764,75.02699475406378
19.433846787118995,0.5334421077579695,0.690491925497264,36.302834116550834
4.507571386107353,0.7368821307658125,0.001877277692383661,6.343315120856453
27.575507809173786,0.205477553174227,0.16637901902945781,36.77104675566036
38.54249811879715,0.685610668640739,0.5384541723216695,67.77156889406042
36.336220812461434,0.28981824548318713,0.22690808345632504,49.38964511449673
22.964041344763917,0.11535598489798851,0.1133622832428924,26.288333629919148
15.17597362507154,0.6437656800033575,0.06554887857881857,19.101782781372965
23.310971206667766,0.047720105490200115,0.5103031974596448,32.86234311973531
32.67405627553013,0.323882271147973,0.4758878536226758,47.72802320275578
34.47724621233448,0.6554517348093148,0.6868908577197355,72.63053456889578
32.78998662070916,0.4937479403572074,0.2518701337962118,53.98547422388791
